Invoice,StockCode,Description,Quantity,InvoiceDate,Price,Customer ID,Country,LineAmount,Year
517482,20754,RETRO RED SPOTTY WASHING UP GLOVES,6,2010-07-29 12:28:00,2.1,17651.0,United Kingdom,12.600000000000001,2010
532642,21875,KINGS CHOICE MUG,1,2010-11-12 17:00:00,3.36,,United Kingdom,3.36,2010
561862,21096,SET/6 FRUIT SALAD  PAPER PLATES,2,2011-07-31 10:38:00,0.39,15569.0,United Kingdom,0.78,2011
575003,21216,"SET 3 RETROSPOT TEA,COFFEE,SUGAR",4,2011-11-08 11:09:00,4.95,15950.0,United Kingdom,19.8,2011
556541,21524,DOORMAT SPOTTY HOME SWEET HOME,2,2011-06-13 12:52:00,7.95,13552.0,United Kingdom,15.9,2011
530420,22327,ROUND SNACK BOXES SET OF 4 SKULLS,6,2010-11-03 09:16:00,2.95,17735.0,United Kingdom,17.700000000000003,2010
531335,84670,JAPANESE CROCHETED ANIMAL,3,2010-11-07 12:36:00,0.42,17931.0,United Kingdom,1.26,2010
513196,71459,HANGING JAM JAR T-LIGHT HOLDER,12,2010-06-22 15:28:00,0.85,13539.0,United Kingdom,10.2,2010
553408,21294,ETCHED GLASS COASTER,48,2011-05-17 09:13:00,0.39,13976.0,United Kingdom,18.72,2011
568556,84347,ROTATING SILVER ANGELS T-LIGHT HLDR,6,2011-09-27 15:35:00,2.55,15827.0,United Kingdom,15.299999999999999,2011
550541,35911A,MULTICOLOUR RABBIT EGG WARMER,2,2011-04-19 11:33:00,0.83,,United Kingdom,1.66,2011
545649,22614,PACK OF 12 SPACEBOY TISSUES,2,2011-03-04 13:14:00,0.29,14995.0,United Kingdom,0.58,2011
526910,22381,TOY TIDY PINK POLKADOT,4,2010-10-13 15:37:00,2.1,15351.0,United Kingdom,8.4,2010
557878,22904,CALENDAR PAPER CUT DESIGN,8,2011-06-23 13:13:00,2.95,16940.0,United Kingdom,23.6,2011
537794,20685,DOORMAT RED RETROSPOT,2,2010-12-08 13:01:00,7.95,16713.0,United Kingdom,15.9,2010
539451,47599A,PINK PARTY BAGS,1,2010-12-17 16:59:00,4.21,,United Kingdom,4.21,2010
535670,22662,LUNCH BAG DOLLY GIRL DESIGN,10,2010-11-28 12:03:00,1.65,15834.0,United Kingdom,16.5,2010
519739,20703,BLUE PADDED SOFT MOBILE,3,2010-08-20 09:39:00,4.25,17699.0,United Kingdom,12.75,2010
553671,23096,PETIT TRAY CHIC,12,2011-05-18 12:37:00,1.65,13659.0,United Kingdom,19.799999999999997,2011
548708,22673,FRENCH GARDEN SIGN BLUE METAL,2,2011-04-03 12:41:00,1.25,13269.0,United Kingdom,2.5,2011
559700,22470,HEART OF WICKER LARGE,150,2011-07-12 09:04:00,3.21,17450.0,United Kingdom,481.5,2011
513200,90011A,MIDNIGHT BLUE CRYSTAL DROP EARRINGS,1,2010-06-22 16:28:00,2.96,,United Kingdom,2.96,2010
511854,21929,JUMBO BAG PINK VINTAGE PAISLEY,30,2010-06-11 08:11:00,1.65,14298.0,United Kingdom,49.5,2010
527046,46000P,POLYESTER FILLER PAD 65CMx65CM,2,2010-10-14 12:46:00,4.25,18037.0,United Kingdom,8.5,2010
560434,22371,AIRLINE BAG VINTAGE TOKYO 78,3,2011-07-18 15:56:00,4.13,,United Kingdom,12.39,2011
580682,21115,ROSE CARAVAN DOORSTOP,8,2011-12-05 15:02:00,1.95,16968.0,United Kingdom,15.6,2011
506146,22217,T-LIGHT HOLDER HANGING LACE,5,2010-04-27 16:45:00,2.51,,United Kingdom,12.549999999999999,2010
552229,21479,WHITE SKULL HOT WATER BOTTLE ,1,2011-05-06 15:40:00,7.46,,United Kingdom,7.46,2011
523855,21011,GLITTER SNOW PEAR TREE DECORATION,6,2010-09-24 12:18:00,1.45,15551.0,United Kingdom,8.7,2010
578814,22493,PAINT YOUR OWN CANVAS SET,2,2011-11-25 13:40:00,1.65,12748.0,United Kingdom,3.3,2011
507025,85025C,PINK HEART SHAPE PHOTO FRAME,4,2010-05-05 14:42:00,3.36,,United Kingdom,13.44,2010
579539,22283,6 EGG HOUSE PAINTED WOOD,2,2011-11-30 10:06:00,7.95,14911.0,EIRE,15.9,2011
519180,22361,GLASS JAR DAISY FRESH COTTON WOOL,1,2010-08-13 14:46:00,5.91,,United Kingdom,5.91,2010
576181,23526,WALL ART DOG LICENCE ,1,2011-11-14 11:19:00,5.95,15572.0,United Kingdom,5.95,2011
523014,72351B,SET/6 PINK  BUTTERFLY T-LIGHTS,1,2010-09-20 10:20:00,4.21,,United Kingdom,4.21,2010
542723,21733,RED HANGING HEART T-LIGHT HOLDER,7,2011-01-31 14:53:00,2.95,17256.0,United Kingdom,20.650000000000002,2011
521646,21703,BAG 125g SWIRLY MARBLES,10,2010-09-07 13:20:00,0.85,,United Kingdom,8.5,2010
523364,22026,BANQUET BIRTHDAY  CARD  ,12,2010-09-21 18:05:00,0.36,17850.0,United Kingdom,4.32,2010
511078,22423,REGENCY CAKESTAND 3 TIER,1,2010-06-06 13:52:00,12.75,16497.0,United Kingdom,12.75,2010
507999,21882,SKULLS TAPE,12,2010-05-12 11:45:00,0.65,12580.0,Germany,7.800000000000001,2010
580669,21326,AGED GLASS SILVER T-LIGHT HOLDER,12,2011-12-05 14:25:00,0.65,15159.0,United Kingdom,7.800000000000001,2011
579283,84991,60 TEATIME FAIRY CAKE CASES,24,2011-11-29 10:45:00,0.55,13883.0,United Kingdom,13.200000000000001,2011
536876,84992,72 SWEETHEART FAIRY CAKE CASES,3,2010-12-03 11:36:00,1.28,,United Kingdom,3.84,2010
490964,22147,FELTCRAFT BUTTERFLY HEARTS,1,2009-12-08 16:09:00,1.45,14646.0,Netherlands,1.45,2009
566270,85111,SILVER GLITTER FLOWER VOTIVE HOLDER,36,2011-09-11 13:40:00,0.29,16523.0,United Kingdom,10.44,2011
508979,22540,MINI JIGSAW CIRCUS PARADE ,2,2010-05-19 11:55:00,0.85,,United Kingdom,1.7,2010
515703,22521,CHILDS GARDEN TROWEL PINK,1,2010-07-14 12:29:00,0.85,14656.0,United Kingdom,0.85,2010
518509,48188,DOORMAT WELCOME PUPPIES,1,2010-08-09 14:39:00,7.49,14498.0,United Kingdom,7.49,2010
565243,22295,HEART FILIGREE DOVE LARGE,24,2011-09-02 10:20:00,1.65,16735.0,United Kingdom,39.599999999999994,2011
576768,23084,RABBIT NIGHT LIGHT,48,2011-11-16 13:13:00,1.79,13408.0,United Kingdom,85.92,2011
525434,21172,PARTY METAL SIGN ,6,2010-10-05 13:19:00,1.45,14064.0,United Kingdom,8.7,2010
489604,22086,PAPER CHAIN KIT 50'S CHRISTMAS ,2,2009-12-01 14:47:00,6.04,,United Kingdom,12.08,2009
501347,21661,VINTAGE GLASS TEA CADDY,3,2010-03-16 10:51:00,5.95,14873.0,United Kingdom,17.85,2010
499777,21265,PINK GOOSE FEATHER TREE 60CM,1,2010-03-02 14:01:00,9.95,12525.0,France,9.95,2010
580469,23002,TRAVEL CARD WALLET SKULLS,2,2011-12-04 12:32:00,0.42,14583.0,United Kingdom,0.84,2011
531251,22575,METAL MERRY CHRISTMAS WREATH,56,2010-11-07 11:06:00,1.95,14882.0,United Kingdom,109.2,2010
580403,23092,LARGE ANTIQUE WHITE PHOTO FRAME,2,2011-12-04 11:56:00,7.9,17858.0,United Kingdom,15.8,2011
528693,22500,SET OF 2 TINS JARDIN DE PROVENCE,1,2010-10-24 13:00:00,4.95,12748.0,United Kingdom,4.95,2010
550622,22303,COFFEE MUG APPLES DESIGN,3,2011-04-19 13:49:00,2.55,13735.0,United Kingdom,7.6499999999999995,2011
505332,82581,TOILET METAL SIGN,3,2010-04-21 12:43:00,0.55,15719.0,United Kingdom,1.6500000000000001,2010
512001,21124,SET/10 BLUE SPOTTY PARTY CANDLES,1,2010-06-11 15:54:00,1.25,17963.0,United Kingdom,1.25,2010
551983,23076,ICE CREAM SUNDAE LIP GLOSS,24,2011-05-05 14:32:00,1.25,17735.0,United Kingdom,30.0,2011
533577,21733,RED HANGING HEART T-LIGHT HOLDER,10,2010-11-18 11:08:00,2.95,17377.0,United Kingdom,29.5,2010
507116,20802,SMALL GLASS SUNDAE DISH CLEAR,4,2010-05-06 11:30:00,3.36,,United Kingdom,13.44,2010
572887,23008,DOLLY GIRL BABY GIFT SET,1,2011-10-26 13:47:00,16.95,12362.0,Belgium,16.95,2011
572884,82580,BATHROOM METAL SIGN,12,2011-10-26 13:44:00,0.55,13924.0,United Kingdom,6.6000000000000005,2011
533065,90013B,BLACK VINTAGE EARRINGS,1,2010-11-15 17:04:00,4.24,,United Kingdom,4.24,2010
495574,21774,DECORATIVE CATS BATHROOM BOTTLE,1,2010-01-25 17:36:00,2.51,,United Kingdom,2.51,2010
564760,23204,CHARLOTTE BAG APPLES DESIGN,1,2011-08-30 10:47:00,1.63,,United Kingdom,1.63,2011
512271,35095A,BLUE VICTORIAN FABRIC OVAL BOX,24,2010-06-14 13:31:00,0.42,15817.0,United Kingdom,10.08,2010
572097,23208,LUNCH BAG VINTAGE LEAF DESIGN,1,2011-10-20 15:30:00,1.65,,United Kingdom,1.65,2011
527054,85099C,JUMBO  BAG BAROQUE BLACK WHITE,1,2010-10-14 13:09:00,1.95,16935.0,United Kingdom,1.95,2010
566207,22532,MAGIC DRAWING SLATE LEAP FROG ,192,2011-09-09 15:02:00,0.27,12830.0,United Kingdom,51.84,2011
524099,21231,SWEETHEART CERAMIC TRINKET BOX,6,2010-09-27 12:24:00,1.25,13448.0,United Kingdom,7.5,2010
516263,21770,OPEN CLOSED METAL SIGN,2,2010-07-19 11:59:00,4.95,17841.0,United Kingdom,9.9,2010
556193,22587,FELTCRAFT HAIRBAND RED AND BLUE,12,2011-06-09 12:04:00,0.85,14132.0,United Kingdom,10.2,2011
564733,22659,LUNCH BOX I LOVE LONDON,1,2011-08-28 13:18:00,1.95,17841.0,United Kingdom,1.95,2011
494495,82600,NO SINGING METAL SIGN,1,2010-01-14 17:43:00,4.21,,United Kingdom,4.21,2010
566605,22907,PACK OF 20 NAPKINS PANTRY DESIGN,3,2011-09-13 16:27:00,0.85,13263.0,United Kingdom,2.55,2011
550500,21165,BEWARE OF THE CAT METAL SIGN ,1,2011-04-18 15:26:00,4.13,,United Kingdom,4.13,2011
502716,84986B,SET OF 36 SILVER PAPER DOILIES,3,2010-03-26 11:20:00,1.45,16779.0,United Kingdom,4.35,2010
551747,37413,ICON MUG REVOLUTIONARY,96,2011-05-04 11:00:00,0.39,14298.0,United Kingdom,37.44,2011
513943,79067,CORONA MEXICAN TRAY,12,2010-06-29 13:13:00,3.75,14040.0,United Kingdom,45.0,2010
558046,22665,RECIPE BOX BLUE SKETCHBOOK DESIGN,6,2011-06-24 13:47:00,2.95,,EIRE,17.700000000000003,2011
527424,22435,SET OF 9 HEART SHAPED BALLOONS,5,2010-10-17 16:08:00,1.25,15068.0,United Kingdom,6.25,2010
489545,21125,SET 6 FOOTBALL CELEBRATION CANDLES,1,2009-12-01 12:22:00,1.25,17804.0,United Kingdom,1.25,2009
524102,84910A,PINK PAISLEY CUSHION COVER ,2,2010-09-27 12:45:00,5.95,17315.0,United Kingdom,11.9,2010
511830,21463,MIRRORED DISCO BALL ,4,2010-06-10 16:58:00,5.95,17858.0,United Kingdom,23.8,2010
514823,22497,SET OF 2 TINS VINTAGE BATHROOM ,4,2010-07-06 12:19:00,4.25,12730.0,Germany,17.0,2010
539958,20914,SET/5 RED RETROSPOT LID GLASS BOWLS,1,2010-12-23 13:26:00,5.91,,United Kingdom,5.91,2010
568400,84818,DANISH ROSE PHOTO FRAME,24,2011-09-27 10:27:00,0.79,13644.0,United Kingdom,18.96,2011
579001,22531,MAGIC DRAWING SLATE CIRCUS PARADE  ,2,2011-11-27 16:19:00,0.42,15555.0,United Kingdom,0.84,2011
577773,23104,IVORY CAFE HANGING LAMP ,3,2011-11-21 15:57:00,12.5,16712.0,United Kingdom,37.5,2011
514165,22088,PAPER BUNTING COLOURED LACE,6,2010-06-30 15:35:00,2.95,12714.0,France,17.700000000000003,2010
560773,22503,CABIN BAG VINTAGE PAISLEY,1,2011-07-20 16:17:00,16.63,,United Kingdom,16.63,2011
555853,22342,HOME GARLAND PAINTED ZINC ,4,2011-06-07 13:44:00,0.75,14375.0,United Kingdom,3.0,2011
578469,22423,REGENCY CAKESTAND 3 TIER,16,2011-11-24 12:36:00,10.95,12471.0,Germany,175.2,2011
498588,22411,JUMBO SHOPPER VINTAGE RED PAISLEY,10,2010-02-21 15:18:00,1.95,12945.0,United Kingdom,19.5,2010
540859,22326,ROUND SNACK BOXES SET OF4 WOODLAND ,3,2011-01-12 10:58:00,2.95,17965.0,United Kingdom,8.850000000000001,2011
508854,21790,VINTAGE SNAP CARDS,1,2010-05-18 15:13:00,1.66,,United Kingdom,1.66,2010
538518,21034,REX CASH+CARRY JUMBO SHOPPER,1,2010-12-12 16:14:00,0.95,14505.0,United Kingdom,0.95,2010
530845,22909,SET OF 20 VINTAGE CHRISTMAS NAPKINS,24,2010-11-04 14:25:00,0.85,14895.0,United Kingdom,20.4,2010
529315,22774,RED DRAWER KNOB ACRYLIC EDWARDIAN,12,2010-10-27 13:29:00,1.25,14911.0,EIRE,15.0,2010
538201,21742,LARGE ROUND WICKER PLATTER ,1,2010-12-10 11:12:00,5.95,15723.0,United Kingdom,5.95,2010
561223,22654,DELUXE SEWING KIT ,3,2011-07-26 09:51:00,5.95,15358.0,United Kingdom,17.85,2011
500118,20725,LUNCH BAG RED SPOTTY,20,2010-03-04 13:39:00,1.65,14680.0,United Kingdom,33.0,2010
542272,22622,BOX OF VINTAGE ALPHABET BLOCKS,4,2011-01-27 09:42:00,9.95,16496.0,United Kingdom,39.8,2011
568654,22557,PLASTERS IN TIN VINTAGE PAISLEY ,12,2011-09-28 12:20:00,1.65,14911.0,EIRE,19.799999999999997,2011
577312,22469,HEART OF WICKER SMALL,24,2011-11-18 13:18:00,1.65,17049.0,United Kingdom,39.599999999999994,2011
577783,22138,BAKING SET 9 PIECE RETROSPOT ,12,2011-11-21 16:20:00,4.95,18139.0,United Kingdom,59.400000000000006,2011
578285,20767,BLUE PAISLEY JOURNAL ,1,2011-11-23 13:57:00,2.55,12748.0,United Kingdom,2.55,2011
547245,21240,BLUE POLKADOT CUP,8,2011-03-22 08:49:00,0.85,14632.0,United Kingdom,6.8,2011
532594,22144,CHRISTMAS CRAFT LITTLE FRIENDS,6,2010-11-12 14:50:00,2.1,15498.0,United Kingdom,12.600000000000001,2010
538071,21912,VINTAGE SNAKES & LADDERS,2,2010-12-09 14:09:00,7.62,,United Kingdom,15.24,2010
578196,85048,15CM CHRISTMAS GLASS BALL 20 LIGHTS,12,2011-11-23 11:43:00,6.95,16168.0,United Kingdom,83.4,2011
494110,21213,PACK OF 72 SKULL CAKE CASES,24,2010-01-11 12:29:00,0.55,12549.0,USA,13.200000000000001,2010
538071,84970S,HANGING HEART ZINC T-LIGHT HOLDER,5,2010-12-09 14:09:00,2.13,,United Kingdom,10.649999999999999,2010
567671,21754,HOME BUILDING BLOCK WORD,1,2011-09-21 15:34:00,11.63,,United Kingdom,11.63,2011
511239,84755,COLOUR GLASS T-LIGHT HOLDER HANGING,32,2010-06-07 12:31:00,0.65,13313.0,United Kingdom,20.8,2010
521488,22498,WOODEN REGATTA BUNTING,1,2010-09-06 13:42:00,12.72,,United Kingdom,12.72,2010
540798,84077,WORLD WAR 2 GLIDERS ASSTD DESIGNS,48,2011-01-11 12:11:00,0.29,17365.0,United Kingdom,13.919999999999998,2011
555567,22993,SET OF 4 PANTRY JELLY MOULDS,6,2011-06-05 15:25:00,1.25,17050.0,United Kingdom,7.5,2011
581407,21068,VINTAGE BILLBOARD LOVE/HATE MUG,3,2011-12-08 13:59:00,1.25,13263.0,United Kingdom,3.75,2011
500745,22378,WALL TIDY RETROSPOT ,10,2010-03-10 09:16:00,2.1,13426.0,United Kingdom,21.0,2010
570791,23343,JUMBO BAG VINTAGE CHRISTMAS ,5,2011-10-12 11:58:00,2.08,17346.0,United Kingdom,10.4,2011
518948,82578,KITCHEN METAL SIGN,12,2010-08-12 15:01:00,0.55,15874.0,United Kingdom,6.6000000000000005,2010
573029,22277,COSMETIC BAG VINTAGE ROSE PAISLEY,3,2011-10-27 13:33:00,2.1,14971.0,United Kingdom,6.300000000000001,2011
569202,37448,CERAMIC CAKE DESIGN SPOTTED MUG,1,2011-09-30 17:22:00,3.29,,United Kingdom,3.29,2011
529766,21724,PANDA AND BUNNIES STICKER SHEET,12,2010-10-29 15:04:00,0.85,14490.0,United Kingdom,10.2,2010
544839,22915,ASSORTED BOTTLE TOP  MAGNETS ,12,2011-02-24 10:50:00,0.42,14841.0,United Kingdom,5.04,2011
542719,84509A,SET OF 4 ENGLISH ROSE PLACEMATS,2,2011-01-31 14:18:00,3.75,17619.0,United Kingdom,7.5,2011
534670,21870,I CAN ONLY PLEASE ONE PERSON MUG,1,2010-11-23 14:06:00,1.25,12577.0,France,1.25,2010
492782,72741,GRAND CHOCOLATECANDLE,4,2009-12-18 17:06:00,8.65,,United Kingdom,34.6,2009
497590,22114,HOT WATER BOTTLE TEA AND SYMPATHY,2,2010-02-10 17:59:00,8.47,,United Kingdom,16.94,2010
576329,21094,SET/6 RED SPOTTY PAPER PLATES,6,2011-11-14 15:22:00,0.83,,United Kingdom,4.9799999999999995,2011
555397,22161,HEART DECORATION RUSTIC HANGING ,4,2011-06-02 17:26:00,0.79,,United Kingdom,3.16,2011
543990,22983,CARD BILLBOARD FONT,12,2011-02-15 09:59:00,0.42,15122.0,United Kingdom,5.04,2011
559506,21715,GIRLS VINTAGE TIN SEASIDE BUCKET,4,2011-07-08 15:17:00,2.46,,United Kingdom,9.84,2011
511134,22624,IVORY KITCHEN SCALES,1,2010-06-07 11:32:00,8.5,17897.0,United Kingdom,8.5,2010
500918,22256,FELT FARM ANIMAL CHICKEN,1,2010-03-11 10:30:00,2.51,,United Kingdom,2.51,2010
522079,22602,CHRISTMAS RETROSPOT HEART WOOD,6,2010-09-12 11:38:00,0.85,15422.0,United Kingdom,5.1,2010
493074,84029C,BROWN FURRY HOT WATER BOTTLE,1,2009-12-22 09:45:00,7.78,,United Kingdom,7.78,2009
507768,82494L,WOODEN FRAME ANTIQUE WHITE ,48,2010-05-11 12:23:00,2.55,16525.0,United Kingdom,122.39999999999999,2010
492425,85031C,CURIOUS IMAGES SCRAP BOOK SET,1,2009-12-16 17:58:00,3.43,,United Kingdom,3.43,2009
566591,47504K,ENGLISH ROSE GARDEN SECATEURS,12,2011-09-13 14:53:00,0.79,16036.0,United Kingdom,9.48,2011
490137,85226A,WHITE/BLUE PULL BACK RACING CAR,6,2009-12-03 19:22:00,0.55,14713.0,United Kingdom,3.3000000000000003,2009
567667,22116,METAL SIGN HIS DINNER IS SERVED,1,2011-09-21 15:24:00,1.63,,United Kingdom,1.63,2011
561005,22930,BAKING MOULD HEART MILK CHOCOLATE,1,2011-07-22 14:53:00,2.55,17961.0,United Kingdom,2.55,2011
497360,84932B,SMALL PINK PEONY FOLDING STOOL,8,2010-02-09 09:17:00,1.95,12437.0,France,15.6,2010
523282,72800D,4 BLUE DINNER CANDLES SILVER FLOCK,2,2010-09-21 11:50:00,2.55,17287.0,United Kingdom,5.1,2010
494586,72484,ROSES IN WHITE HEART CANDLE ,1,2010-01-15 11:36:00,1.25,18106.0,United Kingdom,1.25,2010
490093,84987,SET OF 36 TEATIME PAPER DOILIES,12,2009-12-03 15:56:00,1.45,12949.0,United Kingdom,17.4,2009
504146,85049D,BRIGHT BLUES RIBBONS ,24,2010-04-11 13:10:00,1.25,12481.0,Germany,30.0,2010
574691,22178,VICTORIAN GLASS HANGING T-LIGHT,2,2011-11-06 13:17:00,1.95,14174.0,United Kingdom,3.9,2011
541240,22892,SET OF SALT AND PEPPER TOADSTOOLS,6,2011-01-16 11:07:00,1.25,16206.0,United Kingdom,7.5,2011
493979,21429,RED GINGHAM ROSE JEWELLERY BOX,3,2010-01-10 11:58:00,1.65,17323.0,United Kingdom,4.949999999999999,2010
568988,23377,PACK OF 12 DOLLY GIRL TISSUES,24,2011-09-29 16:38:00,0.39,12718.0,France,9.36,2011
525979,20728,LUNCH BAG CARS BLUE,100,2010-10-08 10:58:00,1.45,13798.0,United Kingdom,145.0,2010
562540,21165,BEWARE OF THE CAT METAL SIGN ,4,2011-08-05 15:38:00,1.69,17400.0,United Kingdom,6.76,2011
511471,85150,LADIES & GENTLEMEN METAL SIGN,1,2010-06-08 13:22:00,2.55,17449.0,United Kingdom,2.55,2010
500901,22473,TV DINNER TRAY VINTAGE PAISLEY,16,2010-03-11 10:05:00,4.25,13093.0,United Kingdom,68.0,2010
550007,23206,LUNCH BAG APPLE DESIGN,100,2011-04-14 10:13:00,1.45,15125.0,United Kingdom,145.0,2011
543821,22925,BLUE GIANT GARDEN THERMOMETER,2,2011-02-14 09:24:00,5.95,17667.0,United Kingdom,11.9,2011
529821,22485,SET OF 2 WOODEN MARKET CRATES,2,2010-10-31 11:32:00,12.75,13677.0,United Kingdom,25.5,2010
537638,22174,PHOTO CUBE,4,2010-12-07 15:28:00,3.36,,United Kingdom,13.44,2010
506959,20903,VINTAGE KEEPSAKE BOX TRAVELOGUE,1,2010-05-05 12:05:00,12.72,,United Kingdom,12.72,2010
562204,35965,FOLKART HEART NAPKIN RINGS,2,2011-08-03 12:54:00,0.79,16324.0,United Kingdom,1.58,2011
568191,22818,CARD CHRISTMAS VILLAGE,24,2011-09-25 14:37:00,0.42,16655.0,United Kingdom,10.08,2011
534410,22835,HOT WATER BOTTLE I AM SO POORLY,4,2010-11-22 14:36:00,4.65,16812.0,United Kingdom,18.6,2010
578306,23382,BOX OF 6 CHRISTMAS CAKE DECORATIONS,4,2011-11-23 15:46:00,3.75,17410.0,United Kingdom,15.0,2011
513793,21899,"KEY FOB , GARAGE DESIGN",6,2010-06-28 15:31:00,0.65,17576.0,United Kingdom,3.9000000000000004,2010
510784,21621,VINTAGE UNION JACK BUNTING,2,2010-06-03 15:48:00,8.5,16202.0,United Kingdom,17.0,2010
548327,21983,PACK OF 12 BLUE PAISLEY TISSUES ,2,2011-03-30 13:05:00,0.29,16788.0,United Kingdom,0.58,2011
566405,22751,FELTCRAFT PRINCESS OLIVIA DOLL,12,2011-09-12 13:41:00,3.75,17919.0,United Kingdom,45.0,2011
565916,22698,PINK REGENCY TEACUP AND SAUCER,6,2011-09-07 16:00:00,2.95,14156.0,EIRE,17.700000000000003,2011
536592,17012F,ORIGAMI SANDLEWOOD INCENSE/CAND SET,1,2010-12-01 17:06:00,2.51,,United Kingdom,2.51,2010
532677,21485,RETROSPOT HEART HOT WATER BOTTLE,24,2010-11-14 12:07:00,4.25,15615.0,United Kingdom,102.0,2010
570428,84378,SET OF 3 HEART COOKIE CUTTERS,3,2011-10-10 14:02:00,1.45,15553.0,United Kingdom,4.35,2011
560033,22910,PAPER CHAIN KIT VINTAGE CHRISTMAS,6,2011-07-14 13:28:00,2.95,12388.0,Australia,17.700000000000003,2011
500695,71477,COLOUR GLASS. STAR T-LIGHT HOLDER,5,2010-03-09 12:48:00,6.77,,United Kingdom,33.849999999999994,2010
575731,22079,RIBBON REEL HEARTS DESIGN ,5,2011-11-10 20:01:00,1.65,13230.0,United Kingdom,8.25,2011
546136,79190D,RETRO PLASTIC DAISY TRAY,2,2011-03-09 16:32:00,0.83,,United Kingdom,1.66,2011
530818,21657,MILK BOTTLE WITH GLASS STOPPER ,1,2010-11-04 13:14:00,6.95,13772.0,United Kingdom,6.95,2010
517093,22662,LUNCH BAG DOLLY GIRL DESIGN,10,2010-07-26 14:32:00,1.65,16351.0,United Kingdom,16.5,2010
503823,15034,PAPER POCKET TRAVELING FAN ,1,2010-04-07 14:59:00,0.81,,United Kingdom,0.81,2010
559993,81953B,ROUND BLUE CLOCK WITH SUCKER,5,2011-07-14 12:42:00,0.19,14716.0,United Kingdom,0.95,2011
514059,21653,GLASS ETCHED T-LIGHT HOLDER LARGE,12,2010-06-30 11:49:00,2.1,17389.0,United Kingdom,25.200000000000003,2010
491454,22139,RETRO SPOT TEA SET CERAMIC 11 PC ,6,2009-12-11 11:17:00,4.95,13077.0,United Kingdom,29.700000000000003,2009
566713,21539,RED RETROSPOT BUTTER DISH,3,2011-09-14 12:05:00,4.95,15933.0,United Kingdom,14.850000000000001,2011
501689,22090,PAPER BUNTING RETRO SPOTS,6,2010-03-18 17:05:00,2.95,15738.0,United Kingdom,17.700000000000003,2010
494479,21506,"FANCY FONT BIRTHDAY CARD, ",12,2010-01-14 15:47:00,0.42,17032.0,United Kingdom,5.04,2010
539453,90042C,FRESHWATER PEARL BRACELET IVORY,1,2010-12-17 17:08:00,2.54,,United Kingdom,2.54,2010
515003,90175C,BLUE GLASS CHUNKY CHARM BRACELET,2,2010-07-07 15:41:00,8.95,16649.0,United Kingdom,17.9,2010
541423,85106,CUT GLASS HEXAGON T-LIGHT HOLDER,5,2011-01-17 17:54:00,1.63,,United Kingdom,8.149999999999999,2011
579787,21558,SKULL LUNCH BOX WITH CUTLERY ,2,2011-11-30 15:33:00,4.96,,United Kingdom,9.92,2011
560712,21931,JUMBO STORAGE BAG SUKI,2,2011-07-20 13:06:00,2.08,14456.0,United Kingdom,4.16,2011
544278,10002,INFLATABLE POLITICAL GLOBE ,12,2011-02-17 12:01:00,0.85,15382.0,United Kingdom,10.2,2011
516892,22097,SWALLOW SQUARE TISSUE BOX,3,2010-07-23 15:09:00,2.51,,United Kingdom,7.529999999999999,2010
526383,22489,PACK OF 12 TRADITIONAL CRAYONS,24,2010-10-11 12:33:00,0.42,14412.0,United Kingdom,10.08,2010
523655,21819,GLITTER CHRISTMAS STAR ,12,2010-09-23 13:26:00,0.85,17504.0,United Kingdom,10.2,2010
492415,22031,BOTANICAL LAVENDER BIRTHDAY CARD,24,2009-12-16 17:06:00,0.42,17428.0,United Kingdom,10.08,2009
554098,20971,PINK BLUE FELT CRAFT TRINKET BOX,2,2011-05-22 13:01:00,1.25,14769.0,United Kingdom,2.5,2011
543530,22625,RED KITCHEN SCALES,1,2011-02-09 12:46:00,16.63,,United Kingdom,16.63,2011
506675,82484,WOOD BLACK BOARD ANT WHITE FINISH,2,2010-05-02 10:24:00,6.45,17243.0,United Kingdom,12.9,2010
532819,22507,MEMO BOARD RETROSPOT  DESIGN,2,2010-11-14 16:19:00,4.95,13230.0,United Kingdom,9.9,2010
571080,23535,WALL ART BICYCLE SAFETY,4,2011-10-13 15:19:00,5.95,13719.0,United Kingdom,23.8,2011
494144,21577,SAVE THE PLANET COTTON TOTE BAG,5,2010-01-11 14:35:00,2.51,,United Kingdom,12.549999999999999,2010
559693,22204,MILK PAN BLUE POLKADOT,1,2011-07-11 16:21:00,3.29,,United Kingdom,3.29,2011
504935,84905,PINK BUTTERFLY CUSHION COVER ,1,2010-04-19 11:19:00,5.06,,United Kingdom,5.06,2010
572726,22909,SET OF 20 VINTAGE CHRISTMAS NAPKINS,12,2011-10-25 15:19:00,0.85,16056.0,United Kingdom,10.2,2011
576617,22645,CERAMIC HEART FAIRY CAKE MONEY BANK,1,2011-11-15 16:57:00,3.29,,United Kingdom,3.29,2011
552880,22722,SET OF 6 SPICE TINS PANTRY DESIGN,4,2011-05-12 09:59:00,3.95,18245.0,United Kingdom,15.8,2011
567864,22654,DELUXE SEWING KIT ,6,2011-09-22 14:10:00,5.95,16236.0,United Kingdom,35.7,2011
538524,16235,RECYCLED PENCIL WITH RABBIT ERASER,6,2010-12-13 09:35:00,0.43,,United Kingdom,2.58,2010
508251,22382,LUNCH BAG SPACEBOY DESIGN ,20,2010-05-14 10:40:00,1.65,13157.0,United Kingdom,33.0,2010
505178,22540,MINI JIGSAW CIRCUS PARADE ,12,2010-04-20 13:48:00,0.42,17861.0,United Kingdom,5.04,2010
574547,84884A,ANT WHITE WIRE HEART SPIRAL,2,2011-11-04 15:08:00,3.95,17841.0,United Kingdom,7.9,2011
549789,23206,LUNCH BAG APPLE DESIGN,10,2011-04-12 12:00:00,1.65,17160.0,United Kingdom,16.5,2011
541421,84051,ASS COLOUR GLOWING TIARAS,2,2011-01-17 17:44:00,1.63,,United Kingdom,3.26,2011
536592,22446,PIN CUSHION BABUSHKA PINK,3,2010-12-01 17:06:00,3.35,,United Kingdom,10.05,2010
502030,37410,BLACK AND WHITE PAISLEY FLOWER MUG,1,2010-03-22 13:11:00,16.13,,United Kingdom,16.13,2010
545232,22267,EASTER DECORATION EGG BUNNY ,12,2011-03-01 10:19:00,1.25,15676.0,United Kingdom,15.0,2011
579196,21154,RED RETROSPOT OVEN GLOVE ,1,2011-11-28 15:54:00,2.46,14096.0,United Kingdom,2.46,2011
489597,21058,PARTY INVITES WOODLAND,3,2009-12-01 14:28:00,1.7,,United Kingdom,5.1,2009
532723,22800,ANTIQUE TALL SWIRLGLASS TRINKET POT,4,2010-11-14 12:58:00,3.75,13167.0,United Kingdom,15.0,2010
539297,22149,FELTCRAFT 6 FLOWER FRIENDS,6,2010-12-16 17:20:00,2.1,17691.0,United Kingdom,12.600000000000001,2010
496703,21224,SET/4 SKULL BADGES,10,2010-02-03 13:22:00,1.25,12396.0,RSA,12.5,2010
539437,22745,POPPY'S PLAYHOUSE BEDROOM ,4,2010-12-17 14:54:00,4.21,,United Kingdom,16.84,2010
528169,20668,DISCO BALL CHRISTMAS DECORATION,48,2010-10-21 09:55:00,0.12,13117.0,United Kingdom,5.76,2010
524723,22492,MINI PAINT SET VINTAGE ,36,2010-09-30 13:57:00,0.65,16214.0,United Kingdom,23.400000000000002,2010
570210,22403,MAGNETS PACK OF 4 VINTAGE LABELS ,1,2011-10-09 10:48:00,0.39,13259.0,United Kingdom,0.39,2011
520212,22423,REGENCY CAKESTAND 3 TIER,1,2010-08-24 17:21:00,12.75,16033.0,United Kingdom,12.75,2010
532105,22219,LOVEBIRD HANGING DECORATION WHITE ,12,2010-11-10 16:25:00,0.85,17521.0,United Kingdom,10.2,2010
578667,84199,GLOW IN DARK DOLPHINS,3,2011-11-24 17:10:00,0.21,15514.0,United Kingdom,0.63,2011
563662,22748,POPPY'S PLAYHOUSE KITCHEN,12,2011-08-18 11:40:00,2.1,12729.0,France,25.200000000000003,2011
551721,20726,LUNCH BAG WOODLAND,1,2011-05-03 16:49:00,1.65,14711.0,United Kingdom,1.65,2011
499858,21846,PINK DIAMANTE PEN IN GIFT BOX,2,2010-03-02 17:04:00,4.21,,United Kingdom,8.42,2010
527048,22666,RECIPE BOX PANTRY YELLOW DESIGN,6,2010-10-14 12:49:00,2.95,15827.0,United Kingdom,17.700000000000003,2010
492774,11001,ASSTD DESIGN RACING CAR PEN,16,2009-12-18 15:46:00,1.69,13781.0,United Kingdom,27.04,2009
499775,17003,BROCADE RING PURSE ,108,2010-03-02 13:50:00,0.21,17011.0,United Kingdom,22.68,2010
517372,22301,COFFEE MUG CAT + BIRD DESIGN,6,2010-07-28 17:04:00,2.55,15353.0,United Kingdom,15.299999999999999,2010
574015,23176,ABC TREASURE BOOK BOX ,3,2011-11-02 12:03:00,2.25,15576.0,United Kingdom,6.75,2011
560937,22549,PICTURE DOMINOES,1,2011-07-22 10:52:00,1.45,17920.0,United Kingdom,1.45,2011
545695,22652,TRAVEL SEWING KIT,2,2011-03-06 14:15:00,1.65,17050.0,United Kingdom,3.3,2011
527819,21591,COSY HOUR CIGAR BOX MATCHES ,12,2010-10-19 11:22:00,1.25,16515.0,United Kingdom,15.0,2010
539475,22899,CHILDREN'S APRON DOLLY GIRL ,3,2010-12-19 14:41:00,2.1,16686.0,United Kingdom,6.300000000000001,2010
497590,21431,GREEN GINGHAM FLOWER JEWELLERY BOX,1,2010-02-10 17:59:00,3.36,,United Kingdom,3.36,2010
561773,20725,LUNCH BAG RED RETROSPOT,1,2011-07-29 12:41:00,1.65,17841.0,United Kingdom,1.65,2011
564731,15036,ASSORTED COLOURS SILK FAN,24,2011-08-28 12:57:00,0.83,16186.0,United Kingdom,19.919999999999998,2011
565234,23300,GARDENERS KNEELING PAD CUP OF TEA ,1,2011-09-02 09:38:00,3.29,,United Kingdom,3.29,2011
535266,22966,GINGERBREAD MAN COOKIE CUTTER,2,2010-11-25 13:32:00,1.25,14159.0,United Kingdom,2.5,2010
534049,21481,FAWN BLUE HOT WATER BOTTLE,12,2010-11-19 17:21:00,2.95,12578.0,Italy,35.400000000000006,2010
512767,84795B,SUNSET CHECK HAMMOCK,2,2010-06-17 16:34:00,7.95,17610.0,United Kingdom,15.9,2010
570027,23034,DRAWER KNOB CERAMIC BLACK,6,2011-10-07 10:41:00,1.45,14844.0,United Kingdom,8.7,2011
515115,21000,ROSE DU SUD COSMETICS BAG,1,2010-07-08 13:07:00,4.25,16383.0,United Kingdom,4.25,2010
578675,22734,SET OF 6 RIBBONS VINTAGE CHRISTMAS,12,2011-11-24 18:13:00,2.89,14756.0,United Kingdom,34.68,2011
490097,84902,PINK KNITTED COW STUFFED TOY,1,2009-12-03 16:09:00,3.75,17329.0,United Kingdom,3.75,2009
518613,22660,DOORMAT I LOVE LONDON,1,2010-08-10 12:37:00,7.49,16713.0,United Kingdom,7.49,2010
494016,21288,STRIPEY CHOCOLATE NESTING BOXES,1,2010-01-11 09:35:00,6.04,,United Kingdom,6.04,2010
555401,22825,DECORATIVE PLANT POT WITH FRIEZE,10,2011-06-02 17:51:00,6.75,14088.0,United Kingdom,67.5,2011
512107,82582,AREA PATROLLED METAL SIGN,12,2010-06-13 13:58:00,2.1,13078.0,United Kingdom,25.200000000000003,2010
532680,84992,72 SWEETHEART FAIRY CAKE CASES,2,2010-11-14 12:31:00,0.55,15547.0,United Kingdom,1.1,2010
558770,22697,GREEN REGENCY TEACUP AND SAUCER,1,2011-07-03 15:19:00,2.95,12748.0,United Kingdom,2.95,2011
579792,22753,SMALL YELLOW BABUSHKA NOTEBOOK ,12,2011-11-30 15:43:00,0.85,12714.0,France,10.2,2011
537199,22557,PLASTERS IN TIN VINTAGE PAISLEY ,1,2010-12-05 14:06:00,1.65,15894.0,United Kingdom,1.65,2010
531436,22197,SMALL POPCORN HOLDER,2,2010-11-08 12:17:00,0.85,16205.0,United Kingdom,1.7,2010
523116,47591B,SCOTTIES CHILDRENS APRON,1,2010-09-20 12:49:00,1.65,16125.0,United Kingdom,1.65,2010
523709,22556,PLASTERS IN TIN CIRCUS PARADE ,24,2010-09-23 15:12:00,1.65,12731.0,France,39.599999999999994,2010
541104,84912B,GREEN ROSE WASHBAG,1,2011-01-13 14:29:00,3.29,,United Kingdom,3.29,2011
566190,21034,REX CASH+CARRY JUMBO SHOPPER,1,2011-09-09 13:20:00,0.95,12748.0,United Kingdom,0.95,2011
518652,21891,TRADITIONAL WOODEN SKIPPING ROPE,1,2010-08-10 13:28:00,1.25,14722.0,United Kingdom,1.25,2010
532614,22383,LUNCH BAG SUKI  DESIGN ,1,2010-11-12 15:21:00,5.06,,United Kingdom,5.06,2010
565386,21382,SET/4 SPRING FLOWER DECORATION,12,2011-09-02 15:48:00,0.75,17997.0,United Kingdom,9.0,2011
553505,23231,WRAP DOILEY DESIGN,25,2011-05-17 13:27:00,0.42,12949.0,United Kingdom,10.5,2011
537781,20963,APPLE BATH SPONGE,2,2010-12-08 12:46:00,1.25,17341.0,United Kingdom,2.5,2010
494451,21217,RED SPOTTY ROUND CAKE TINS,2,2010-01-14 13:50:00,9.95,14527.0,United Kingdom,19.9,2010
521944,21732,RED HANGING METAL STAR TLIGHT HLDR,5,2010-09-09 16:50:00,3.75,17742.0,United Kingdom,18.75,2010
527250,22525,CHILDRENS GARDEN GLOVES PINK,10,2010-10-15 12:28:00,1.25,12445.0,Spain,12.5,2010
554836,85049C,ROMANTIC PINKS RIBBONS ,12,2011-05-26 16:25:00,1.25,13015.0,United Kingdom,15.0,2011
563029,22141,CHRISTMAS CRAFT TREE TOP ANGEL,48,2011-08-11 14:34:00,1.85,18093.0,United Kingdom,88.80000000000001,2011
539447,20719,WOODLAND CHARLOTTE BAG,10,2010-12-17 16:00:00,0.85,12395.0,Belgium,8.5,2010
533956,22736,RIBBON REEL MAKING SNOWMEN ,10,2010-11-19 12:50:00,1.65,12682.0,France,16.5,2010
491970,22310,KNITTED MUG COSY IVORY COLOUR ,3,2009-12-14 18:03:00,3.43,,United Kingdom,10.290000000000001,2009
507409,22357,KINGS CHOICE BISCUIT TIN,4,2010-05-09 13:58:00,4.25,18094.0,United Kingdom,17.0,2010
543604,22960,JAM MAKING SET WITH JARS,6,2011-02-10 13:54:00,4.25,16558.0,United Kingdom,25.5,2011
551137,22907,PACK OF 20 NAPKINS PANTRY DESIGN,3,2011-04-26 13:05:00,0.85,15581.0,United Kingdom,2.55,2011
537638,21801,CHRISTMAS TREE DECORATION WITH BELL,22,2010-12-07 15:28:00,0.43,,United Kingdom,9.459999999999999,2010
574691,22341,LOVE GARLAND PAINTED ZINC ,3,2011-11-06 13:17:00,1.65,14174.0,United Kingdom,4.949999999999999,2011
547243,22673,FRENCH GARDEN SIGN BLUE METAL,2,2011-03-21 16:59:00,1.25,17231.0,United Kingdom,2.5,2011
505342,21557,SET OF 6 FUNKY BEAKERS,6,2010-04-21 13:22:00,2.55,17448.0,United Kingdom,15.299999999999999,2010
565443,23194,GYMKHANA TREASURE BOOK BOX,8,2011-09-04 14:22:00,2.25,12567.0,France,18.0,2011
515905,72038P,PRICE'S CANDLE PEACH,50,2010-07-15 12:50:00,0.21,17783.0,United Kingdom,10.5,2010
555115,48187,DOORMAT NEW ENGLAND,1,2011-05-31 14:58:00,12.46,,United Kingdom,12.46,2011
560723,22540,MINI JIGSAW CIRCUS PARADE ,1,2011-07-20 13:53:00,0.42,16464.0,United Kingdom,0.42,2011
569893,22382,LUNCH BAG SPACEBOY DESIGN ,10,2011-10-06 15:51:00,1.65,12627.0,Germany,16.5,2011
521226,21873,IF YOU CAN'T STAND THE HEAT MUG,1,2010-09-03 10:49:00,1.25,16719.0,United Kingdom,1.25,2010
509870,48138,DOOR MAT UNION FLAG,10,2010-05-26 10:48:00,7.49,13883.0,United Kingdom,74.9,2010
557484,37448,CERAMIC CAKE DESIGN SPOTTED MUG,8,2011-06-20 14:36:00,1.49,14796.0,United Kingdom,11.92,2011
538629,21615,4 LAVENDER BOTANICAL DINNER CANDLES,2,2010-12-13 13:10:00,3.75,17799.0,United Kingdom,7.5,2010
541830,22200,FRYING PAN PINK POLKADOT,1,2011-01-21 17:09:00,8.29,,United Kingdom,8.29,2011
498694,85170C,SET/6 EAU DE NIL BIRD T-LIGHTS,6,2010-02-22 11:42:00,2.1,13787.0,United Kingdom,12.600000000000001,2010
522725,21314,SMALL GLASS HEART TRINKET POT,16,2010-09-16 12:41:00,2.1,17491.0,United Kingdom,33.6,2010
569528,85099B,JUMBO BAG RED RETROSPOT,10,2011-10-04 14:53:00,2.08,16242.0,United Kingdom,20.8,2011
559162,21578,WOODLAND DESIGN  COTTON TOTE BAG,9,2011-07-06 16:29:00,1.63,,United Kingdom,14.669999999999998,2011
511680,22127,PARTY CONES CARNIVAL ASSORTED,24,2010-06-09 15:15:00,1.25,12424.0,Australia,30.0,2010
523719,22742,MAKE YOUR OWN PLAYTIME CARD KIT,6,2010-09-23 16:09:00,2.95,,EIRE,17.700000000000003,2010
556781,22989,SET 2 PANTRY DESIGN TEA TOWELS,12,2011-06-14 12:47:00,3.25,13384.0,United Kingdom,39.0,2011
534497,22633,HAND WARMER UNION JACK,4,2010-11-23 11:00:00,2.1,17811.0,United Kingdom,8.4,2010
504924,20795,LARGE BLUE PROVENCAL CERAMIC BALL,1,2010-04-19 10:49:00,4.21,,United Kingdom,4.21,2010
525585,84991,60 TEATIME FAIRY CAKE CASES,480,2010-10-06 11:43:00,0.4,13027.0,United Kingdom,192.0,2010
513021,22555,PLASTERS IN TIN STRONGMAN,1,2010-06-21 12:05:00,1.65,16815.0,United Kingdom,1.65,2010
516265,22423,REGENCY CAKESTAND 3 TIER,1,2010-07-19 12:07:00,12.75,16782.0,United Kingdom,12.75,2010
556238,85099B,JUMBO BAG RED RETROSPOT,10,2011-06-09 15:35:00,2.08,13397.0,United Kingdom,20.8,2011
580103,22384,LUNCH BAG PINK POLKADOT,10,2011-12-01 15:12:00,1.65,16242.0,United Kingdom,16.5,2011
549372,82486,WOOD S/3 CABINET ANT WHITE FINISH,2,2011-04-08 11:28:00,8.95,14958.0,United Kingdom,17.9,2011
535802,22743,MAKE YOUR OWN FLOWERPOWER CARD KIT,2,2010-11-28 14:57:00,2.95,14030.0,United Kingdom,5.9,2010
579143,84946,ANTIQUE SILVER T-LIGHT GLASS,12,2011-11-28 13:08:00,1.25,13882.0,United Kingdom,15.0,2011
564957,20914,SET/5 RED RETROSPOT LID GLASS BOWLS,6,2011-08-31 13:55:00,2.95,15260.0,United Kingdom,17.700000000000003,2011
546993,22939,APRON APPLE DELIGHT,2,2011-03-18 13:19:00,4.95,17921.0,United Kingdom,9.9,2011
494786,21155,RED SPOTTY PEG BAG,1,2010-01-18 13:24:00,4.21,,United Kingdom,4.21,2010
492226,21158,MOODY GIRL DOOR HANGER ,1,2009-12-15 18:33:00,3.43,,United Kingdom,3.43,2009
519501,84598,BOYS ALPHABET IRON ON PATCHES,288,2010-08-17 14:36:00,0.21,12613.0,Germany,60.48,2010
530709,22383,LUNCH BAG SUKI  DESIGN ,1,2010-11-04 11:29:00,1.65,16887.0,United Kingdom,1.65,2010
577801,23506,MINI PLAYING CARDS SPACEBOY ,20,2011-11-21 17:04:00,0.42,17629.0,United Kingdom,8.4,2011
494378,85096,HILDA CANDY SPOT RABBIT,1,2010-01-13 17:03:00,7.62,,United Kingdom,7.62,2010
581325,23569,TRADTIONAL ALPHABET STAMP SET,4,2011-12-08 11:53:00,4.95,15877.0,United Kingdom,19.8,2011
505396,21218,RED SPOTTY BISCUIT TIN,6,2010-04-22 09:50:00,3.75,16131.0,United Kingdom,22.5,2010
550215,84519A,TOMATO CHARLIE+LOLA COASTER SET,3,2011-04-15 10:43:00,5.79,,United Kingdom,17.37,2011
507359,84033,FLAG OF ST GEORGE ,10,2010-05-07 15:33:00,1.65,17028.0,United Kingdom,16.5,2010
547887,22228,BUNNY WOODEN PAINTED WITH BIRD ,12,2011-03-28 09:30:00,0.85,16245.0,United Kingdom,10.2,2011
495954,84792,ENCHANTED BIRD COATHANGER 5 HOOK,24,2010-01-28 09:00:00,3.81,14828.0,United Kingdom,91.44,2010
495291,16015,MEDIUM CHINESE STYLE SCISSOR,20,2010-01-22 12:51:00,0.5,14274.0,United Kingdom,10.0,2010
500367,22232,JIGSAW TOADSTOOLS 3 PIECE,8,2010-03-08 08:09:00,1.65,12369.0,Austria,13.2,2010
566587,21719,LOVELY BONBON STICKER SHEET,12,2011-09-13 14:30:00,0.85,14132.0,United Kingdom,10.2,2011
502094,22030,SWALLOWS GREETING CARD,12,2010-03-22 17:34:00,0.42,12748.0,United Kingdom,5.04,2010
552734,21533,RETROSPOT LARGE MILK JUG,3,2011-05-11 10:49:00,4.95,17428.0,United Kingdom,14.850000000000001,2011
498261,17084R,ASSORTED INCENSE PACK,5,2010-02-17 14:47:00,0.21,16938.0,United Kingdom,1.05,2010
579690,22982,PANTRY PASTRY BRUSH,1,2011-11-30 14:03:00,1.25,15060.0,United Kingdom,1.25,2011
536161,20727,LUNCH BAG  BLACK SKULL.,5,2010-11-30 12:05:00,1.65,18118.0,United Kingdom,8.25,2010
536488,22087,PAPER BUNTING WHITE LACE,1,2010-12-01 12:31:00,2.95,17897.0,United Kingdom,2.95,2010
511655,22274,FELTCRAFT DOLL EMILY,1,2010-06-09 14:09:00,2.95,14104.0,United Kingdom,2.95,2010
510325,21330,WOODLAND ANIMAL  WRITING SET ,3,2010-05-28 12:52:00,1.65,14395.0,United Kingdom,4.949999999999999,2010
496166,22136,LOVE HEART SOCK HANGER,12,2010-01-29 11:42:00,1.65,13085.0,United Kingdom,19.799999999999997,2010
544681,22628,PICNIC BOXES SET OF 3 RETROSPOT ,1,2011-02-22 16:28:00,9.96,,United Kingdom,9.96,2011
526639,22084,PAPER CHAIN KIT EMPIRE,6,2010-10-12 13:19:00,2.95,16772.0,United Kingdom,17.700000000000003,2010
492051,21485,RED SPOT HEART HOT WATER BOTTLE,24,2009-12-15 12:43:00,4.25,13758.0,United Kingdom,102.0,2009
526153,21484,CHICK GREY HOT WATER BOTTLE,4,2010-10-08 15:30:00,3.45,14911.0,EIRE,13.8,2010
548516,17012D,ORIGAMI ROSE INCENSE/CANDLE SET ,1,2011-03-31 16:28:00,2.46,,United Kingdom,2.46,2011
519198,21901,"KEY FOB , BACK DOOR ",5,2010-08-15 10:28:00,0.65,16104.0,United Kingdom,3.25,2010
577357,79321,CHILLI LIGHTS,24,2011-11-18 15:54:00,4.95,13098.0,United Kingdom,118.80000000000001,2011
508504,20724,RED SPOTTY CHARLOTTE BAG,5,2010-05-16 16:05:00,0.85,13451.0,United Kingdom,4.25,2010
548894,22907,PACK OF 20 NAPKINS PANTRY DESIGN,1,2011-04-04 16:01:00,1.63,,United Kingdom,1.63,2011
501793,37503,TEA TIME CAKE STAND IN GIFT BOX,2,2010-03-19 13:32:00,10.75,15329.0,United Kingdom,21.5,2010
544464,84596F,SMALL MARSHMALLOWS PINK BOWL,1,2011-02-20 14:38:00,1.25,17323.0,United Kingdom,1.25,2011
523911,47570B,TEA TIME TABLE CLOTH,1,2010-09-24 16:06:00,21.23,,United Kingdom,21.23,2010
500881,82494L,WOODEN FRAME ANTIQUE WHITE ,3,2010-03-10 14:49:00,2.95,13305.0,United Kingdom,8.850000000000001,2010
523002,22867,HAND WARMER BIRD DESIGN,6,2010-09-19 16:02:00,2.1,16655.0,United Kingdom,12.600000000000001,2010
529727,21790,VINTAGE SNAP CARDS,1,2010-10-29 14:12:00,1.66,,United Kingdom,1.66,2010
533065,48194,DOORMAT HEARTS,1,2010-11-15 17:04:00,14.43,,United Kingdom,14.43,2010
569672,48187,DOORMAT NEW ENGLAND,2,2011-10-05 13:58:00,8.25,17841.0,United Kingdom,16.5,2011
547886,20685,DOORMAT RED RETROSPOT,2,2011-03-28 09:21:00,7.95,13652.0,United Kingdom,15.9,2011
505199,22029,SPACEBOY BIRTHDAY CARD,12,2010-04-20 16:00:00,0.42,15571.0,United Kingdom,5.04,2010
525204,22620,4 TRADITIONAL SPINNING TOPS,12,2010-10-04 12:37:00,1.25,13360.0,United Kingdom,15.0,2010
559816,22994,TRAVEL CARD WALLET RETROSPOT,2,2011-07-12 16:11:00,0.83,,United Kingdom,1.66,2011
490501,21499,BLUE SPOTS  WRAP,75,2009-12-06 13:49:00,0.42,16710.0,United Kingdom,31.5,2009
537643,22838,3 TIER CAKE TIN RED AND CREAM,1,2010-12-07 15:34:00,29.79,,United Kingdom,29.79,2010
541133,21561,DINOSAUR LUNCH BOX WITH CUTLERY,1,2011-01-14 10:17:00,4.96,,United Kingdom,4.96,2011
508491,21061,PARTY INVITES FOOTBALL,1,2010-05-16 13:22:00,0.85,16686.0,United Kingdom,0.85,2010
552232,21715,GIRLS VINTAGE TIN SEASIDE BUCKET,1,2011-05-06 15:54:00,4.96,,United Kingdom,4.96,2011
502854,21900,"KEY FOB , SHED",1,2010-03-28 14:48:00,0.65,13684.0,United Kingdom,0.65,2010
557502,22422,TOOTHPASTE TUBE PEN,1,2011-06-20 15:32:00,1.25,,United Kingdom,1.25,2011
567873,22580,ADVENT CALENDAR GINGHAM SACK,3,2011-09-22 14:25:00,5.95,13055.0,United Kingdom,17.85,2011
574307,23284,DOORMAT KEEP CALM AND COME IN,2,2011-11-03 16:40:00,8.25,15809.0,United Kingdom,16.5,2011
557878,22666,RECIPE BOX PANTRY YELLOW DESIGN,3,2011-06-23 13:13:00,2.95,16940.0,United Kingdom,8.850000000000001,2011
580305,23191,BUNDLE OF 3 RETRO NOTE BOOKS,1,2011-12-02 14:26:00,1.65,12970.0,United Kingdom,1.65,2011
503179,22080,RIBBON REEL SPOTS DESIGN ,10,2010-03-30 14:05:00,1.65,15122.0,United Kingdom,16.5,2010
577557,23399,HOME SWEET HOME HANGING HEART,2,2011-11-20 15:36:00,0.85,15426.0,United Kingdom,1.7,2011
528159,21495,SKULLS AND CROSSBONES WRAP,25,2010-10-21 07:48:00,0.42,13081.0,United Kingdom,10.5,2010
566035,23408,PHOTO FRAME LINEN AND LACE SMALL,6,2011-09-08 13:17:00,2.08,12839.0,United Kingdom,12.48,2011
530437,22627,MINT KITCHEN SCALES,1,2010-11-03 11:13:00,8.5,15915.0,United Kingdom,8.5,2010
534445,22654,DELUXE SEWING KIT ,1,2010-11-22 15:30:00,5.95,18283.0,United Kingdom,5.95,2010
535795,85232B,SET OF 3 BABUSHKA STACKING TINS,2,2010-11-28 14:40:00,4.95,13634.0,United Kingdom,9.9,2010
500259,84997B,RED 3 PIECE MINI DOTS CUTLERY SET,6,2010-03-05 13:52:00,3.75,17716.0,United Kingdom,22.5,2010
551774,21293,MIRRORED DOVE WALL DECORATION,2,2011-05-04 11:12:00,2.1,14606.0,United Kingdom,4.2,2011
489679,22181,SNOWSTORM PHOTO FRAME FRIDGE MAGNET,12,2009-12-02 10:00:00,0.85,16163.0,United Kingdom,10.2,2009
530646,22156,HEART DECORATION WITH PEARLS ,24,2010-11-04 08:37:00,0.85,15270.0,United Kingdom,20.4,2010
531799,22729,ALARM CLOCK BAKELIKE ORANGE,32,2010-11-09 15:39:00,3.75,13093.0,United Kingdom,120.0,2010
528741,22380,TOY TIDY SPACEBOY  ,2,2010-10-24 14:08:00,2.1,15665.0,United Kingdom,4.2,2010
500472,21181,PLEASE ONE PERSON METAL SIGN,1,2010-03-08 12:44:00,4.21,,United Kingdom,4.21,2010
578843,23487,SWEET HEART CAKE CARRIER,4,2011-11-25 16:13:00,9.95,17813.0,United Kingdom,39.8,2011
492414,47568,ENGLISH ROSE DESIGN PEG BAG,1,2009-12-16 17:01:00,4.3,,United Kingdom,4.3,2009
533547,21621,VINTAGE UNION JACK BUNTING,1,2010-11-17 16:48:00,8.5,16409.0,United Kingdom,8.5,2010
515417,84997B,RED 3 PIECE MINI DOTS CUTLERY SET,6,2010-07-12 13:02:00,3.75,14911.0,EIRE,22.5,2010
541423,20727,LUNCH BAG  BLACK SKULL.,4,2011-01-17 17:54:00,4.13,,United Kingdom,16.52,2011
548860,22920,HERB MARKER BASIL,2,2011-04-04 13:38:00,0.65,13263.0,United Kingdom,1.3,2011
522090,22084,PAPER CHAIN KIT EMPIRE,1,2010-09-12 12:46:00,2.95,16799.0,United Kingdom,2.95,2010
541302,22112,CHOCOLATE HOT WATER BOTTLE,3,2011-01-17 14:18:00,4.95,13769.0,United Kingdom,14.850000000000001,2011
507597,84971S,SMALL HEART FLOWERS HOOK ,24,2010-05-10 13:21:00,0.85,17700.0,United Kingdom,20.4,2010
552659,22745,POPPY'S PLAYHOUSE BEDROOM ,1,2011-05-10 15:03:00,3.29,,United Kingdom,3.29,2011
528577,84380,SET OF 3 BUTTERFLY COOKIE CUTTERS,6,2010-10-22 13:13:00,3.36,,United Kingdom,20.16,2010
547400,85039a,SET/4 RED MINI ROSE CANDLE IN BOWL,2,2011-03-22 16:56:00,3.29,,United Kingdom,6.58,2011
568491,22729,ALARM CLOCK BAKELIKE ORANGE,2,2011-09-27 11:58:00,3.75,15443.0,United Kingdom,7.5,2011
571442,84406B,CREAM CUPID HEARTS COAT HANGER,6,2011-10-17 13:39:00,4.15,17049.0,United Kingdom,24.900000000000002,2011
527719,22055,MINI CAKE STAND  HANGING STRAWBERY,3,2010-10-18 15:27:00,1.65,17143.0,United Kingdom,4.949999999999999,2010
494495,22355,"CHARLOTTE BAG , SUKI DESIGN",2,2010-01-14 17:43:00,1.66,,United Kingdom,3.32,2010
512116,21901,"KEY FOB , BACK DOOR ",3,2010-06-13 14:53:00,0.65,17231.0,United Kingdom,1.9500000000000002,2010
541809,84030e,ENGLISH ROSE HOT WATER BOTTLE,1,2011-01-21 14:59:00,8.29,,United Kingdom,8.29,2011
569870,20777,CHRYSANTHEMUM NOTEBOOK,1,2011-10-06 14:59:00,1.65,12757.0,Portugal,1.65,2011
539752,22423,REGENCY CAKESTAND 3 TIER,2,2010-12-21 15:43:00,12.75,12515.0,Italy,25.5,2010
569472,21136,PAINTED METAL PEARS ASSORTED,11,2011-10-04 12:38:00,1.69,14515.0,United Kingdom,18.59,2011
572913,22818,CARD CHRISTMAS VILLAGE,6,2011-10-26 16:21:00,0.42,15993.0,United Kingdom,2.52,2011
505881,72801c,S/4 ROSE PINK DINNER CANDLES,1,2010-04-26 13:34:00,2.51,,United Kingdom,2.51,2010
532336,71101E,STANDING FAIRY POLE SUPPORT ,12,2010-11-11 15:47:00,0.85,16471.0,United Kingdom,10.2,2010
534054,15056N,EDWARDIAN PARASOL NATURAL,1,2010-11-21 10:38:00,5.95,16746.0,United Kingdom,5.95,2010
518142,21933,PINK VINTAGE PAISLEY PICNIC BAG,2,2010-08-04 16:08:00,3.36,,United Kingdom,6.72,2010
521486,22384,LUNCH BAG PINK RETROSPOT,1,2010-09-06 13:36:00,4.21,,United Kingdom,4.21,2010
556182,21592,RETROSPOT CIGAR BOX MATCHES ,1,2011-06-09 11:35:00,1.25,16892.0,United Kingdom,1.25,2011
574301,22086,PAPER CHAIN KIT 50'S CHRISTMAS ,6,2011-11-03 16:15:00,2.95,12544.0,Spain,17.700000000000003,2011
530066,22375,AIRLINE BAG VINTAGE JET SET BROWN,1,2010-11-01 11:48:00,4.25,17068.0,United Kingdom,4.25,2010
553738,23200,JUMBO BAG PEARS,10,2011-05-19 08:55:00,2.08,17469.0,United Kingdom,20.8,2011
575739,23571,TRADITIONAL NAUGHTS & CROSSES,1,2011-11-11 09:05:00,3.29,,United Kingdom,3.29,2011
568917,23206,LUNCH BAG APPLE DESIGN,10,2011-09-29 14:11:00,1.65,15955.0,United Kingdom,16.5,2011
527486,21624,VINTAGE UNION JACK DOORSTOP,3,2010-10-18 11:42:00,5.95,17167.0,United Kingdom,17.85,2010
559543,84584,PINK GINGHAM CAT WITH SCARF,1,2011-07-10 13:46:00,2.55,17126.0,United Kingdom,2.55,2011
489857,21485,RED SPOT HEART HOT WATER BOTTLE,2,2009-12-02 14:43:00,11.26,,United Kingdom,22.52,2009
508237,22350,CAT BOWL ,4,2010-05-13 19:27:00,2.55,17965.0,United Kingdom,10.2,2010
502588,22090,PAPER BUNTING RETRO SPOTS,3,2010-03-25 12:43:00,2.95,16550.0,United Kingdom,8.850000000000001,2010
516194,21210,SET OF 72 RETRO SPOT PAPER  DOILIES,96,2010-07-19 10:04:00,1.25,13881.0,United Kingdom,120.0,2010
529156,35958,FOLKART ZINC STAR CHRISTMAS DEC,3,2010-10-26 16:47:00,0.85,16549.0,United Kingdom,2.55,2010
508401,22430,ENAMEL WATERING CAN CREAM,2,2010-05-14 15:37:00,4.95,15972.0,United Kingdom,9.9,2010
531352,21929,JUMBO BAG PINK VINTAGE PAISLEY,2,2010-11-07 13:45:00,1.95,13137.0,United Kingdom,3.9,2010
509544,20724,RED SPOTTY CHARLOTTE BAG,10,2010-05-24 12:28:00,0.85,14168.0,United Kingdom,8.5,2010
580983,21949,SET OF 6 STRAWBERRY CHOPSTICKS,1,2011-12-06 16:26:00,2.46,,United Kingdom,2.46,2011
520665,22561,WOODEN SCHOOL COLOURING SET,6,2010-08-27 13:05:00,1.65,13206.0,United Kingdom,9.899999999999999,2010
572308,23569,TRADTIONAL ALPHABET STAMP SET,1,2011-10-23 15:27:00,4.95,12748.0,United Kingdom,4.95,2011
551055,21506,"FANCY FONT BIRTHDAY CARD, ",24,2011-04-26 11:51:00,0.42,15903.0,United Kingdom,10.08,2011
504593,22534,MAGIC DRAWING SLATE SPACEBOY ,48,2010-04-15 10:43:00,0.42,13901.0,United Kingdom,20.16,2010
568675,21929,JUMBO BAG PINK VINTAGE PAISLEY,20,2011-09-28 13:32:00,1.79,14298.0,United Kingdom,35.8,2011
514867,21212,PACK OF 72 RETRO SPOT CAKE CASES,24,2010-07-07 09:49:00,0.55,12583.0,France,13.200000000000001,2010
518202,22178,VICTORIAN GLASS HANGING T-LIGHT,12,2010-08-05 11:33:00,1.25,13089.0,United Kingdom,15.0,2010
568146,22818,CARD CHRISTMAS VILLAGE,48,2011-09-25 11:33:00,0.42,16169.0,United Kingdom,20.16,2011
553544,21559,STRAWBERRY LUNCH BOX WITH CUTLERY,1,2011-05-17 15:36:00,4.96,,United Kingdom,4.96,2011
541870,22530,MAGIC DRAWING SLATE DOLLY GIRL ,2,2011-01-24 09:39:00,0.83,,United Kingdom,1.66,2011
570430,23315,IVORY REFECTORY CLOCK,1,2011-10-10 14:25:00,9.95,15886.0,United Kingdom,9.95,2011
526273,22677,"FRENCH BLUE METAL DOOR SIGN, 2",3,2010-10-11 11:34:00,1.25,16520.0,United Kingdom,3.75,2010
518394,21562,HAWAIIAN GRASS SKIRT ,1,2010-08-08 12:35:00,2.1,14606.0,United Kingdom,2.1,2010
503430,84327A,PINK JUMPER LARRY THE LAMB,6,2010-04-01 07:49:00,2.1,13361.0,United Kingdom,12.600000000000001,2010
538827,22702,BLACK AND WHITE CAT BOWL,24,2010-12-14 12:59:00,0.65,14298.0,United Kingdom,15.600000000000001,2010
523312,22264,FELT FARM ANIMAL WHITE BUNNY ,1,2010-09-21 13:16:00,0.85,15041.0,United Kingdom,0.85,2010
571243,21967,PACK OF 12 SKULL TISSUES,24,2011-10-14 15:26:00,0.39,14595.0,United Kingdom,9.36,2011
540829,84978,HANGING HEART JAR T-LIGHT HOLDER,24,2011-01-11 14:38:00,1.25,13784.0,United Kingdom,30.0,2011
499877,21232,STRAWBERRY CERAMIC TRINKET BOX,12,2010-03-03 09:16:00,1.06,18087.0,United Kingdom,12.72,2010
502771,37492B,BLUE YELLOW FLOWER PIGGY BANK,144,2010-03-26 14:29:00,1.65,13694.0,United Kingdom,237.6,2010
541862,22645,CERAMIC HEART FAIRY CAKE MONEY BANK,4,2011-01-23 16:02:00,1.45,14068.0,United Kingdom,5.8,2011
504936,22294,HEART FILIGREE DOVE  SMALL,2,2010-04-19 11:23:00,2.51,,United Kingdom,5.02,2010
529727,22785,CUSHION COVER PINK UNION FLAG,5,2010-10-29 14:12:00,6.75,,United Kingdom,33.75,2010
567310,21465,PINK FLOWER CROCHET FOOD COVER,2,2011-09-19 13:45:00,3.75,15504.0,United Kingdom,7.5,2011
580133,23247,BISCUIT TIN 50'S CHRISTMAS,2,2011-12-01 18:43:00,2.89,15531.0,United Kingdom,5.78,2011
569687,23355,HOT WATER BOTTLE KEEP CALM,4,2011-10-05 14:53:00,4.95,13709.0,United Kingdom,19.8,2011
563209,21390,FILIGRIS HEART WITH BUTTERFLY,6,2011-08-14 12:23:00,1.25,13527.0,United Kingdom,7.5,2011
554695,20717,STRAWBERRY SHOPPER BAG,12,2011-05-25 17:12:00,1.25,16161.0,United Kingdom,15.0,2011
529133,21992,VINTAGE PAISLEY STATIONERY SET,2,2010-10-26 14:47:00,2.51,,United Kingdom,5.02,2010
574643,21373,MIRRORED WALL ART SNOWFLAKES,6,2011-11-06 11:25:00,0.75,17387.0,United Kingdom,4.5,2011
525037,22282,12 EGG HOUSE PAINTED WOOD,8,2010-10-03 12:40:00,10.95,14911.0,EIRE,87.6,2010
496615,85159B,"WHITE TEA,COFFEE,SUGAR JARS",1,2010-02-03 08:50:00,12.72,,United Kingdom,12.72,2010
572865,22175,PINK OWL SOFT TOY,1,2011-10-26 13:01:00,2.95,17841.0,United Kingdom,2.95,2011
526850,22420,LIPSTICK PEN BABY PINK,12,2010-10-13 12:36:00,0.42,16238.0,United Kingdom,5.04,2010
498524,21923,RED/CREAM STRIPE FRINGE HAMMOCK,2,2010-02-19 13:23:00,7.95,13662.0,United Kingdom,15.9,2010
575929,23353,6 GIFT TAGS VINTAGE CHRISTMAS ,12,2011-11-11 17:23:00,0.83,13310.0,United Kingdom,9.959999999999999,2011
553552,79030G,TUMBLER NEW ENGLAND,24,2011-05-17 16:23:00,0.39,17702.0,United Kingdom,9.36,2011
494480,47570B,TEA TIME TABLE CLOTH,2,2010-01-14 16:16:00,10.65,15768.0,United Kingdom,21.3,2010
567796,22569,FELTCRAFT CUSHION BUTTERFLY,3,2011-09-22 11:46:00,3.75,16395.0,United Kingdom,11.25,2011
497253,21153,RED SPOTTY TABLECLOTH ,1,2010-02-08 12:24:00,10.65,14527.0,United Kingdom,10.65,2010
494663,84970S,HANGING HEART ZINC T-LIGHT HOLDER,12,2010-01-17 14:16:00,0.85,16166.0,United Kingdom,10.2,2010
552229,22308,TEA COSY BLUE STRIPE,1,2011-05-06 15:40:00,4.96,,United Kingdom,4.96,2011
496974,20655,QUEEN OF SKIES LUGGAGE TAG,12,2010-02-05 08:53:00,1.06,14298.0,United Kingdom,12.72,2010
547562,47566,PARTY BUNTING,4,2011-03-24 08:47:00,4.95,16525.0,United Kingdom,19.8,2011
532973,72051S,BAG OF SILVER STONES,8,2010-11-15 13:13:00,0.42,14104.0,United Kingdom,3.36,2010
564855,22161,HEART DECORATION RUSTIC HANGING ,24,2011-08-31 09:10:00,0.19,16746.0,United Kingdom,4.5600000000000005,2011
524125,22555,PLASTERS IN TIN STRONGMAN,12,2010-09-27 14:20:00,1.65,15382.0,United Kingdom,19.799999999999997,2010
536042,21211,SET OF 72 SKULL PAPER  DOILIES,1,2010-11-29 17:35:00,1.45,13955.0,United Kingdom,1.45,2010
540562,20725,LUNCH BAG RED RETROSPOT,20,2011-01-10 10:35:00,1.65,12524.0,Germany,33.0,2011
491159,21411,GINGHAM HEART  DOORSTOP RED,16,2009-12-10 10:27:00,3.75,15311.0,United Kingdom,60.0,2009
550993,22383,LUNCH BAG SUKI DESIGN ,10,2011-04-21 19:51:00,1.65,15810.0,United Kingdom,16.5,2011
492783,79323P,PINK CHERRY LIGHTS,1,2009-12-18 17:15:00,13.87,,United Kingdom,13.87,2009
567970,22367,CHILDRENS APRON SPACEBOY DESIGN,5,2011-09-23 10:02:00,1.95,18041.0,United Kingdom,9.75,2011
494166,35961,FOLKART ZINC HEART CHRISTMAS DEC,3,2010-01-12 09:47:00,1.66,,United Kingdom,4.9799999999999995,2010
561894,22491,PACK OF 12 COLOURED PENCILS,2,2011-07-31 15:00:00,0.85,14456.0,United Kingdom,1.7,2011
493954,82482,WOODEN PICTURE FRAME WHITE FINISH,6,2010-01-08 14:10:00,2.55,18170.0,United Kingdom,15.299999999999999,2010
517298,21977,PACK OF 60 PINK PAISLEY CAKE CASES,48,2010-07-28 10:39:00,0.55,14961.0,United Kingdom,26.400000000000002,2010
534450,22593,CHRISTMAS GINGHAM STAR,12,2010-11-22 16:10:00,0.85,12393.0,Australia,10.2,2010
576329,22608,PENS ASSORTED FUNKY JEWELED ,11,2011-11-14 15:22:00,0.42,,United Kingdom,4.62,2011
532675,84031B,CHARLIE LOLA BLUE HOT WATER BOTTLE ,1,2010-11-14 12:02:00,4.65,,United Kingdom,4.65,2010
515624,84535B,FAIRY CAKES NOTEBOOK A6 SIZE,24,2010-07-14 10:08:00,0.65,16320.0,Unspecified,15.600000000000001,2010
569461,22734,SET OF 6 RIBBONS VINTAGE CHRISTMAS,12,2011-10-04 11:36:00,2.89,16556.0,United Kingdom,34.68,2011
577748,23293,SET OF 12 FAIRY CAKE BAKING CASES,24,2011-11-21 14:24:00,0.83,15159.0,United Kingdom,19.919999999999998,2011
558232,22953,BIRTHDAY PARTY CORDON BARRIER TAPE,2,2011-06-27 14:30:00,1.25,17841.0,United Kingdom,2.5,2011
520821,21121,SET/10 RED SPOTTY PARTY CANDLES,1,2010-08-31 11:58:00,1.25,12804.0,Netherlands,1.25,2010
532826,22536,MAGIC DRAWING SLATE PURDEY,1,2010-11-15 09:32:00,0.85,,United Kingdom,0.85,2010
543461,22502,PICNIC BASKET WICKER SMALL,1,2011-02-08 13:35:00,8.29,,United Kingdom,8.29,2011
512112,21967,PACK OF 12 SKULL TISSUES,12,2010-06-13 14:40:00,0.29,17841.0,United Kingdom,3.4799999999999995,2010
524961,21231,SWEETHEART CERAMIC TRINKET BOX,1,2010-10-01 13:40:00,1.25,15451.0,United Kingdom,1.25,2010
533091,22077,6 RIBBONS RUSTIC CHARM,12,2010-11-16 10:24:00,1.65,14907.0,United Kingdom,19.799999999999997,2010
574338,21212,PACK OF 72 RETROSPOT CAKE CASES,24,2011-11-04 10:05:00,0.55,14150.0,United Kingdom,13.200000000000001,2011
555471,84692,BOX OF 24 COCKTAIL PARASOLS,6,2011-06-03 11:42:00,0.42,16117.0,United Kingdom,2.52,2011
515588,22354,RETROSPOT PADDED SEAT CUSHION,10,2010-07-13 13:11:00,3.75,14156.0,EIRE,37.5,2010
504928,22284,HEN HOUSE DECORATION,1,2010-04-19 10:59:00,3.36,,United Kingdom,3.36,2010
553686,22605,WOODEN CROQUET GARDEN SET,3,2011-05-18 13:58:00,14.95,14911.0,EIRE,44.849999999999994,2011
577358,22115,METAL SIGN EMPIRE TEA,1,2011-11-18 15:59:00,5.79,,United Kingdom,5.79,2011
556917,22545,MINI JIGSAW BUNNIES,240,2011-06-15 13:37:00,0.36,12415.0,Australia,86.39999999999999,2011
553162,84796B,BLUE SAVANNAH PICNIC HAMPER FOR 2,2,2011-05-13 15:53:00,8.29,,United Kingdom,16.58,2011
500236,22378,WALL TIDY RETROSPOT ,5,2010-03-05 11:56:00,2.1,16746.0,United Kingdom,10.5,2010
562264,23159,SET OF 5 PANCAKE DAY MAGNETS,1,2011-08-03 16:14:00,4.13,,United Kingdom,4.13,2011
509533,22090,PAPER BUNTING RETRO SPOTS,2,2010-05-24 12:01:00,5.91,,United Kingdom,11.82,2010
546652,20676,RED RETROSPOT BOWL,1,2011-03-15 14:18:00,2.46,,United Kingdom,2.46,2011
567506,22722,SET OF 6 SPICE TINS PANTRY DESIGN,24,2011-09-20 14:37:00,3.45,13038.0,United Kingdom,82.80000000000001,2011
554663,21931,JUMBO STORAGE BAG SUKI,3,2011-05-25 14:29:00,2.08,14985.0,United Kingdom,6.24,2011
535272,22470,HEART OF WICKER LARGE,4,2010-11-25 13:46:00,2.95,15495.0,United Kingdom,11.8,2010
566914,22918,HERB MARKER PARSLEY,6,2011-09-15 14:08:00,0.65,15466.0,United Kingdom,3.9000000000000004,2011
538827,22887,NUMBER TILE VINTAGE FONT 8,24,2010-12-14 12:59:00,0.42,14298.0,United Kingdom,10.08,2010
510678,15039,SANDALWOOD FAN,20,2010-06-03 08:49:00,0.85,15812.0,United Kingdom,17.0,2010
551739,21713,CITRONELLA CANDLE FLOWERPOT,1,2011-05-04 10:58:00,2.1,18118.0,United Kingdom,2.1,2011
550526,85227,SET OF 6 3D KIT CARDS FOR KIDS,12,2011-04-19 10:40:00,0.85,14309.0,United Kingdom,10.2,2011
528417,22775,DRAWERKNOB ACRYLIC EDWARDIAN PURPLE,24,2010-10-22 09:36:00,1.25,14156.0,EIRE,30.0,2010
533133,20771,CHRYSANTHEMUM  JOURNAL,1,2010-11-16 12:50:00,2.55,15850.0,United Kingdom,2.55,2010
496514,21755,LOVE BUILDING BLOCK WORD,2,2010-02-02 11:57:00,5.95,17377.0,United Kingdom,11.9,2010
525898,20669,RED HEART LUGGAGE TAG,1,2010-10-07 15:33:00,1.25,16072.0,United Kingdom,1.25,2010
503181,22365,DOOR MAT RESPECTABLE HOUSE,2,2010-03-30 14:23:00,7.49,14492.0,United Kingdom,14.98,2010
527420,22413,METAL SIGN TAKE IT OR LEAVE IT ,5,2010-10-17 15:50:00,2.95,16549.0,United Kingdom,14.75,2010
579524,84707A,SILVER JEWELLED MIRROR TRINKET TRAY,2,2011-11-30 08:17:00,9.95,16295.0,United Kingdom,19.9,2011
560926,21012,ANTIQUE ALL GLASS CANDLESTICK,1,2011-07-22 09:20:00,2.46,,United Kingdom,2.46,2011
531387,85049E,SCANDINAVIAN REDS RIBBONS,6,2010-11-08 09:20:00,2.51,,United Kingdom,15.059999999999999,2010
564835,84946,ANTIQUE SILVER T-LIGHT GLASS,2,2011-08-30 12:31:00,2.46,,United Kingdom,4.92,2011
504870,21524,DOOR MAT SPOTTY HOME SWEET HOME,2,2010-04-18 12:33:00,7.49,14532.0,United Kingdom,14.98,2010
548614,22551,PLASTERS IN TIN SPACEBOY,2,2011-04-01 11:47:00,1.65,14419.0,United Kingdom,3.3,2011
564322,20985,HEART CALCULATOR,100,2011-08-24 13:23:00,1.06,13694.0,United Kingdom,106.0,2011
555073,21559,STRAWBERRY LUNCH BOX WITH CUTLERY,2,2011-05-31 11:39:00,2.55,16470.0,United Kingdom,5.1,2011
533338,85177,BASKET OF FLOWERS SEWING KIT,1,2010-11-16 18:18:00,1.66,,United Kingdom,1.66,2010
571033,20934,SET/3 POT PLANT CANDLES,12,2011-10-13 12:46:00,5.45,14251.0,United Kingdom,65.4,2011
526733,22623,BOX OF VINTAGE JIGSAW BLOCKS ,3,2010-10-12 17:53:00,4.95,16975.0,United Kingdom,14.850000000000001,2010
537378,22699,ROSES REGENCY TEACUP AND SAUCER ,12,2010-12-06 13:06:00,2.95,14911.0,EIRE,35.400000000000006,2010
503863,22139,RETRO SPOT TEA SET CERAMIC 11 PC ,3,2010-04-08 11:11:00,4.95,15309.0,United Kingdom,14.850000000000001,2010
554866,21507,"ELEPHANT, BIRTHDAY CARD, ",12,2011-05-27 10:41:00,0.42,13488.0,United Kingdom,5.04,2011
510091,22169,FAMILY ALBUM WHITE PICTURE FRAME,2,2010-05-27 11:28:00,8.5,13874.0,United Kingdom,17.0,2010
522526,22584,PACK OF 6 PANNETONE GIFT BOXES,6,2010-09-15 11:49:00,2.55,16143.0,United Kingdom,15.299999999999999,2010
548893,84536A,ENGLISH ROSE NOTEBOOK A7 SIZE,1,2011-04-04 15:54:00,0.83,,United Kingdom,0.83,2011
581219,46776B,WOVEN BERRIES CUSHION COVER ,2,2011-12-08 09:28:00,4.13,,United Kingdom,8.26,2011
576911,23232,WRAP VINTAGE LEAF DESIGN,25,2011-11-17 10:01:00,0.42,17461.0,United Kingdom,10.5,2011
505985,21174,POTTERING IN THE SHED METAL SIGN,36,2010-04-27 09:41:00,1.4,18102.0,United Kingdom,50.4,2010
538591,21613,S/12 VANILLA  BOTANICAL T-LIGHTS,6,2010-12-13 11:44:00,2.95,14741.0,United Kingdom,17.700000000000003,2010
541592,35646,VINTAGE BEAD PINK EVENING BAG,4,2011-01-19 15:08:00,2.46,,United Kingdom,9.84,2011
519607,21668,RED STRIPE CERAMIC DRAWER KNOB,6,2010-08-18 16:21:00,1.25,14505.0,United Kingdom,7.5,2010
527398,22250,DECORATION  BUTTERFLY  MAGIC GARDEN,2,2010-10-17 13:46:00,0.85,13820.0,United Kingdom,1.7,2010
573343,23083,SET 6 PAPER TABLE LANTERN STARS ,1,2011-10-30 11:59:00,3.75,13566.0,United Kingdom,3.75,2011
529157,21668,RED STRIPE CERAMIC DRAWER KNOB,6,2010-10-26 16:49:00,1.25,13969.0,United Kingdom,7.5,2010
555240,22916,HERB MARKER THYME,1,2011-06-01 13:07:00,0.65,15039.0,United Kingdom,0.65,2011
494018,21349,IVY HEART WREATH,1,2010-01-11 09:37:00,13.87,,United Kingdom,13.87,2010
568536,22558,CLOTHES PEGS RETROSPOT PACK 24 ,24,2011-09-27 14:01:00,1.45,15061.0,United Kingdom,34.8,2011
540828,22082,RIBBON REEL STRIPES DESIGN ,1,2011-01-11 14:36:00,4.21,,United Kingdom,4.21,2011
567873,23163,REGENCY SUGAR TONGS,8,2011-09-22 14:25:00,2.49,13055.0,United Kingdom,19.92,2011
494918,20730,STRAWBERRY CANDY BAG,29,2010-01-19 17:49:00,0.85,,United Kingdom,24.65,2010
565291,22189,CREAM HEART CARD HOLDER,324,2011-09-02 11:53:00,2.31,18102.0,United Kingdom,748.44,2011
504413,22409,MONEY BOX BISCUITS DESIGN,12,2010-04-13 12:27:00,1.25,13089.0,United Kingdom,15.0,2010
564356,23200,JUMBO BAG PEARS,10,2011-08-24 15:47:00,2.08,13969.0,United Kingdom,20.8,2011
532618,21068,VINTAGE BILLBOARD LOVE/HATE MUG,1,2010-11-12 15:23:00,2.51,,United Kingdom,2.51,2010
502779,47505,MINATURE COLOURED GARDENING SET,3,2010-03-26 14:38:00,4.95,16807.0,United Kingdom,14.850000000000001,2010
548872,22963,JAM JAR WITH GREEN LID,12,2011-04-04 14:42:00,0.85,13015.0,United Kingdom,10.2,2011
549251,22382,LUNCH BAG SPACEBOY DESIGN ,2,2011-04-07 12:16:00,1.65,14449.0,United Kingdom,3.3,2011
578672,22536,MAGIC DRAWING SLATE PURDEY,24,2011-11-24 17:43:00,0.42,16668.0,United Kingdom,10.08,2011
573876,84692,BOX OF 24 COCKTAIL PARASOLS,3,2011-11-01 12:48:00,0.42,16360.0,United Kingdom,1.26,2011
553014,23079,TOADSTOOL BEDSIDE LIGHT ,1,2011-05-12 18:49:00,8.95,13451.0,United Kingdom,8.95,2011
545667,22219,LOVEBIRD HANGING DECORATION WHITE ,3,2011-03-04 16:07:00,1.63,,United Kingdom,4.89,2011
553541,22697,GREEN REGENCY TEACUP AND SAUCER,2,2011-05-17 15:33:00,5.79,,United Kingdom,11.58,2011
512827,22087,PAPER BUNTING WHITE LACE,6,2010-06-18 11:34:00,2.95,15981.0,United Kingdom,17.700000000000003,2010
561367,22498,WOODEN REGATTA BUNTING,1,2011-07-26 15:46:00,8.29,,United Kingdom,8.29,2011
494529,22090,PAPER BUNTING RETRO SPOTS,6,2010-01-15 10:45:00,2.95,15738.0,United Kingdom,17.700000000000003,2010
569257,23526,DOG LICENCE WALL ART,36,2011-10-03 11:24:00,3.88,18102.0,United Kingdom,139.68,2011
553726,22971,QUEENS GUARD COFFEE MUG,36,2011-05-18 16:52:00,2.1,16681.0,United Kingdom,75.60000000000001,2011
529990,21614,SET OF 12 ROSE BOTANICAL T-LIGHTS,2,2010-10-31 16:16:00,2.95,14505.0,United Kingdom,5.9,2010
544928,90086,CRYSTAL FROG PHONE CHARM,1,2011-02-24 18:07:00,1.63,,United Kingdom,1.63,2011
555350,22171,3 HOOK PHOTO SHELF ANTIQUE WHITE,2,2011-06-02 12:08:00,8.5,17652.0,United Kingdom,17.0,2011
554695,22630,DOLLY GIRL LUNCH BOX,3,2011-05-25 17:12:00,1.95,16161.0,United Kingdom,5.85,2011
508654,22559,SEASIDE FLYING DISC,24,2010-05-17 15:54:00,1.25,15296.0,United Kingdom,30.0,2010
580722,23084,RABBIT NIGHT LIGHT,24,2011-12-05 17:06:00,1.79,13985.0,United Kingdom,42.96,2011
574740,23316,RED REFECTORY CLOCK ,6,2011-11-06 16:07:00,9.95,12357.0,Switzerland,59.699999999999996,2011
516778,20976,12 PENCILS SMALL TUBE POSY,2,2010-07-22 19:56:00,0.65,17602.0,United Kingdom,1.3,2010
533381,22548,HEADS AND TAILS SPORTING FUN,1,2010-11-17 10:55:00,1.25,14417.0,United Kingdom,1.25,2010
540468,84968A,SET OF 16 VINTAGE ROSE CUTLERY,1,2011-01-07 13:55:00,8.47,,United Kingdom,8.47,2011
534656,22155,STAR DECORATION RUSTIC,22,2010-11-23 13:36:00,0.42,13869.0,United Kingdom,9.24,2010
536984,22866,HAND WARMER SCOTTY DOG DESIGN,4,2010-12-03 14:35:00,2.1,17841.0,United Kingdom,8.4,2010
518543,22139,RETRO SPOT TEA SET CERAMIC 11 PC ,3,2010-08-09 18:20:00,4.95,17314.0,United Kingdom,14.850000000000001,2010
506456,84991,60 TEATIME FAIRY CAKE CASES,4,2010-04-29 19:08:00,0.55,15015.0,United Kingdom,2.2,2010
520665,20941,FROG CANDLE,12,2010-08-27 13:05:00,1.25,13206.0,United Kingdom,15.0,2010
525060,22219,LOVEBIRD HANGING DECORATION WHITE ,3,2010-10-03 14:13:00,0.85,14462.0,United Kingdom,2.55,2010
566851,22273,FELTCRAFT DOLL MOLLY,4,2011-09-15 12:16:00,2.95,15573.0,United Kingdom,11.8,2011
567853,82484,WOOD BLACK BOARD ANT WHITE FINISH,2,2011-09-22 13:31:00,7.95,15484.0,United Kingdom,15.9,2011
491894,35004C,SET OF 3 COLOURED  FLYING DUCKS,12,2009-12-14 15:18:00,4.65,14062.0,United Kingdom,55.800000000000004,2009
546890,22851,SET 20 NAPKINS FAIRY CAKES DESIGN ,12,2011-03-17 18:18:00,0.85,13394.0,United Kingdom,10.2,2011
490408,79323P,PINK CHERRY LIGHTS,4,2009-12-06 11:33:00,5.45,17850.0,United Kingdom,21.8,2009
539437,22531,MAGIC DRAWING SLATE CIRCUS PARADE  ,1,2010-12-17 14:54:00,0.85,,United Kingdom,0.85,2010
580272,85130C,BEADED CRYSTAL HEART BLUE  LARGE,3,2011-12-02 12:52:00,0.79,15547.0,United Kingdom,2.37,2011
561632,22983,CARD BILLBOARD FONT,24,2011-07-28 14:30:00,0.42,15639.0,United Kingdom,10.08,2011
490871,40016,CHINESE DRAGON PAPER LANTERNS,24,2009-12-08 12:54:00,0.42,15456.0,United Kingdom,10.08,2009
578850,22094,RED RETROSPOT TISSUE BOX,8,2011-11-27 10:47:00,0.39,13571.0,United Kingdom,3.12,2011
580396,23240,SET OF 4 KNICK KNACK TINS DOILY ,1,2011-12-04 11:00:00,4.15,13838.0,United Kingdom,4.15,2011
548522,20969,RED FLORAL FELTCRAFT SHOULDER BAG,1,2011-03-31 16:43:00,7.46,,United Kingdom,7.46,2011
506118,22230,JIGSAW TREE WITH WATERING CAN,12,2010-04-27 14:10:00,0.85,17709.0,United Kingdom,10.2,2010
563613,22328,ROUND SNACK BOXES SET OF 4 FRUITS ,12,2011-08-18 08:49:00,2.95,12688.0,Israel,35.400000000000006,2011
544098,21708,FOLDING UMBRELLA CREAM POLKADOT,4,2011-02-16 10:04:00,4.95,16019.0,United Kingdom,19.8,2011
570282,21257,VICTORIAN SEWING BOX MEDIUM,2,2011-10-10 11:20:00,7.95,13473.0,United Kingdom,15.9,2011
546007,22241,GARLAND WOODEN HAPPY EASTER,4,2011-03-08 15:34:00,2.46,,United Kingdom,9.84,2011
544790,85123A,WHITE HANGING HEART T-LIGHT HOLDER,6,2011-02-23 12:27:00,2.95,16940.0,United Kingdom,17.700000000000003,2011
515319,22413,METAL SIGN TAKE IT OR LEAVE IT ,1,2010-07-11 12:00:00,2.95,17085.0,United Kingdom,2.95,2010
544835,72807A,SET/3 ROSE CANDLE IN JEWELLED BOX,4,2011-02-24 10:15:00,4.25,17830.0,United Kingdom,17.0,2011
503067,22032,BOTANICAL LILY GREETING CARD,12,2010-03-30 09:47:00,0.42,14911.0,EIRE,5.04,2010
560209,23050,RECYCLED ACAPULCO MAT GREEN,1,2011-07-15 14:05:00,8.25,15004.0,United Kingdom,8.25,2011
564173,23239,SET OF 4 KNICK KNACK TINS POPPIES,6,2011-08-23 14:23:00,4.15,12567.0,France,24.900000000000002,2011
578977,85032B,BLOSSOM IMAGES GIFT WRAP SET,1,2011-11-27 15:18:00,0.65,17231.0,United Kingdom,0.65,2011
579962,84970S,HANGING HEART ZINC T-LIGHT HOLDER,12,2011-12-01 11:12:00,0.85,14243.0,United Kingdom,10.2,2011
578022,47594A,CAROUSEL DESIGN WASHBAG,1,2011-11-22 13:25:00,1.95,17371.0,United Kingdom,1.95,2011
566787,22077,6 RIBBONS RUSTIC CHARM,3,2011-09-15 10:31:00,4.13,,United Kingdom,12.39,2011
564835,22841,ROUND CAKE TIN VINTAGE GREEN,1,2011-08-30 12:31:00,15.79,,United Kingdom,15.79,2011
564896,21983,PACK OF 12 BLUE PAISLEY TISSUES ,24,2011-08-31 11:06:00,0.29,13726.0,United Kingdom,6.959999999999999,2011
500368,85206B,PINK FELT EASTER EGG BASKET,12,2010-03-08 08:33:00,1.65,14493.0,United Kingdom,19.799999999999997,2010
555539,22219,LOVEBIRD HANGING DECORATION WHITE ,5,2011-06-05 12:44:00,0.85,14472.0,United Kingdom,4.25,2011
544812,23002,TRAVEL CARD WALLET SKULLS,2,2011-02-23 15:58:00,0.83,,United Kingdom,1.66,2011
559350,21746,SMALL RED RETROSPOT WINDMILL,12,2011-07-07 17:35:00,1.25,16842.0,United Kingdom,15.0,2011
498114,21949,SET OF 6 STRAWBERRY CHOPSTICKS,6,2010-02-16 14:32:00,1.25,15311.0,United Kingdom,7.5,2010
569544,22179,SET 10 NIGHT OWL LIGHTS,1,2011-10-04 16:33:00,13.29,,United Kingdom,13.29,2011
574477,23399,HOME SWEET HOME HANGING HEART,1,2011-11-04 12:21:00,0.85,15453.0,United Kingdom,0.85,2011
491700,22247,BUNNY DECORATION MAGIC GARDEN,5,2009-12-13 13:39:00,0.85,17802.0,United Kingdom,4.25,2009
537226,22927,GREEN GIANT GARDEN THERMOMETER,2,2010-12-06 08:34:00,5.95,15987.0,United Kingdom,11.9,2010
549360,84879,ASSORTED COLOUR BIRD ORNAMENT,8,2011-04-08 11:23:00,1.69,17035.0,United Kingdom,13.52,2011
539437,84596E,SMALL LICORICE DES PINK BOWL,1,2010-12-17 14:54:00,2.51,,United Kingdom,2.51,2010
572752,48188,DOORMAT WELCOME PUPPIES,2,2011-10-25 17:22:00,8.25,17449.0,United Kingdom,16.5,2011
540265,22607,WOODEN ROUNDERS GARDEN SET ,2,2011-01-06 10:46:00,9.95,15271.0,United Kingdom,19.9,2011
544040,85150,LADIES & GENTLEMEN METAL SIGN,1,2011-02-15 11:40:00,2.55,14701.0,United Kingdom,2.55,2011
542115,15056p,EDWARDIAN PARASOL PINK,1,2011-01-25 14:01:00,12.46,,United Kingdom,12.46,2011
529582,22561,WOODEN SCHOOL COLOURING SET,24,2010-10-28 19:20:00,1.65,14481.0,United Kingdom,39.599999999999994,2010
499155,15056BL,EDWARDIAN PARASOL BLACK,1,2010-02-24 16:42:00,5.95,17358.0,United Kingdom,5.95,2010
559337,22848,BREAD BIN DINER STYLE PINK,1,2011-07-07 16:27:00,33.29,,United Kingdom,33.29,2011
580808,22500,SET OF 2 TINS JARDIN DE PROVENCE,6,2011-12-06 11:24:00,1.25,16133.0,United Kingdom,7.5,2011
510410,84762B,PINK PICNIC BARBECUE BUCKET,1,2010-05-28 17:25:00,8.47,,United Kingdom,8.47,2010
503869,22545,MINI JIGSAW BUNNIES,48,2010-04-08 11:20:00,0.42,17677.0,United Kingdom,20.16,2010
538849,20749,ASSORTED COLOUR MINI CASES,1,2010-12-14 13:31:00,7.95,14415.0,United Kingdom,7.95,2010
548522,20717,STRAWBERRY SHOPPER BAG,1,2011-03-31 16:43:00,2.46,,United Kingdom,2.46,2011
546367,22442,GROW YOUR OWN FLOWERS SET OF 3,2,2011-03-11 11:38:00,7.95,15513.0,United Kingdom,15.9,2011
496551,21429,RED GINGHAM ROSE JEWELLERY BOX,2,2010-02-02 13:13:00,1.65,13975.0,United Kingdom,3.3,2010
495070,37333,"RETRO ""TEA FOR ONE"" ",1,2010-01-20 17:50:00,11.02,,United Kingdom,11.02,2010
549044,85099C,JUMBO  BAG BAROQUE BLACK WHITE,10,2011-04-06 09:11:00,1.95,16161.0,United Kingdom,19.5,2011
558904,22697,GREEN REGENCY TEACUP AND SAUCER,2,2011-07-04 16:18:00,5.79,,United Kingdom,11.58,2011
534704,84978,HANGING HEART JAR T-LIGHT HOLDER,12,2010-11-23 16:30:00,1.25,16003.0,United Kingdom,15.0,2010
520771,22379,RECYCLING BAG RETROSPOT ,13,2010-08-31 11:20:00,5.06,,United Kingdom,65.78,2010
552282,23126,FELTCRAFT GIRL AMELIE KIT,2,2011-05-08 12:44:00,4.95,14040.0,United Kingdom,9.9,2011
531387,21890,S/6 WOODEN SKITTLES IN COTTON BAG,2,2010-11-08 09:20:00,5.91,,United Kingdom,11.82,2010
576391,79321,CHILLI LIGHTS,7,2011-11-15 10:13:00,12.46,,United Kingdom,87.22,2011
581496,22632,HAND WARMER RED RETROSPOT,12,2011-12-09 10:20:00,2.1,16558.0,United Kingdom,25.200000000000003,2011
523922,22737,RIBBON REEL CHRISTMAS PRESENT ,10,2010-09-24 16:24:00,1.65,13141.0,United Kingdom,16.5,2010
498114,20723,STRAWBERRY CHARLOTTE BAG,100,2010-02-16 14:32:00,0.72,15311.0,United Kingdom,72.0,2010
572216,22469,HEART OF WICKER SMALL,2,2011-10-21 12:56:00,1.65,16015.0,United Kingdom,3.3,2011
539434,22246,MAGIC GARDEN FELT GARLAND ,2,2010-12-17 14:41:00,4.21,,United Kingdom,8.42,2010
526638,20735,BLACK MINI TAPE MEASURE ,2,2010-10-12 13:19:00,0.85,,United Kingdom,1.7,2010
547035,21714,CITRONELLA CANDLE GARDEN POT,12,2011-03-20 10:33:00,1.25,13911.0,United Kingdom,15.0,2011
505709,21672,WHITE SPOT RED CERAMIC DRAWER KNOB,2,2010-04-25 12:34:00,1.25,13050.0,United Kingdom,2.5,2010
519708,22029,SPACEBOY BIRTHDAY CARD,12,2010-08-19 14:49:00,0.42,12870.0,United Kingdom,5.04,2010
493878,84375,SET OF 20 KIDS COOKIE CUTTERS,12,2010-01-08 09:08:00,1.95,14769.0,United Kingdom,23.4,2010
491043,21314,SMALL GLASS HEART TRINKET POT,2,2009-12-09 09:51:00,4.3,,United Kingdom,8.6,2009
536392,22338,STAR DECORATION PAINTED ZINC ,24,2010-12-01 10:29:00,0.65,13705.0,United Kingdom,15.600000000000001,2010
496487,21741,COSY SLIPPER SHOES LARGE GREEN,1,2010-02-01 17:13:00,5.91,,United Kingdom,5.91,2010
547547,21935,SUKI  SHOULDER BAG,3,2011-03-23 15:30:00,3.29,,United Kingdom,9.870000000000001,2011
498511,22061,LARGE CAKE STAND  HANGING STRAWBERY,4,2010-02-19 12:02:00,9.95,13604.0,United Kingdom,39.8,2010
557221,22585,PACK OF 6 BIRDY GIFT TAGS,1,2011-06-17 13:01:00,1.25,16869.0,United Kingdom,1.25,2011
521798,20725,LUNCH BAG RED SPOTTY,10,2010-09-08 14:14:00,1.65,15615.0,United Kingdom,16.5,2010
559715,22621,TRADITIONAL KNITTING NANCY,24,2011-07-12 10:47:00,1.65,14132.0,United Kingdom,39.599999999999994,2011
526631,85049E,SCANDINAVIAN REDS RIBBONS,12,2010-10-12 13:03:00,1.25,15738.0,United Kingdom,15.0,2010
560942,20719,WOODLAND CHARLOTTE BAG,6,2011-07-22 11:31:00,0.85,15005.0,United Kingdom,5.1,2011
566198,22169,FAMILY ALBUM WHITE PICTURE FRAME,8,2011-09-09 13:58:00,7.65,18109.0,United Kingdom,61.2,2011
553940,23205,CHARLOTTE BAG VINTAGE ALPHABET ,10,2011-05-20 10:36:00,0.85,14112.0,United Kingdom,8.5,2011
571418,22469,HEART OF WICKER SMALL,2,2011-10-17 12:35:00,1.65,16412.0,United Kingdom,3.3,2011
534179,21056,DOCTOR'S BAG SOFT TOY,1,2010-11-21 13:48:00,8.95,13484.0,United Kingdom,8.95,2010
539437,10135,COLOURING PENCILS BROWN TUBE,1,2010-12-17 14:54:00,2.51,,United Kingdom,2.51,2010
551440,22332,SKULLS PARTY BAG + STICKER SET,2,2011-04-28 15:29:00,1.65,15311.0,United Kingdom,3.3,2011
504890,21524,DOOR MAT SPOTTY HOME SWEET HOME,1,2010-04-18 13:53:00,7.49,14415.0,United Kingdom,7.49,2010
574076,22156,HEART DECORATION WITH PEARLS ,2,2011-11-02 15:38:00,1.63,,United Kingdom,3.26,2011
533027,22743,MAKE YOUR OWN FLOWERPOWER CARD KIT,42,2010-11-15 16:02:00,6.95,,United Kingdom,291.90000000000003,2010
569220,23201,JUMBO BAG ALPHABET,1,2011-10-02 13:26:00,2.08,16007.0,United Kingdom,2.08,2011
570488,22807,SET OF 6 T-LIGHTS TOADSTOOLS,1,2011-10-10 17:12:00,5.79,14096.0,United Kingdom,5.79,2011
562838,22461,SAVOY ART DECO CLOCK,6,2011-08-09 15:59:00,3.95,13162.0,United Kingdom,23.700000000000003,2011
491452,22303,COFFEE MUG APPLES DESIGN,2,2009-12-11 11:10:00,2.55,17238.0,United Kingdom,5.1,2009
580876,22185,SLATE TILE NATURAL HANGING,2,2011-12-06 12:12:00,0.79,14071.0,United Kingdom,1.58,2011
516168,62096A,PINK/YELLOW FLOWERS HANDBAG,2,2010-07-18 13:22:00,1.25,15547.0,United Kingdom,2.5,2010
552295,21844,RED RETROSPOT MUG,6,2011-05-08 14:08:00,2.95,14224.0,United Kingdom,17.700000000000003,2011
522723,22356,CHARLOTTE BAG PINK WITH WHITE SPOTS,1,2010-09-16 12:27:00,0.85,14701.0,United Kingdom,0.85,2010
490063,85053,FRENCH ENAMEL CANDLEHOLDER,2,2009-12-03 13:49:00,2.1,17271.0,United Kingdom,4.2,2009
520363,21100,CHARLIE AND LOLA CHARLOTTE BAG,1,2010-08-25 14:04:00,3.36,,United Kingdom,3.36,2010
511314,21323,HANGING MEDINA LANTERN LARGE,1,2010-06-07 16:39:00,4.25,14606.0,United Kingdom,4.25,2010
507847,20652,BLUE SPOTTY LUGGAGE TAG ,12,2010-05-11 14:40:00,1.25,16307.0,United Kingdom,15.0,2010
528130,22776,SWEETHEART CAKESTAND 3 TIER,1,2010-10-20 14:59:00,9.95,13723.0,United Kingdom,9.95,2010
516856,20717,STRAWBERRY SHOPPER BAG,1,2010-07-23 12:02:00,1.25,,United Kingdom,1.25,2010
530750,21363,HOME SMALL WOOD LETTERS,1,2010-11-04 11:55:00,4.95,16782.0,United Kingdom,4.95,2010
491043,72799B,PURPLE PILLAR CANDLE BLACK FLOCK,1,2009-12-09 09:51:00,6.04,,United Kingdom,6.04,2009
514397,21213,PACK OF 72 SKULL CAKE CASES,24,2010-07-02 12:13:00,0.55,16779.0,United Kingdom,13.200000000000001,2010
562034,23229,VINTAGE DONKEY TAIL GAME ,6,2011-08-02 09:14:00,3.75,12449.0,Belgium,22.5,2011
490938,16161E,WRAP BOUDOIR ,25,2009-12-08 13:59:00,0.1,14605.0,United Kingdom,2.5,2009
533562,22670,FRENCH WC SIGN BLUE METAL,12,2010-11-18 10:08:00,1.25,18066.0,United Kingdom,15.0,2010
550179,22189,CREAM HEART CARD HOLDER,4,2011-04-14 17:29:00,3.95,15220.0,United Kingdom,15.8,2011
523324,21807,WHITE CHRISTMAS STAR DECORATION,36,2010-09-21 14:12:00,0.42,17438.0,United Kingdom,15.12,2010
562290,23298,SPOTTY BUNTING,3,2011-08-04 11:16:00,4.95,14825.0,United Kingdom,14.850000000000001,2011
490141,22139,RETRO SPOT TEA SET CERAMIC 11 PC ,6,2009-12-04 08:24:00,4.95,15755.0,United Kingdom,29.700000000000003,2009
573289,23375,50'S CHRISTMAS PAPER GIFT BAG,10,2011-10-28 14:44:00,0.82,12705.0,Germany,8.2,2011
512454,84840,SWEETHEART CARRY-ALL BASKET,2,2010-06-15 17:29:00,8.5,16266.0,United Kingdom,17.0,2010
558232,22419,LIPSTICK PEN RED,2,2011-06-27 14:30:00,0.42,17841.0,United Kingdom,0.84,2011
562807,21243,PINK  POLKADOT PLATE ,8,2011-08-09 14:57:00,1.69,16053.0,United Kingdom,13.52,2011
498850,85071B,RED CHARLIE+LOLA PERSONAL DOORSIGN,96,2010-02-23 12:00:00,0.38,16416.0,United Kingdom,36.480000000000004,2010
558556,21947,SET OF 6 HEART CHOPSTICKS,1,2011-06-30 13:14:00,1.25,17954.0,United Kingdom,1.25,2011
540255,22322,BIRD DECORATION GREEN POLKADOT,8,2011-01-05 16:50:00,0.81,,United Kingdom,6.48,2011
521558,21211,SET OF 72 SKULL PAPER  DOILIES,12,2010-09-07 09:31:00,1.45,16314.0,United Kingdom,17.4,2010
529324,82494L,WOODEN FRAME ANTIQUE WHITE ,2,2010-10-27 14:07:00,2.95,17894.0,United Kingdom,5.9,2010
528329,22153,ANGEL DECORATION STARS ON DRESS,4,2010-10-21 13:23:00,0.42,13891.0,United Kingdom,1.68,2010
565233,21974,SET OF 36 PAISLEY FLOWER DOILIES,1,2011-09-02 09:34:00,2.92,,United Kingdom,2.92,2011
563925,22943,CHRISTMAS LIGHTS 10 VINTAGE BAUBLES,2,2011-08-21 14:42:00,4.95,13610.0,United Kingdom,9.9,2011
555340,22971,QUEENS GUARD COFFEE MUG,12,2011-06-02 11:33:00,2.55,13334.0,United Kingdom,30.599999999999998,2011
507178,21122,SET/10 PINK SPOTTY PARTY CANDLES,288,2010-05-06 15:17:00,1.06,14646.0,Netherlands,305.28000000000003,2010
535803,22988,SOLDIERS EGG CUP ,24,2010-11-28 14:57:00,1.25,14410.0,United Kingdom,30.0,2010
556670,21244,BLUE POLKADOT PLATE ,24,2011-06-13 16:29:00,1.69,15838.0,United Kingdom,40.56,2011
513770,21100,CHARLIE AND LOLA CHARLOTTE BAG,10,2010-06-28 13:47:00,1.65,17669.0,United Kingdom,16.5,2010
563444,22561,WOODEN SCHOOL COLOURING SET,3,2011-08-16 13:50:00,1.65,16033.0,United Kingdom,4.949999999999999,2011
498500,22036,DINOSAUR BIRTHDAY CARD,1,2010-02-19 11:08:00,0.85,,United Kingdom,0.85,2010
496167,84990,60 GOLD AND SILVER FAIRY CAKE CASES,24,2010-01-29 11:45:00,0.55,14560.0,United Kingdom,13.200000000000001,2010
544888,22423,REGENCY CAKESTAND 3 TIER,1,2011-02-24 11:55:00,12.75,14231.0,United Kingdom,12.75,2011
510983,47503J,SET/3 FLORAL GARDEN TOOLS IN BAG,1,2010-06-04 12:23:00,16.13,,United Kingdom,16.13,2010
543530,22469,HEART OF WICKER SMALL,1,2011-02-09 12:46:00,3.29,,United Kingdom,3.29,2011
494658,22196,SMALL HEART MEASURING SPOONS,1,2010-01-17 13:29:00,0.85,13782.0,United Kingdom,0.85,2010
517017,21870,I CAN ONLY PLEASE ONE PERSON MUG,12,2010-07-26 11:34:00,1.25,13004.0,United Kingdom,15.0,2010
540471,22037,ROBOT BIRTHDAY CARD,12,2011-01-07 14:21:00,0.42,15601.0,United Kingdom,5.04,2011
578068,23196,VINTAGE LEAF MAGNETIC NOTEPAD,2,2011-11-22 15:45:00,1.45,14505.0,United Kingdom,2.9,2011
527925,21561,DINOSAUR LUNCH BOX WITH CUTLERY,1,2010-10-19 13:20:00,2.55,17397.0,United Kingdom,2.55,2010
576916,85123A,WHITE HANGING HEART T-LIGHT HOLDER,12,2011-11-17 10:24:00,2.95,14655.0,United Kingdom,35.400000000000006,2011
563695,21755,LOVE BUILDING BLOCK WORD,1,2011-08-18 13:17:00,5.95,13617.0,United Kingdom,5.95,2011
506496,21080,SET/20 RED SPOTTY PAPER NAPKINS ,20,2010-04-30 10:55:00,0.85,17005.0,United Kingdom,17.0,2010
563195,21993,FLORAL FOLK STATIONERY SET,1,2011-08-12 16:36:00,2.46,,United Kingdom,2.46,2011
546896,22755,SMALL PURPLE BABUSHKA NOTEBOOK ,1,2011-03-17 18:24:00,1.63,,United Kingdom,1.63,2011
526946,35832,WOOLLY HAT SOCK GLOVE ADVENT STRING,12,2010-10-14 10:36:00,2.95,16558.0,United Kingdom,35.400000000000006,2010
552166,20718,RED RETROSPOT SHOPPER BAG,10,2011-05-06 12:21:00,1.25,13475.0,United Kingdom,12.5,2011
570872,22604,SET OF 4 NAPKIN CHARMS CUTLERY,3,2011-10-12 16:40:00,4.96,,United Kingdom,14.879999999999999,2011
542303,22630,DOLLY GIRL LUNCH BOX,12,2011-01-27 11:05:00,1.95,12539.0,Spain,23.4,2011
498500,22055,MINI CAKE STAND  HANGING STRAWBERY,1,2010-02-19 11:08:00,3.36,,United Kingdom,3.36,2010
564754,23339,EGG FRYING PAN BLUE ,1,2011-08-30 10:29:00,4.13,,United Kingdom,4.13,2011
523558,48194,DOORMAT HEARTS,1,2010-09-22 15:12:00,14.43,,United Kingdom,14.43,2010
537688,21903,MAN FLU METAL SIGN,12,2010-12-08 10:35:00,2.1,17406.0,United Kingdom,25.200000000000003,2010
535965,22112,CHOCOLATE HOT WATER BOTTLE,3,2010-11-29 12:42:00,4.95,16458.0,United Kingdom,14.850000000000001,2010
519609,82582,AREA PATROLLED METAL SIGN,1,2010-08-18 16:39:00,2.1,17585.0,United Kingdom,2.1,2010
532152,22507,MEMO BOARD RETROSPOT  DESIGN,1,2010-11-11 12:13:00,4.95,16395.0,United Kingdom,4.95,2010
532809,21730,GLASS STAR FROSTED T-LIGHT HOLDER,1,2010-11-14 15:22:00,4.95,12748.0,United Kingdom,4.95,2010
556503,48185,DOORMAT FAIRY CAKE,2,2011-06-13 08:44:00,7.95,13517.0,United Kingdom,15.9,2011
511474,21214,SET OF 72 IVORY PAPER DOILIES,1,2010-06-08 13:27:00,1.45,16791.0,United Kingdom,1.45,2010
572464,22996,TRAVEL CARD WALLET VINTAGE TICKET,1,2011-10-24 13:08:00,0.42,17081.0,United Kingdom,0.42,2011
525959,21524,DOORMAT SPOTTY HOME SWEET HOME,1,2010-10-07 19:51:00,7.95,16111.0,United Kingdom,7.95,2010
551173,82581,TOILET METAL SIGN,1,2011-04-26 16:54:00,1.25,,United Kingdom,1.25,2011
572087,23159,SET OF 5 PANCAKE DAY MAGNETS,12,2011-10-20 14:30:00,2.08,12683.0,France,24.96,2011
564640,23353,6 GIFT TAGS VINTAGE CHRISTMAS ,12,2011-08-26 13:00:00,0.83,14837.0,United Kingdom,9.959999999999999,2011
546182,22284,HEN HOUSE DECORATION,12,2011-03-10 10:53:00,1.65,14334.0,United Kingdom,19.799999999999997,2011
536638,21383,PACK OF 12 STICKY BUNNIES,12,2010-12-02 11:41:00,0.65,16244.0,United Kingdom,7.800000000000001,2010
550921,22557,PLASTERS IN TIN VINTAGE PAISLEY ,12,2011-04-21 14:21:00,1.65,14770.0,United Kingdom,19.799999999999997,2011
517125,20677,PINK SPOTTY BOWL,8,2010-07-27 09:42:00,1.25,13466.0,United Kingdom,10.0,2010
530970,20767,BLUE PAISLEY JOURNAL ,18,2010-11-05 09:35:00,2.55,12477.0,Germany,45.9,2010
539493,21110,LARGE CAKE TOWEL PINK SPOTS,1,2010-12-20 10:15:00,3.38,,United Kingdom,3.38,2010
546950,21888,BINGO SET,1,2011-03-18 11:24:00,3.75,16511.0,United Kingdom,3.75,2011
553660,82567,"AIRLINE LOUNGE,METAL SIGN",6,2011-05-18 11:58:00,2.1,14620.0,United Kingdom,12.600000000000001,2011
541282,22671,FRENCH LAUNDRY SIGN BLUE METAL,2,2011-01-17 12:31:00,1.65,17690.0,United Kingdom,3.3,2011
522271,22083,PAPER CHAIN KIT RETRO SPOT,4,2010-09-13 12:34:00,2.95,14399.0,United Kingdom,11.8,2010
527754,22099,CARAVAN SQUARE TISSUE BOX,4,2010-10-18 17:05:00,1.25,15710.0,United Kingdom,5.0,2010
550527,22192,BLUE DINER WALL CLOCK,4,2011-04-19 10:48:00,8.5,12476.0,Germany,34.0,2011
553067,21232,STRAWBERRY CERAMIC TRINKET BOX,6,2011-05-13 11:44:00,1.25,16871.0,United Kingdom,7.5,2011
557858,20727,LUNCH BAG  BLACK SKULL.,4,2011-06-23 11:51:00,1.65,14159.0,United Kingdom,6.6,2011
577778,22616,PACK OF 12 LONDON TISSUES ,1,2011-11-21 16:10:00,0.39,16549.0,United Kingdom,0.39,2011
539958,21892,TRADITIONAL WOODEN CATCH CUP GAME ,3,2010-12-23 13:26:00,2.51,,United Kingdom,7.529999999999999,2010
547571,21354,TOAST ITS - BEST MUM,12,2011-03-24 09:52:00,1.25,16265.0,United Kingdom,15.0,2011
512406,22543,MINI JIGSAW BAKE A CAKE ,24,2010-06-15 13:06:00,0.42,17020.0,United Kingdom,10.08,2010
500234,22371,AIRLINE BAG VINTAGE TOKYO 78,1,2010-03-05 11:50:00,6.35,17841.0,United Kingdom,6.35,2010
563257,21232,STRAWBERRY CERAMIC TRINKET BOX,12,2011-08-15 12:07:00,1.25,13799.0,United Kingdom,15.0,2011
563193,23050,RECYCLED ACAPULCO MAT GREEN,1,2011-08-12 16:30:00,16.63,,United Kingdom,16.63,2011
547960,21559,STRAWBERRY LUNCH BOX WITH CUTLERY,2,2011-03-28 15:27:00,2.55,15644.0,United Kingdom,5.1,2011
521478,20910,VINTAGE PHOTO ALBUM PARIS DAYS,1,2010-09-06 12:55:00,6.35,17841.0,United Kingdom,6.35,2010
534810,20914,SET/5 RED SPOTTY LID GLASS BOWLS,64,2010-11-24 12:40:00,2.55,14045.0,United Kingdom,163.2,2010
571713,22141,CHRISTMAS CRAFT TREE TOP ANGEL,1,2011-10-18 16:58:00,4.13,,United Kingdom,4.13,2011
569563,23293,SET OF 12 FAIRY CAKE BAKING CASES,16,2011-10-05 09:46:00,0.83,12481.0,Germany,13.28,2011
516993,22423,REGENCY CAKESTAND 3 TIER,4,2010-07-26 11:05:00,12.75,15493.0,United Kingdom,51.0,2010
527461,22847,"BREAD BIN, DINER STYLE, IVORY",4,2010-10-18 10:42:00,14.95,13340.0,United Kingdom,59.8,2010
550447,21770,OPEN CLOSED METAL SIGN,4,2011-04-18 12:36:00,4.95,16033.0,United Kingdom,19.8,2011
536602,84029E,RED WOOLLY HOTTIE WHITE HEART.,6,2010-12-02 08:34:00,3.39,17850.0,United Kingdom,20.34,2010
539451,22184,CAKE STAND VICTORIAN FILIGREE LARGE,1,2010-12-17 16:59:00,8.47,,United Kingdom,8.47,2010
539434,16237,SLEEPING CAT ERASERS,1,2010-12-17 14:41:00,0.43,,United Kingdom,0.43,2010
575678,22579,WOODEN TREE CHRISTMAS SCANDINAVIAN,24,2011-11-10 15:23:00,0.29,16169.0,United Kingdom,6.959999999999999,2011
520054,71477,COLOUR GLASS. STAR T-LIGHT HOLDER,4,2010-08-23 14:59:00,3.25,16208.0,United Kingdom,13.0,2010
532692,21847,GREEN  DIAMANTE PEN IN GIFT BOX,2,2010-11-14 12:47:00,4.95,14807.0,United Kingdom,9.9,2010
540473,84997D,PINK 3 PIECE POLKADOT CUTLERY SET,2,2011-01-07 14:31:00,3.75,17284.0,United Kingdom,7.5,2011
546944,22907,PACK OF 20 NAPKINS PANTRY DESIGN,4,2011-03-18 11:13:00,0.85,14701.0,United Kingdom,3.4,2011
519343,21754,HOME BUILDING BLOCK WORD,3,2010-08-16 12:12:00,5.95,12687.0,Sweden,17.85,2010
534389,82482,WOODEN PICTURE FRAME WHITE FINISH,1,2010-11-22 13:02:00,5.06,,United Kingdom,5.06,2010
550532,20975,12 PENCILS SMALL TUBE RED RETROSPOT,4,2011-04-19 11:02:00,0.65,14606.0,United Kingdom,2.6,2011
574298,22818,CARD CHRISTMAS VILLAGE,10,2011-11-03 15:56:00,0.42,,United Kingdom,4.2,2011
533087,22365,DOORMAT RESPECTABLE HOUSE,2,2010-11-16 10:04:00,7.95,18065.0,United Kingdom,15.9,2010
532671,21754,HOME BUILDING BLOCK WORD,1,2010-11-14 11:50:00,5.95,16923.0,United Kingdom,5.95,2010
566115,23254,CHILDRENS CUTLERY DOLLY GIRL ,8,2011-09-09 10:51:00,4.15,12674.0,France,33.2,2011
531474,22595,CHRISTMAS GINGHAM HEART,48,2010-11-08 14:14:00,0.85,16553.0,United Kingdom,40.8,2010
577524,22086,PAPER CHAIN KIT 50'S CHRISTMAS ,4,2011-11-20 13:33:00,2.95,16905.0,United Kingdom,11.8,2011
526298,22055,MINI CAKE STAND  HANGING STRAWBERY,2,2010-10-11 12:00:00,1.65,14590.0,United Kingdom,3.3,2010
575177,84536A,ENGLISH ROSE NOTEBOOK A7 SIZE,3,2011-11-08 18:41:00,0.83,,United Kingdom,2.4899999999999998,2011
532337,21016,LIGHT BIRD HOUSE TREE DECORATION,2,2010-11-11 15:49:00,0.85,13263.0,United Kingdom,1.7,2010
498764,82585,SWEET VALENCIA CANDLE+CUP,5,2010-02-22 17:21:00,1.25,14081.0,United Kingdom,6.25,2010
577311,23201,JUMBO BAG ALPHABET,2,2011-11-18 13:16:00,2.08,18225.0,United Kingdom,4.16,2011
515146,21500,PINK SPOTS  WRAP ,25,2010-07-08 14:26:00,0.42,12592.0,Germany,10.5,2010
562370,23241,TREASURE TIN GYMKHANA DESIGN,6,2011-08-04 14:20:00,2.08,12626.0,Germany,12.48,2011
577480,21326,AGED GLASS SILVER T-LIGHT HOLDER,36,2011-11-20 11:37:00,0.65,14525.0,United Kingdom,23.400000000000002,2011
530288,20725,LUNCH BAG RED RETROSPOT,3,2010-11-02 12:16:00,1.65,14593.0,United Kingdom,4.949999999999999,2010
576191,23353,6 GIFT TAGS VINTAGE CHRISTMAS ,6,2011-11-14 11:54:00,0.83,17377.0,United Kingdom,4.9799999999999995,2011
545059,22904,CALENDAR PAPER CUT DESIGN,6,2011-02-27 13:04:00,2.95,14157.0,United Kingdom,17.700000000000003,2011
554146,22854,CREAM SWEETHEART EGG HOLDER,4,2011-05-23 10:45:00,4.95,13479.0,United Kingdom,19.8,2011
541294,22795,SWEETHEART RECIPE BOOK STAND,4,2011-01-17 13:59:00,6.75,14898.0,United Kingdom,27.0,2011
569688,84859A,SILVER DISCO HANDBAG,1,2011-10-05 14:55:00,1.95,15048.0,United Kingdom,1.95,2011
550106,22990,COTTON APRON PANTRY DESIGN,3,2011-04-14 12:31:00,4.95,13772.0,United Kingdom,14.850000000000001,2011
573343,23504,PLAYING CARDS JUBILEE UNION JACK,2,2011-10-30 11:59:00,1.25,13566.0,United Kingdom,2.5,2011
519560,20975,12 PENCILS SMALL TUBE RED SPOTTY,1,2010-08-18 11:34:00,1.28,,United Kingdom,1.28,2010
538071,21947,SET OF 6 HEART CHOPSTICKS,1,2010-12-09 14:09:00,2.51,,United Kingdom,2.51,2010
540732,10135,COLOURING PENCILS BROWN TUBE,40,2011-01-11 10:19:00,0.42,16122.0,United Kingdom,16.8,2011
574310,22768,FAMILY PHOTO FRAME CORNICE,3,2011-11-03 16:56:00,9.95,13467.0,United Kingdom,29.849999999999998,2011
513574,22570,FELTCRAFT CUSHION RABBIT,1,2010-06-25 15:13:00,7.62,,United Kingdom,7.62,2010
490229,85099B,JUMBO BAG RED WHITE SPOTTY ,20,2009-12-04 12:20:00,1.95,18223.0,United Kingdom,39.0,2009
510936,22521,CHILDS GARDEN TROWEL PINK,12,2010-06-04 10:35:00,0.85,12701.0,Germany,10.2,2010
500585,20719,WOODLAND CHARLOTTE BAG,10,2010-03-09 10:02:00,0.85,15637.0,United Kingdom,8.5,2010
550314,35471D,SET OF 3 BIRD LIGHT PINK FEATHER ,4,2011-04-17 11:30:00,1.25,16905.0,United Kingdom,5.0,2011
543097,22246,MAGIC GARDEN FELT GARLAND ,1,2011-02-03 11:41:00,4.13,,United Kingdom,4.13,2011
550033,22139,RETROSPOT TEA SET CERAMIC 11 PC ,1,2011-04-14 11:45:00,4.95,15005.0,United Kingdom,4.95,2011
531691,18098c,PORCELAIN BUTTERFLY OIL BURNER,3,2010-11-09 11:50:00,5.06,,United Kingdom,15.18,2010
576055,22867,HAND WARMER BIRD DESIGN,12,2011-11-13 15:02:00,2.1,15449.0,United Kingdom,25.200000000000003,2011
544795,22815,CARD PSYCHEDELIC APPLES,12,2011-02-23 13:21:00,0.42,15858.0,United Kingdom,5.04,2011
490534,22070,SMALL RETRO SPOT MUG IN BOX  RED,1,2009-12-06 16:17:00,3.75,17530.0,United Kingdom,3.75,2009
490056,51012C,"FEATHER DUSTER, COAL BLACK",1,2009-12-03 13:25:00,1.25,13208.0,United Kingdom,1.25,2009
524506,22649,STRAWBERRY FAIRY CAKE TEAPOT,8,2010-09-29 12:40:00,4.95,17470.0,United Kingdom,39.6,2010
525317,21467,CHERRY CROCHET FOOD COVER,2,2010-10-05 11:17:00,3.75,15311.0,United Kingdom,7.5,2010
579187,22317,FIVE CATS HANGING DECORATION,1,2011-11-28 15:31:00,5.79,,United Kingdom,5.79,2011
513161,21891,TRADITIONAL WOODEN SKIPPING ROPE,12,2010-06-22 10:51:00,1.25,13510.0,United Kingdom,15.0,2010
507235,21578,WOODLAND DESIGN  COTTON TOTE BAG,12,2010-05-07 09:04:00,1.75,14298.0,United Kingdom,21.0,2010
561217,35004B,SET OF 3 BLACK FLYING DUCKS,1,2011-07-25 17:09:00,5.79,,United Kingdom,5.79,2011
575622,22952,60 CAKE CASES VINTAGE CHRISTMAS,24,2011-11-10 13:13:00,0.55,16743.0,United Kingdom,13.200000000000001,2011
532143,21558,SKULL LUNCH BOX WITH CUTLERY ,2,2010-11-11 11:44:00,2.55,16782.0,United Kingdom,5.1,2010
533717,22141,CHRISTMAS CRAFT TREE TOP ANGEL,2,2010-11-18 13:27:00,2.1,13137.0,United Kingdom,4.2,2010
516878,22629,SPACEBOY LUNCH BOX ,12,2010-07-23 13:32:00,1.95,17364.0,United Kingdom,23.4,2010
537137,84836,ZINC METAL HEART DECORATION,5,2010-12-05 12:43:00,1.25,16327.0,United Kingdom,6.25,2010
556573,23284,DOORMAT KEEP CALM AND COME IN,4,2011-06-13 13:32:00,7.95,14667.0,United Kingdom,31.8,2011
510623,21078,SET/20 STRAWBERRY PAPER NAPKINS ,96,2010-06-02 11:11:00,0.64,17511.0,United Kingdom,61.44,2010
514321,22546,MINI JIGSAW PURDEY,10,2010-07-01 14:11:00,0.42,15013.0,United Kingdom,4.2,2010
540732,84536B,FAIRY CAKES NOTEBOOK A7 SIZE,80,2011-01-11 10:19:00,0.42,16122.0,United Kingdom,33.6,2011
535465,84077,WORLD WAR 2 GLIDERS ASSTD DESIGNS,48,2010-11-26 13:22:00,0.29,16254.0,United Kingdom,13.919999999999998,2010
502586,22080,RIBBON REEL SPOTS DESIGN ,10,2010-03-25 12:41:00,1.65,17001.0,United Kingdom,16.5,2010
554598,21462,"NURSERY A,B,C PAINTED LETTERS",1,2011-05-25 11:12:00,6.75,13263.0,United Kingdom,6.75,2011
550284,22717,CARD DOG AND BALL ,12,2011-04-15 14:10:00,0.42,12383.0,Belgium,5.04,2011
574840,23352,ROLL WRAP 50'S RED CHRISTMAS ,3,2011-11-07 11:41:00,1.25,12748.0,United Kingdom,3.75,2011
519657,21033,JUMBO BAG CHARLIE AND LOLA TOYS,10,2010-08-19 11:18:00,2.95,14110.0,United Kingdom,29.5,2010
535407,21801,CHRISTMAS TREE DECORATION WITH BELL,30,2010-11-26 11:20:00,0.43,,United Kingdom,12.9,2010
523017,20727,LUNCH BAG  BLACK SKULL.,20,2010-09-20 11:21:00,1.65,12524.0,Germany,33.0,2010
566787,22469,HEART OF WICKER SMALL,5,2011-09-15 10:31:00,4.13,,United Kingdom,20.65,2011
541103,20752,BLUE POLKADOT WASHING UP GLOVES,6,2011-01-13 14:24:00,2.1,14215.0,United Kingdom,12.600000000000001,2011
521001,22087,PAPER BUNTING WHITE LACE,6,2010-09-01 13:44:00,2.95,17926.0,United Kingdom,17.700000000000003,2010
553013,37462E,"PET MUG, GOLDFISH",1,2011-05-12 18:19:00,0.83,,United Kingdom,0.83,2011
491888,22272,FELTCRAFT DOLL MARIA,2,2009-12-14 15:16:00,2.95,15867.0,United Kingdom,5.9,2009
518775,20961,STRAWBERRY BATH SPONGE ,1,2010-08-11 15:46:00,2.51,,United Kingdom,2.51,2010
490871,21165,BEWARE OF THE CAT METAL SIGN ,3,2009-12-08 12:54:00,1.69,15456.0,United Kingdom,5.07,2009
530658,84030E,ENGLISH ROSE HOT WATER BOTTLE,4,2010-11-04 10:22:00,4.25,15724.0,United Kingdom,17.0,2010
534459,22150,3 STRIPEY MICE FELTCRAFT,1,2010-11-23 09:12:00,4.21,,United Kingdom,4.21,2010
495680,21707,"FOLDING UMBRELLA , BLACK/BLUE  SPOT",3,2010-01-26 11:39:00,4.95,15950.0,United Kingdom,14.850000000000001,2010
498444,21754,HOME BUILDING BLOCK WORD,1,2010-02-19 09:52:00,11.87,,United Kingdom,11.87,2010
575477,22246,MAGIC GARDEN FELT GARLAND ,1,2011-11-09 16:14:00,4.13,,United Kingdom,4.13,2011
565129,22553,PLASTERS IN TIN SKULLS,2,2011-09-01 12:41:00,1.65,15719.0,United Kingdom,3.3,2011
529582,22740,POLKADOT PEN,48,2010-10-28 19:20:00,0.85,14481.0,United Kingdom,40.8,2010
508451,21535,RED RETROSPOT SMALL MILK JUG,1,2010-05-14 16:33:00,5.06,,United Kingdom,5.06,2010
503774,21440,12 MINI TOADSTOOL PEGS,1,2010-04-07 11:04:00,1.25,14606.0,United Kingdom,1.25,2010
512664,21212,PACK OF 72 RETRO SPOT CAKE CASES,4,2010-06-17 11:32:00,0.55,15719.0,United Kingdom,2.2,2010
511841,22522,CHILDS GARDEN FORK BLUE ,12,2010-06-10 17:31:00,0.85,13450.0,United Kingdom,10.2,2010
538592,84031A,CHARLIE+LOLA RED HOT WATER BOTTLE ,1,2010-12-13 11:47:00,4.65,15854.0,United Kingdom,4.65,2010
526151,22077,6 RIBBONS RUSTIC CHARM,1,2010-10-08 15:19:00,3.36,,United Kingdom,3.36,2010
504936,84946,ANTIQUE SILVER TEA GLASS ETCHED,3,2010-04-19 11:23:00,2.51,,United Kingdom,7.529999999999999,2010
575900,22996,TRAVEL CARD WALLET VINTAGE TICKET,1,2011-11-11 15:14:00,0.42,,United Kingdom,0.42,2011
531732,22423,REGENCY CAKESTAND 3 TIER,6,2010-11-09 12:26:00,12.75,15394.0,United Kingdom,76.5,2010
535104,21531,RED RETROSPOT SUGAR JAM BOWL,120,2010-11-25 11:04:00,2.1,16684.0,United Kingdom,252.0,2010
519879,22755,SMALL PURPLE BABUSHKA NOTEBOOK ,2,2010-08-22 10:57:00,0.85,14078.0,United Kingdom,1.7,2010
491994,21157,RED SPOTTY WASHBAG,6,2009-12-15 10:36:00,2.1,17251.0,United Kingdom,12.600000000000001,2009
532282,20728,LUNCH BAG CARS BLUE,10,2010-11-11 13:08:00,1.65,14680.0,United Kingdom,16.5,2010
571410,22457,NATURAL SLATE HEART CHALKBOARD ,12,2011-10-17 12:32:00,2.95,17527.0,United Kingdom,35.400000000000006,2011
568044,23263,SET OF 3 WOODEN HEART DECORATIONS,12,2011-09-23 12:10:00,1.25,15763.0,United Kingdom,15.0,2011
519817,22189,CREAM HEART CARD HOLDER,4,2010-08-20 13:41:00,3.95,14243.0,United Kingdom,15.8,2010
526162,22077,6 RIBBONS RUSTIC CHARM,24,2010-10-08 17:07:00,1.65,14846.0,United Kingdom,39.599999999999994,2010
579629,22481,BLACK TEA TOWEL CLASSIC DESIGN,2,2011-11-30 12:16:00,1.25,14963.0,United Kingdom,2.5,2011
574170,23370,SET 36 COLOURING PENCILS DOILY,2,2011-11-03 11:43:00,1.25,16221.0,United Kingdom,2.5,2011
580730,23567,EGG CUP HENRIETTA HEN PINK,2,2011-12-05 17:28:00,2.46,,United Kingdom,4.92,2011
519587,22753,SMALL YELLOW BABUSHKA NOTEBOOK ,12,2010-08-18 14:05:00,0.85,13082.0,United Kingdom,10.2,2010
545895,22064,PINK DOUGHNUT TRINKET POT ,11,2011-03-07 17:14:00,3.29,,United Kingdom,36.19,2011
558774,16237,SLEEPING CAT ERASERS,4,2011-07-04 10:17:00,0.42,,United Kingdom,1.68,2011
577079,23480,MINI LIGHTS WOODLAND MUSHROOMS,6,2011-11-17 15:22:00,3.75,14416.0,United Kingdom,22.5,2011
523308,22580,ADVENT CALENDAR GINGHAM SACK,12,2010-09-21 13:06:00,5.95,14156.0,EIRE,71.4,2010
501558,21933,PINK VINTAGE PAISLEY PICNIC BAG,1,2010-03-17 16:35:00,5.91,,United Kingdom,5.91,2010
514806,22534,MAGIC DRAWING SLATE SPACEBOY ,2,2010-07-06 11:21:00,0.42,16393.0,United Kingdom,0.84,2010
574093,21358,TOAST ITS - HAPPY BIRTHDAY,12,2011-11-03 09:43:00,1.25,12437.0,France,15.0,2011
504313,22191,EAU DE NIL DINER WALL CLOCK,2,2010-04-12 14:39:00,8.5,,EIRE,17.0,2010
491665,85123A,WHITE HANGING HEART T-LIGHT HOLDER,10,2009-12-13 11:32:00,2.95,14685.0,United Kingdom,29.5,2009
492020,84946,ANTIQUE SILVER TEA GLASS ETCHED,12,2009-12-15 12:13:00,1.25,13635.0,United Kingdom,15.0,2009
504890,20712,JUMBO BAG WOODLAND ANIMALS,2,2010-04-18 13:53:00,1.95,14415.0,United Kingdom,3.9,2010
555249,20751,FUNKY WASHING UP GLOVES ASSORTED,1,2011-06-01 14:57:00,2.1,17472.0,United Kingdom,2.1,2011
524765,22029,SPACEBOY BIRTHDAY CARD,2,2010-09-30 15:47:00,0.85,,United Kingdom,1.7,2010
554943,21936,RED RETROSPOT PICNIC BAG,100,2011-05-27 14:10:00,2.55,13798.0,United Kingdom,254.99999999999997,2011
578033,20750,RED RETROSPOT MINI CASES,2,2011-11-22 13:42:00,7.95,12656.0,France,15.9,2011
532089,22086,PAPER CHAIN KIT 50'S CHRISTMAS ,3,2010-11-10 15:38:00,2.95,16221.0,United Kingdom,8.850000000000001,2010
578634,21326,AGED GLASS SILVER T-LIGHT HOLDER,36,2011-11-24 16:34:00,0.65,16566.0,United Kingdom,23.400000000000002,2011
578151,22666,RECIPE BOX PANTRY YELLOW DESIGN,6,2011-11-23 11:18:00,2.95,16020.0,United Kingdom,17.700000000000003,2011
537201,22144,CHRISTMAS CRAFT LITTLE FRIENDS,12,2010-12-05 14:19:00,2.1,12472.0,Germany,25.200000000000003,2010
567024,84997c,CHILDRENS CUTLERY POLKADOT BLUE,3,2011-09-16 11:23:00,8.29,,United Kingdom,24.869999999999997,2011
556486,22211,WOOD STAMP SET FLOWERS,12,2011-06-12 13:22:00,0.83,17422.0,United Kingdom,9.959999999999999,2011
540352,21624,VINTAGE UNION JACK DOORSTOP,1,2011-01-06 14:27:00,11.87,,United Kingdom,11.87,2011
581439,22301,COFFEE MUG CAT + BIRD DESIGN,2,2011-12-08 16:30:00,4.96,,United Kingdom,9.92,2011
569667,22178,VICTORIAN GLASS HANGING T-LIGHT,6,2011-10-05 13:42:00,1.95,17521.0,United Kingdom,11.7,2011
514369,35598B,BLACK CHRISTMAS TREE 60CM,6,2010-07-02 08:26:00,2.95,12477.0,Germany,17.700000000000003,2010
576025,22203,MILK PAN RED RETROSPOT,1,2011-11-13 14:34:00,3.75,13232.0,United Kingdom,3.75,2011
576094,23583,LUNCH BAG PAISLEY PARK  ,20,2011-11-14 09:12:00,1.65,16401.0,United Kingdom,33.0,2011
510447,21231,SWEETHEART CERAMIC TRINKET BOX,12,2010-06-01 09:31:00,1.25,17165.0,United Kingdom,15.0,2010
541104,35810A,ENAMEL PINK COFFEE CONTAINER,2,2011-01-13 14:29:00,4.13,,United Kingdom,8.26,2011
496990,85099B,JUMBO BAG RED WHITE SPOTTY ,100,2010-02-05 11:22:00,1.65,14607.0,United Kingdom,165.0,2010
525888,35400,WOODEN BOX ADVENT CALENDAR ,1,2010-10-07 15:01:00,8.95,16906.0,United Kingdom,8.95,2010
574501,21371,MIRRORED WALL ART POPPIES,3,2011-11-04 13:15:00,0.75,12577.0,France,2.25,2011
559921,22557,PLASTERS IN TIN VINTAGE PAISLEY ,2,2011-07-13 15:42:00,1.65,13667.0,United Kingdom,3.3,2011
494387,21846,PINK DIAMANTE PEN IN GIFT BOX,4,2010-01-14 09:46:00,2.51,,United Kingdom,10.04,2010
562341,21874,GIN AND TONIC MUG,2,2011-08-04 12:13:00,1.25,15005.0,United Kingdom,2.5,2011
556264,23172,REGENCY TEA PLATE PINK,12,2011-06-09 18:42:00,1.65,16107.0,United Kingdom,19.799999999999997,2011
507382,84865,NEW BAROQUE BLACK PHOTO ALBUM,2,2010-05-09 11:56:00,8.5,14110.0,United Kingdom,17.0,2010
554977,22197,SMALL POPCORN HOLDER,30,2011-05-29 11:03:00,0.85,16444.0,United Kingdom,25.5,2011
547850,84755,COLOUR GLASS T-LIGHT HOLDER HANGING,16,2011-03-27 12:06:00,0.65,14472.0,United Kingdom,10.4,2011
495919,20831,GOLD PHOTO FRAME,6,2010-01-27 13:29:00,2.1,16320.0,Unspecified,12.600000000000001,2010
560293,84755,COLOUR GLASS T-LIGHT HOLDER HANGING,12,2011-07-18 10:20:00,1.24,,United Kingdom,14.879999999999999,2011
566973,20713,JUMBO BAG OWLS,10,2011-09-16 09:21:00,2.08,15152.0,United Kingdom,20.8,2011
515439,22666,RECIPE BOX PANTRY YELLOW DESIGN,1,2010-07-12 14:52:00,5.91,,United Kingdom,5.91,2010
490603,21689,SILVER VANILLA  FLOWER CANDLE POT,3,2009-12-07 11:05:00,3.75,14695.0,United Kingdom,11.25,2009
519358,21930,JUMBO STORAGE BAG SKULLS,1,2010-08-16 12:36:00,4.21,,United Kingdom,4.21,2010
571228,22804,CANDLEHOLDER PINK HANGING HEART,12,2011-10-14 14:00:00,2.95,15132.0,United Kingdom,35.400000000000006,2011
580730,23290,SPACEBOY CHILDRENS BOWL,1,2011-12-05 17:28:00,2.46,,United Kingdom,2.46,2011
530885,22569,FELTCRAFT CUSHION BUTTERFLY,3,2010-11-04 15:07:00,3.75,14085.0,United Kingdom,11.25,2010
541871,21232,STRAWBERRY CERAMIC TRINKET BOX,2,2011-01-24 09:41:00,2.46,,United Kingdom,4.92,2011
511124,22379,RECYCLING BAG RETROSPOT ,1,2010-06-07 10:58:00,4.21,,United Kingdom,4.21,2010
559985,22960,JAM MAKING SET WITH JARS,6,2011-07-14 11:46:00,4.25,16488.0,United Kingdom,25.5,2011
561901,22151,PLACE SETTING WHITE HEART,432,2011-07-31 15:42:00,0.42,14156.0,EIRE,181.44,2011
512659,22443,GROW YOUR OWN HERBS SET OF 3,1,2010-06-17 11:26:00,7.95,17884.0,United Kingdom,7.95,2010
546653,22629,SPACEBOY LUNCH BOX ,1,2011-03-15 14:18:00,2.46,,United Kingdom,2.46,2011
520860,84879,ASSORTED COLOUR BIRD ORNAMENT,48,2010-08-31 13:57:00,1.69,12540.0,Spain,81.12,2010
543245,84988,SET OF 72 PINK HEART PAPER DOILIES,1,2011-02-04 14:08:00,1.45,16725.0,United Kingdom,1.45,2011
511282,17091B,JASMINE TEA INCENSE IN TIN,2,2010-06-07 14:22:00,2.51,,United Kingdom,5.02,2010
568225,37446,MINI CAKE STAND WITH HANGING CAKES,8,2011-09-26 10:35:00,1.45,13014.0,United Kingdom,11.6,2011
575985,22730,ALARM CLOCK BAKELIKE IVORY,1,2011-11-13 14:09:00,3.75,17841.0,United Kingdom,3.75,2011
568951,22423,REGENCY CAKESTAND 3 TIER,2,2011-09-29 15:26:00,12.75,17724.0,United Kingdom,25.5,2011
498614,21466,RED FLOWER CROCHET FOOD COVER,6,2010-02-22 09:48:00,3.75,14849.0,United Kingdom,22.5,2010
578664,22645,CERAMIC HEART FAIRY CAKE MONEY BANK,1,2011-11-24 16:59:00,1.45,15910.0,United Kingdom,1.45,2011
533740,21258,VICTORIAN SEWING BOX LARGE,1,2010-11-18 14:07:00,25.49,,United Kingdom,25.49,2010
491641,21137,BLACK RECORD COVER FRAME,1,2009-12-11 16:27:00,3.75,,United Kingdom,3.75,2009
571408,22900,SET 2 TEA TOWELS I LOVE LONDON ,1,2011-10-17 12:22:00,3.25,15012.0,United Kingdom,3.25,2011
549728,23077,DOUGHNUT LIP GLOSS ,20,2011-04-11 16:15:00,1.25,17799.0,United Kingdom,25.0,2011
504498,22129,PARTY CONES CANDY TREE DECORATION,120,2010-04-14 11:16:00,0.72,17511.0,United Kingdom,86.39999999999999,2010
536179,22555,PLASTERS IN TIN STRONGMAN,1,2010-11-30 12:21:00,1.65,16393.0,United Kingdom,1.65,2010
532642,84380,SET OF 3 BUTTERFLY COOKIE CUTTERS,1,2010-11-12 17:00:00,2.51,,United Kingdom,2.51,2010
569230,23323,WHITE WICKER STAR ,2,2011-10-02 15:07:00,2.1,16533.0,United Kingdom,4.2,2011
499422,22063,CERAMIC BOWL WITH STRAWBERRY DESIGN,1,2010-02-26 16:33:00,5.91,,United Kingdom,5.91,2010
565418,21137,BLACK RECORD COVER FRAME,72,2011-09-04 12:07:00,3.39,13576.0,United Kingdom,244.08,2011
571229,23266,SET OF 3 WOODEN STOCKING DECORATION,2,2011-10-14 14:04:00,1.25,15453.0,United Kingdom,2.5,2011
573178,85199S,SMALL HANGING IVORY/RED WOOD BIRD,24,2011-10-28 10:45:00,0.42,14412.0,United Kingdom,10.08,2011
552232,21991,BOHEMIAN COLLAGE STATIONERY SET,1,2011-05-06 15:54:00,2.46,,United Kingdom,2.46,2011
492819,22114,HOT WATER BOTTLE TEA AND SYMPATHY,48,2009-12-20 14:34:00,3.45,16779.0,United Kingdom,165.60000000000002,2009
495409,85123A,WHITE HANGING HEART T-LIGHT HOLDER,5,2010-01-25 10:26:00,2.95,17810.0,United Kingdom,14.75,2010
509973,15044D,RED PAPER PARASOL,6,2010-05-26 13:35:00,2.95,14938.0,Channel Islands,17.700000000000003,2010
519266,21067,VINTAGE RED TEATIME MUG,36,2010-08-16 09:20:00,0.38,16103.0,United Kingdom,13.68,2010
558535,23201,JUMBO BAG ALPHABET,1,2011-06-30 12:04:00,2.08,16904.0,United Kingdom,2.08,2011
560926,85130B,BEADED CRYSTAL HEART GREEN LARGE,2,2011-07-22 09:20:00,3.29,,United Kingdom,6.58,2011
542520,85231B,CINAMMON SET OF 9 T-LIGHTS,4,2011-01-28 12:21:00,0.85,15547.0,United Kingdom,3.4,2011
527507,21169,YOU'RE CONFUSING ME METAL SIGN ,4,2010-10-18 12:43:00,1.69,17085.0,United Kingdom,6.76,2010
491718,21288,STRIPEY CHOCOLATE NESTING BOXES,12,2009-12-13 15:55:00,2.95,16325.0,United Kingdom,35.400000000000006,2009
489560,90092,BLUE CRYSTAL BOOT PHONE CHARM,3,2009-12-01 12:56:00,0.85,13526.0,United Kingdom,2.55,2009
512177,22459,CAST IRON HOOK GARDEN TROWEL,8,2010-06-14 12:01:00,2.55,15150.0,United Kingdom,20.4,2010
570690,21147,JINGLE BELLS TREE DECORATION,2,2011-10-11 16:37:00,1.63,,United Kingdom,3.26,2011
533529,21755,LOVE BUILDING BLOCK WORD,3,2010-11-17 15:14:00,5.95,15652.0,United Kingdom,17.85,2010
530409,22688,DOORMAT PEACE ON EARTH BLUE,4,2010-11-02 18:08:00,7.95,16614.0,United Kingdom,31.8,2010
519484,21843,RED RETROSPOT CAKE STAND,1,2010-08-17 13:30:00,10.95,16221.0,United Kingdom,10.95,2010
567183,84755,COLOUR GLASS T-LIGHT HOLDER HANGING,16,2011-09-18 15:32:00,0.65,14769.0,United Kingdom,10.4,2011
502595,84879,ASSORTED COLOUR BIRD ORNAMENT,8,2010-03-25 13:13:00,1.69,14911.0,EIRE,13.52,2010
563854,22332,SKULLS PARTY BAG + STICKER SET,16,2011-08-19 15:24:00,1.65,12364.0,Belgium,26.4,2011
545048,22173,METAL 4 HOOK HANGER FRENCH CHATEAU,2,2011-02-27 11:48:00,2.95,14810.0,United Kingdom,5.9,2011
564838,85087,CANDY SPOT CUSHION COVER,4,2011-08-30 12:43:00,3.29,,United Kingdom,13.16,2011
578541,23289,DOLLY GIRL CHILDRENS BOWL,4,2011-11-24 15:01:00,1.25,14277.0,France,5.0,2011
490106,84750A,PINK SMALL GLASS CAKE STAND,8,2009-12-03 16:40:00,1.95,14898.0,United Kingdom,15.6,2009
565114,22535,MAGIC DRAWING SLATE BUNNIES ,24,2011-09-01 11:15:00,0.42,13588.0,United Kingdom,10.08,2011
555701,84946,ANTIQUE SILVER T-LIGHT GLASS,72,2011-06-06 14:34:00,1.06,14498.0,United Kingdom,76.32000000000001,2011
541658,22372,AIRLINE BAG VINTAGE WORLD CHAMPION ,1,2011-01-20 12:16:00,4.25,15529.0,United Kingdom,4.25,2011
490539,21231,SWEETHEART CERAMIC TRINKET BOX,36,2009-12-07 09:18:00,1.25,12839.0,United Kingdom,45.0,2009
517980,21156,RETROSPOT CHILDRENS APRON,8,2010-08-03 14:42:00,1.95,14219.0,United Kingdom,15.6,2010
520577,22138,BAKING SET 9 PIECE RETROSPOT ,3,2010-08-27 10:23:00,4.95,17649.0,United Kingdom,14.850000000000001,2010
498070,21358,TOAST ITS - HAPPY BIRTHDAY,2,2010-02-16 12:19:00,1.25,14669.0,United Kingdom,2.5,2010
540520,22029,SPACEBOY BIRTHDAY CARD,12,2011-01-09 12:31:00,0.42,17555.0,United Kingdom,5.04,2011
558063,21703,BAG 125g SWIRLY MARBLES,12,2011-06-24 15:28:00,0.42,16395.0,United Kingdom,5.04,2011
495574,16256B,FLOWER PENCIL/RUBBER+5 MINI PENCILS,2,2010-01-25 17:36:00,0.81,,United Kingdom,1.62,2010
535259,85099C,JUMBO  BAG BAROQUE BLACK WHITE,3,2010-11-25 13:18:00,1.95,17068.0,United Kingdom,5.85,2010
512060,22376,AIRLINE BAG VINTAGE JET SET WHITE,1,2010-06-13 11:05:00,6.35,16021.0,United Kingdom,6.35,2010
532139,22630,DOLLY GIRL LUNCH BOX,1,2010-11-11 11:18:00,4.21,,United Kingdom,4.21,2010
534531,84375,SET OF 20 KIDS COOKIE CUTTERS,72,2010-11-23 12:05:00,2.1,17227.0,United Kingdom,151.20000000000002,2010
496927,85049F,BABY BOOM RIBBONS ,6,2010-02-04 16:18:00,1.25,17293.0,United Kingdom,7.5,2010
537137,82580,BATHROOM METAL SIGN,4,2010-12-05 12:43:00,0.55,16327.0,United Kingdom,2.2,2010
536945,21913,VINTAGE SEASIDE JIGSAW PUZZLES,1,2010-12-03 12:24:00,3.75,14083.0,United Kingdom,3.75,2010
532150,21429,RED GINGHAM ROSE JEWELLERY BOX,1,2010-11-11 12:06:00,1.65,16395.0,United Kingdom,1.65,2010
579938,23103,JINGLE BELL HEART DECORATION,24,2011-12-01 10:18:00,1.65,14146.0,United Kingdom,39.599999999999994,2011
520072,22752,SET 7 BABUSHKA NESTING BOXES,12,2010-08-24 08:24:00,7.65,14298.0,United Kingdom,91.80000000000001,2010
494027,21533,RETRO SPOT LARGE MILK JUG,3,2010-01-11 10:14:00,4.95,17113.0,United Kingdom,14.850000000000001,2010
536836,22649,STRAWBERRY FAIRY CAKE TEAPOT,1,2010-12-02 18:08:00,4.95,18168.0,United Kingdom,4.95,2010
505747,22361,GLASS JAR DAISY FRESH COTTON WOOL,72,2010-04-26 07:20:00,2.55,16684.0,United Kingdom,183.6,2010
503066,22132,RED LOVE HEART SHAPE CUP,12,2010-03-30 09:32:00,0.85,16570.0,United Kingdom,10.2,2010
566060,23344,JUMBO BAG 50'S CHRISTMAS ,2,2011-09-08 15:27:00,4.13,,United Kingdom,8.26,2011
543519,21244,BLUE POLKADOT PLATE ,24,2011-02-09 11:38:00,1.69,17083.0,United Kingdom,40.56,2011
570420,21975,PACK OF 60 DINOSAUR CAKE CASES,1,2011-10-10 13:33:00,0.55,17841.0,United Kingdom,0.55,2011
498134,20754,RETRO RED SPOTTY WASHING UP GLOVES,1,2010-02-16 17:25:00,4.21,,United Kingdom,4.21,2010
529365,22037,ROBOT BIRTHDAY CARD,1,2010-10-28 10:00:00,0.85,,United Kingdom,0.85,2010
555114,22151,PLACE SETTING WHITE HEART,24,2011-05-31 14:55:00,0.42,13571.0,United Kingdom,10.08,2011
557644,71143,SILVER BOOK MARK WITH BEADS,2,2011-06-21 17:06:00,0.83,,United Kingdom,1.66,2011
522802,21703,BAG 125g SWIRLY MARBLES,1,2010-09-16 16:15:00,0.42,17608.0,United Kingdom,0.42,2010
494867,22262,FELT EGG COSY CHICKEN,6,2010-01-19 11:33:00,0.85,17769.0,United Kingdom,5.1,2010
545317,21218,RED SPOTTY BISCUIT TIN,3,2011-03-01 14:14:00,8.29,,United Kingdom,24.869999999999997,2011
498416,21621,VINTAGE UNION JACK BUNTING,2,2010-02-18 16:16:00,8.5,14783.0,United Kingdom,17.0,2010
550901,22499,WOODEN UNION JACK BUNTING,3,2011-04-21 12:12:00,5.95,13389.0,United Kingdom,17.85,2011
519399,21755,LOVE BUILDING BLOCK WORD,2,2010-08-16 16:48:00,5.95,13001.0,United Kingdom,11.9,2010
500587,84520B,PACK 20 ENGLISH ROSE PAPER NAPKINS,12,2010-03-09 10:18:00,0.85,17138.0,United Kingdom,10.2,2010
563508,23295,SET OF 12 MINI LOAF BAKING CASES,8,2011-08-17 10:27:00,0.83,16133.0,United Kingdom,6.64,2011
545897,22979,PANTRY WASHING UP BRUSH,3,2011-03-07 17:22:00,2.92,,United Kingdom,8.76,2011
547035,22966,GINGERBREAD MAN COOKIE CUTTER,12,2011-03-20 10:33:00,1.25,13911.0,United Kingdom,15.0,2011
541592,85061W,WHITE JEWELLED HEART DECORATION,1,2011-01-19 15:08:00,1.63,,United Kingdom,1.63,2011
576321,23344,JUMBO BAG 50'S CHRISTMAS ,6,2011-11-14 14:59:00,2.08,14953.0,United Kingdom,12.48,2011
509206,21002,ROSE DU SUD DRAWSTRING BAG,4,2010-05-21 09:29:00,3.36,,United Kingdom,13.44,2010
560590,22727,ALARM CLOCK BAKELIKE RED ,4,2011-07-19 15:55:00,3.75,12560.0,Germany,15.0,2011
538653,22961,JAM MAKING SET PRINTED,24,2010-12-13 15:12:00,1.45,13089.0,United Kingdom,34.8,2010
517325,85110,BLACK SILVER FLOWER T-LIGHT HOLDER,288,2010-07-28 12:41:00,0.19,15873.0,United Kingdom,54.72,2010
567213,20983,12 PENCILS TALL TUBE RED RETROSPOT,2,2011-09-19 11:04:00,0.85,14684.0,United Kingdom,1.7,2011
492783,85047,WHITE BEADED GARLAND STRING 20LIGHT,1,2009-12-18 17:15:00,13.0,,United Kingdom,13.0,2009
505713,22383,LUNCH BAG SUKI  DESIGN ,10,2010-04-25 13:07:00,1.65,18178.0,United Kingdom,16.5,2010
539647,22835,HOT WATER BOTTLE I AM SO POORLY,1,2010-12-20 16:08:00,4.65,15460.0,United Kingdom,4.65,2010
551351,84755,COLOUR GLASS T-LIGHT HOLDER HANGING,48,2011-04-28 10:20:00,0.55,14298.0,United Kingdom,26.400000000000002,2011
560255,23298,SPOTTY BUNTING,2,2011-07-17 13:08:00,4.95,16054.0,United Kingdom,9.9,2011
536030,22894,TABLECLOTH RED APPLES DESIGN ,2,2010-11-29 16:41:00,8.5,15828.0,United Kingdom,17.0,2010
533338,22181,SNOWSTORM PHOTO FRAME FRIDGE MAGNET,1,2010-11-16 18:18:00,1.66,,United Kingdom,1.66,2010
502245,21527,RETRO SPOT TRADITIONAL TEAPOT ,12,2010-03-23 13:40:00,6.95,15079.0,United Kingdom,83.4,2010
538951,22505,MEMO BOARD COTTAGE DESIGN,2,2010-12-15 11:26:00,4.95,16782.0,United Kingdom,9.9,2010
563353,22111,SCOTTIE DOG HOT WATER BOTTLE,3,2011-08-15 14:32:00,4.95,15480.0,Malta,14.850000000000001,2011
528615,90082D,DIAMANTE BOW BROOCH BLACK COLOUR,2,2010-10-22 16:36:00,6.35,17231.0,United Kingdom,12.7,2010
497353,22326,ROUND SNACK BOXES SET OF4 WOODLAND ,1,2010-02-08 16:48:00,5.91,,United Kingdom,5.91,2010
497209,72131,COLUMBIAN CANDLE RECTANGLE,1,2010-02-07 12:40:00,1.95,16788.0,United Kingdom,1.95,2010
537843,22645,CERAMIC HEART FAIRY CAKE MONEY BANK,12,2010-12-08 15:16:00,1.45,15713.0,United Kingdom,17.4,2010
519343,22577,WOODEN HEART CHRISTMAS SCANDINAVIAN,12,2010-08-16 12:12:00,0.85,12687.0,Sweden,10.2,2010
530422,22294,HEART FILIGREE DOVE  SMALL,1,2010-11-03 09:36:00,2.51,,United Kingdom,2.51,2010
535677,22457,NATURAL SLATE HEART CHALKBOARD ,6,2010-11-28 12:15:00,2.95,14546.0,United Kingdom,17.700000000000003,2010
517124,22485,SET OF 2 WOODEN MARKET CRATES,2,2010-07-27 09:38:00,12.75,12801.0,Sweden,25.5,2010
556204,22624,IVORY KITCHEN SCALES,2,2011-06-09 13:16:00,8.5,17169.0,United Kingdom,17.0,2011
518881,84568,GIRLS ALPHABET IRON ON PATCHES ,288,2010-08-12 13:14:00,0.21,13069.0,United Kingdom,60.48,2010
508173,85123A,WHITE HANGING HEART T-LIGHT HOLDER,6,2010-05-13 11:57:00,2.95,13888.0,United Kingdom,17.700000000000003,2010
558878,90161B,ANT COPPER TURQ BOUDICCA BRACELET,2,2011-07-04 13:53:00,4.95,16385.0,United Kingdom,9.9,2011
526245,16161P,WRAP ENGLISH ROSE ,50,2010-10-11 09:42:00,0.42,12356.0,Portugal,21.0,2010
504386,22029,SPACEBOY BIRTHDAY CARD,12,2010-04-13 11:38:00,0.42,14057.0,United Kingdom,5.04,2010
544924,21378,SMALL TALL CAMPHOR WOOD TOADSTOOL,6,2011-02-24 17:18:00,1.65,13851.0,United Kingdom,9.899999999999999,2011
526937,22149,FELTCRAFT 6 FLOWER FRIENDS,6,2010-10-14 10:07:00,2.1,17422.0,United Kingdom,12.600000000000001,2010
561321,23034,DRAWER KNOB CERAMIC BLACK,6,2011-07-26 12:59:00,1.45,13668.0,United Kingdom,8.7,2011
573310,21326,AGED GLASS SILVER T-LIGHT HOLDER,2,2011-10-28 16:44:00,1.63,,United Kingdom,3.26,2011
543044,22365,DOORMAT RESPECTABLE HOUSE,2,2011-02-03 08:18:00,7.95,17071.0,United Kingdom,15.9,2011
568057,21086,SET/6 RED SPOTTY PAPER CUPS,9,2011-09-23 12:56:00,1.63,,United Kingdom,14.669999999999998,2011
523911,22379,RECYCLING BAG RETROSPOT ,1,2010-09-24 16:06:00,4.21,,United Kingdom,4.21,2010
566057,21158,MOODY GIRL DOOR HANGER ,10,2011-09-08 15:16:00,0.39,17997.0,United Kingdom,3.9000000000000004,2011
506254,21967,PACK OF 12 SKULL TISSUES,96,2010-04-28 13:59:00,0.29,12714.0,France,27.839999999999996,2010
532757,22633,HAND WARMER UNION JACK,1,2010-11-14 13:42:00,2.1,17288.0,United Kingdom,2.1,2010
560359,85071B,RED CHARLIE+LOLA PERSONAL DOORSIGN,2,2011-07-18 11:47:00,0.39,14159.0,United Kingdom,0.78,2011
501656,21534,DAIRY MAID LARGE MILK JUG,1,2010-03-18 13:08:00,4.95,14648.0,United Kingdom,4.95,2010
531506,22255,FELT TOADSTOOL  SMALL,12,2010-11-08 15:34:00,0.85,12472.0,Germany,10.2,2010
577046,22326,ROUND SNACK BOXES SET OF4 WOODLAND ,24,2011-11-17 13:46:00,2.95,12449.0,Belgium,70.80000000000001,2011
575739,21942,SKULLS DESIGN FLANNEL,1,2011-11-11 09:05:00,1.63,,United Kingdom,1.63,2011
497628,84249D,FAIRY CAKE GREETINGS CARD,12,2010-02-11 13:03:00,0.42,15005.0,United Kingdom,5.04,2010
554151,23207,LUNCH BAG ALPHABET DESIGN,10,2011-05-23 11:07:00,1.65,14049.0,United Kingdom,16.5,2011
547248,22861,EASTER TIN CHICKS IN GARDEN,1,2011-03-22 09:23:00,3.29,,United Kingdom,3.29,2011
542794,22135,MINI LADLE LOVE HEART PINK,2,2011-02-01 10:56:00,0.83,,United Kingdom,1.66,2011
535241,21034,REX CASH+CARRY JUMBO SHOPPER,1,2010-11-25 12:34:00,0.95,16515.0,United Kingdom,0.95,2010
568198,22530,MAGIC DRAWING SLATE DOLLY GIRL ,3,2011-09-25 14:52:00,0.42,16771.0,United Kingdom,1.26,2011
514913,22485,SET OF 2 WOODEN MARKET CRATES,1,2010-07-07 11:17:00,25.49,,United Kingdom,25.49,2010
499297,22089,PAPER BUNTING VINTAGE PAISLEY,120,2010-02-25 20:16:00,2.0,18102.0,United Kingdom,240.0,2010
523344,84832,ZINC WILLIE WINKIE  CANDLE STICK,7,2010-09-21 15:51:00,0.85,13031.0,United Kingdom,5.95,2010
524201,22034,ROBIN CHRISTMAS CARD,36,2010-09-28 09:42:00,0.42,17863.0,United Kingdom,15.12,2010
565401,21041,RED RETROSPOT OVEN GLOVE DOUBLE,1,2011-09-02 17:38:00,2.95,16686.0,United Kingdom,2.95,2011
543651,22644,CERAMIC CHERRY CAKE MONEY BANK,12,2011-02-11 10:06:00,1.45,16306.0,United Kingdom,17.4,2011
534859,85018D,YULETIDE IMAGES S/6 PAPER BOXES,1,2010-11-24 13:56:00,2.55,,United Kingdom,2.55,2010
561626,22496,SET OF 2 ROUND TINS DUTCH CHEESE,1,2011-07-28 14:03:00,2.95,14898.0,United Kingdom,2.95,2011
557961,23199,JUMBO BAG APPLES,10,2011-06-24 08:40:00,2.08,18257.0,United Kingdom,20.8,2011
524999,22910,PAPER CHAIN KIT VINTAGE CHRISTMAS,3,2010-10-01 17:34:00,5.91,,United Kingdom,17.73,2010
547937,21270,ANTIQUE CREAM CUTLERY CUPBOARD,1,2011-03-28 14:27:00,12.75,15068.0,United Kingdom,12.75,2011
579125,22866,HAND WARMER SCOTTY DOG DESIGN,12,2011-11-28 12:19:00,2.1,14215.0,United Kingdom,25.200000000000003,2011
515149,85132C,CHARLIE AND LOLA FIGURES TINS,1,2010-07-08 14:45:00,9.95,12963.0,United Kingdom,9.95,2010
521394,22851,SET 20 NAPKINS FAIRY CAKES DESIGN ,12,2010-09-05 15:32:00,0.85,14318.0,United Kingdom,10.2,2010
556091,82600,NO SINGING METAL SIGN,1,2011-06-08 15:25:00,4.13,,United Kingdom,4.13,2011
564840,23078,ICE CREAM PEN LIP GLOSS ,1,2011-08-30 12:49:00,2.46,,United Kingdom,2.46,2011
500611,16206B,RED PURSE WITH PINK HEART,2,2010-03-09 10:42:00,1.25,17266.0,United Kingdom,2.5,2010
518426,22652,TRAVEL SEWING KIT,12,2010-08-09 09:45:00,1.65,16170.0,United Kingdom,19.799999999999997,2010
554808,21623,VINTAGE UNION JACK MEMOBOARD,2,2011-05-26 13:01:00,9.95,17059.0,United Kingdom,19.9,2011
515009,22139,RETRO SPOT TEA SET CERAMIC 11 PC ,3,2010-07-07 16:00:00,4.95,14175.0,United Kingdom,14.850000000000001,2010
502486,48187,DOOR MAT NEW ENGLAND,2,2010-03-24 17:43:00,13.57,,United Kingdom,27.14,2010
578702,20914,SET/5 RED RETROSPOT LID GLASS BOWLS,6,2011-11-25 10:58:00,2.95,15382.0,United Kingdom,17.700000000000003,2011
562965,22147,FELTCRAFT BUTTERFLY HEARTS,12,2011-08-11 10:45:00,1.45,18226.0,United Kingdom,17.4,2011
580539,23239,SET OF 4 KNICK KNACK TINS POPPIES,6,2011-12-05 08:39:00,1.65,18180.0,United Kingdom,9.899999999999999,2011
516790,22596,CHRISTMAS STAR WISH LIST CHALKBOARD,2,2010-07-23 10:35:00,0.85,17963.0,United Kingdom,1.7,2010
529746,21524,DOORMAT SPOTTY HOME SWEET HOME,1,2010-10-29 14:18:00,16.98,,United Kingdom,16.98,2010
566605,21165,BEWARE OF THE CAT METAL SIGN ,2,2011-09-13 16:27:00,1.69,13263.0,United Kingdom,3.38,2011
503183,22467,GUMBALL COAT RACK,36,2010-03-30 14:26:00,1.18,18102.0,United Kingdom,42.48,2010
520948,22663,JUMBO BAG DOLLY GIRL DESIGN,100,2010-09-01 11:05:00,1.65,14646.0,Netherlands,165.0,2010
517218,22501,PICNIC BASKET WICKER LARGE,2,2010-07-27 12:22:00,9.95,13384.0,United Kingdom,19.9,2010
575212,21916,SET 12 RETRO WHITE CHALK STICKS,24,2011-11-09 10:41:00,0.42,14108.0,United Kingdom,10.08,2011
527970,82551,LAUNDRY 15C METAL SIGN,12,2010-10-20 10:03:00,1.45,13981.0,United Kingdom,17.4,2010
540240,16225,RATTLE SNAKE EGGS,24,2011-01-05 15:09:00,0.42,17585.0,United Kingdom,10.08,2011
511951,21100,CHARLIE AND LOLA CHARLOTTE BAG,1,2010-06-11 12:54:00,1.65,,United Kingdom,1.65,2010
503059,21742,LARGE ROUND WICKER PLATTER ,2,2010-03-29 16:14:00,5.95,13831.0,United Kingdom,11.9,2010
544177,20681,PINK POLKADOT CHILDRENS UMBRELLA,6,2011-02-16 14:27:00,3.25,13001.0,United Kingdom,19.5,2011
581498,23311,VINTAGE CHRISTMAS STOCKING ,6,2011-12-09 10:26:00,4.96,,United Kingdom,29.759999999999998,2011
519620,84997D,PINK 3 PIECE MINI DOTS CUTLERY SET,30,2010-08-19 09:30:00,3.75,14952.0,United Kingdom,112.5,2010
581467,85174,S/4 CACTI CANDLES,1,2011-12-08 19:24:00,4.95,13077.0,United Kingdom,4.95,2011
559121,84927E,FLOWERS TILE HOOK,12,2011-07-06 12:18:00,0.39,13599.0,United Kingdom,4.68,2011
491812,21070,VINTAGE BILLBOARD MUG ,144,2009-12-14 13:23:00,0.38,13694.0,United Kingdom,54.72,2009
541497,22728,ALARM CLOCK BAKELIKE PINK,1,2011-01-18 15:19:00,7.46,,United Kingdom,7.46,2011
552229,21790,VINTAGE SNAP CARDS,1,2011-05-06 15:40:00,1.63,,United Kingdom,1.63,2011
555979,84212,"ASSORTED FLOWER COLOUR ""LEIS""",480,2011-06-08 11:18:00,0.42,15039.0,United Kingdom,201.6,2011
566288,22666,RECIPE BOX PANTRY YELLOW DESIGN,6,2011-09-11 15:18:00,2.95,12883.0,United Kingdom,17.700000000000003,2011
549542,22778,GLASS CLOCHE SMALL,48,2011-04-10 11:11:00,3.39,15311.0,United Kingdom,162.72,2011
577520,21896,POTTING SHED TWINE,1,2011-11-20 13:20:00,2.1,14553.0,United Kingdom,2.1,2011
538639,21238,RED RETROSPOT CUP,5,2010-12-13 14:24:00,0.85,17179.0,United Kingdom,4.25,2010
519560,21849,SILVER DIAMANTE PEN IN GIFT BOX,2,2010-08-18 11:34:00,4.21,,United Kingdom,8.42,2010
515149,20685,DOORMAT RED SPOT,2,2010-07-08 14:45:00,7.49,12963.0,United Kingdom,14.98,2010
511006,35241,ENAMEL BLUE RIM BISCUIT BIN,1,2010-06-04 14:55:00,10.17,,United Kingdom,10.17,2010
498345,22169,FAMILY ALBUM WHITE PICTURE FRAME,2,2010-02-18 11:53:00,8.5,13431.0,United Kingdom,17.0,2010
524087,20981,12 PENCILS TALL TUBE WOODLAND,1,2010-09-27 11:41:00,1.66,,United Kingdom,1.66,2010
532807,21212,PACK OF 72 RETROSPOT CAKE CASES,1,2010-11-14 15:17:00,0.55,17841.0,United Kingdom,0.55,2010
569914,20718,RED RETROSPOT SHOPPER BAG,20,2011-10-06 16:54:00,1.25,14257.0,United Kingdom,25.0,2011
558040,23013,GLASS APOTHECARY BOTTLE TONIC,4,2011-06-24 12:51:00,3.95,14309.0,United Kingdom,15.8,2011
574103,23570,TRADITIONAL PICK UP STICKS GAME ,12,2011-11-03 10:30:00,1.25,13636.0,United Kingdom,15.0,2011
500234,21906,PHARMACIE FIRST AID TIN,1,2010-03-05 11:50:00,6.75,17841.0,United Kingdom,6.75,2010
494490,22291,"SPRING DEC , HANGING CHICK CREAM",24,2010-01-14 17:20:00,1.25,17850.0,United Kingdom,30.0,2010
510548,21535,RED RETROSPOT SMALL MILK JUG,1,2010-06-01 15:59:00,2.55,18038.0,United Kingdom,2.55,2010
559866,23007, SPACEBOY BABY GIFT SET,1,2011-07-13 10:43:00,16.95,15795.0,United Kingdom,16.95,2011
524264,22867,HAND WARMER BIRD DESIGN,2,2010-09-28 11:35:00,2.1,,United Kingdom,4.2,2010
523556,85035b,CHOCOLATE 3 WICK MORRIS BOX CANDLE,1,2010-09-22 15:11:00,8.47,,United Kingdom,8.47,2010
540648,22328,ROUND SNACK BOXES SET OF 4 FRUITS ,75,2011-01-10 14:58:00,2.55,15061.0,United Kingdom,191.25,2011
520390,22423,REGENCY CAKESTAND 3 TIER,2,2010-08-25 15:31:00,12.75,18196.0,United Kingdom,25.5,2010
536796,21268,VINTAGE BLUE TINSEL REEL,2,2010-12-02 15:46:00,0.42,15574.0,United Kingdom,0.84,2010
506747,47422,ASSORTED MONKEY SUCTION CUP HOOK,24,2010-05-04 11:31:00,0.42,15183.0,United Kingdom,10.08,2010
513750,84997D,PINK 3 PIECE MINI DOTS CUTLERY SET,5,2010-06-28 12:38:00,3.75,17019.0,United Kingdom,18.75,2010
557755,21175,GIN + TONIC DIET METAL SIGN,12,2011-06-22 13:14:00,2.55,14733.0,United Kingdom,30.599999999999998,2011
495504,22358,KINGS CHOICE TEA CADDY ,2,2010-01-25 13:14:00,2.95,16795.0,United Kingdom,5.9,2010
504928,22423,REGENCY CAKESTAND 3 TIER,1,2010-04-19 10:59:00,25.49,,United Kingdom,25.49,2010
580279,23029,DRAWER KNOB CRACKLE GLAZE GREEN,12,2011-12-02 13:12:00,1.65,15123.0,United Kingdom,19.799999999999997,2011
506709,21755,LOVE BUILDING BLOCK WORD,1,2010-05-02 15:10:00,5.95,15426.0,United Kingdom,5.95,2010
528082,21836,GINGHAM OVEN GLOVE RED HEART ,1,2010-10-20 12:53:00,3.75,16521.0,United Kingdom,3.75,2010
570196,22835,HOT WATER BOTTLE I AM SO POORLY,12,2011-10-07 15:40:00,4.95,18136.0,United Kingdom,59.400000000000006,2011
528952,22734,SET OF 6 RIBBONS VINTAGE CHRISTMAS,1,2010-10-25 16:57:00,5.06,,United Kingdom,5.06,2010
536223,22489,PACK OF 12 TRADITIONAL CRAYONS,24,2010-11-30 13:55:00,0.42,13650.0,United Kingdom,10.08,2010
558904,21128,GOLD FISHING GNOME,1,2011-07-04 16:18:00,12.46,,United Kingdom,12.46,2011
531971,22149,FELTCRAFT 6 FLOWER FRIENDS,6,2010-11-10 12:24:00,2.1,13464.0,United Kingdom,12.600000000000001,2010
581469,22543,MINI JIGSAW BAKE A CAKE ,1,2011-12-08 19:28:00,0.19,14606.0,United Kingdom,0.19,2011
526151,22951,60 CAKE CASES DOLLY GIRL DESIGN,1,2010-10-08 15:19:00,1.28,,United Kingdom,1.28,2010
555567,21218,RED SPOTTY BISCUIT TIN,1,2011-06-05 15:25:00,3.75,17050.0,United Kingdom,3.75,2011
544790,21982,PACK OF 12 SUKI TISSUES ,12,2011-02-23 12:27:00,0.29,16940.0,United Kingdom,3.4799999999999995,2011
494214,22242,"HOOK, 5 HANGER , MAGIC TOADSTOOL",24,2010-01-12 11:45:00,1.65,12623.0,Germany,39.599999999999994,2010
571286,23323,WHITE WICKER STAR ,2,2011-10-16 14:35:00,2.1,14547.0,United Kingdom,4.2,2011
558877,22968,ROSE COTTAGE KEEPSAKE BOX ,1,2011-07-04 13:50:00,9.95,17841.0,United Kingdom,9.95,2011
576213,85111,SILVER GLITTER FLOWER VOTIVE HOLDER,6,2011-11-14 12:47:00,0.29,18117.0,United Kingdom,1.7399999999999998,2011
580434,82482,WOODEN PICTURE FRAME WHITE FINISH,3,2011-12-04 12:17:00,2.95,17114.0,United Kingdom,8.850000000000001,2011
559929,22709,WRAP WEDDING DAY,25,2011-07-14 09:10:00,0.42,14265.0,Unspecified,10.5,2011
492269,79323W, WHITE CHERRY LIGHTS,24,2009-12-16 11:23:00,5.45,17677.0,United Kingdom,130.8,2009
536363,22754,SMALL RED BABUSHKA NOTEBOOK ,24,2010-11-30 19:27:00,0.85,13093.0,United Kingdom,20.4,2010
581114,22835,HOT WATER BOTTLE I AM SO POORLY,2,2011-12-07 12:19:00,4.95,14527.0,United Kingdom,9.9,2011
490924,21827,EIGHT PIECE CREEPY CRAWLIE SET,1,2009-12-08 13:27:00,1.25,17978.0,United Kingdom,1.25,2009
531236,22620,4 TRADITIONAL SPINNING TOPS,12,2010-11-07 10:15:00,1.25,15560.0,United Kingdom,15.0,2010
513617,79029,GLASS HONEYPOT WASP CATCHER,10,2010-06-27 12:32:00,1.95,16950.0,United Kingdom,19.5,2010
566163,20682,RED RETROSPOT CHILDRENS UMBRELLA,12,2011-09-09 11:48:00,3.25,12637.0,France,39.0,2011
538841,22197,SMALL POPCORN HOLDER,20,2010-12-14 13:11:00,0.85,16899.0,United Kingdom,17.0,2010
511960,21541,DINOSAURS WATER TRANSFER TATTOOS ,2,2010-06-11 13:23:00,0.85,14727.0,United Kingdom,1.7,2010
541516,84912B,GREEN ROSE WASHBAG,1,2011-01-18 17:34:00,3.29,,United Kingdom,3.29,2011
572066,23318,BOX OF 6 MINI VINTAGE CRACKERS,12,2011-10-20 13:07:00,2.49,15159.0,United Kingdom,29.880000000000003,2011
531945,22804,CANDLEHOLDER PINK HANGING HEART,12,2010-11-10 12:16:00,2.95,12997.0,United Kingdom,35.400000000000006,2010
525088,21527,RED RETROSPOT TRADITIONAL TEAPOT ,1,2010-10-03 16:04:00,7.95,17366.0,United Kingdom,7.95,2010
535662,20802,SMALL GLASS SUNDAE DISH CLEAR,8,2010-11-28 11:37:00,1.65,16782.0,United Kingdom,13.2,2010
528657,22308,TEA COSY BLUE STRIPE,2,2010-10-24 12:44:00,2.55,14277.0,France,5.1,2010
547789,23006,TRAVEL CARD WALLET FLOWER MEADOW,24,2011-03-25 12:04:00,0.42,14911.0,EIRE,10.08,2011
524624,22835,HOT WATER BOTTLE I AM SO POORLY,8,2010-09-30 10:49:00,4.65,17340.0,United Kingdom,37.2,2010
538635,22411,JUMBO SHOPPER VINTAGE RED PAISLEY,2,2010-12-13 13:32:00,1.95,17303.0,United Kingdom,3.9,2010
556527,23193,BUFFALO BILL TREASURE BOOK BOX,1,2011-06-13 11:33:00,2.25,16205.0,United Kingdom,2.25,2011
490823,20903,VINTAGE KEEPSAKE BOX TRAVELOGUE,24,2009-12-08 12:34:00,1.95,14841.0,United Kingdom,46.8,2009
551339,21627,ELEPHANT CARNIVAL POUFFE,1,2011-04-27 17:18:00,29.17,,United Kingdom,29.17,2011
551389,21086,SET/6 RED SPOTTY PAPER CUPS,48,2011-04-28 11:45:00,0.65,12437.0,France,31.200000000000003,2011
497844,22372,AIRLINE BAG VINTAGE WORLD CHAMPION ,2,2010-02-12 15:51:00,6.35,17258.0,United Kingdom,12.7,2010
575520,82616B,FRAPPUCINO SCARF KNITTING KIT,12,2011-11-10 10:56:00,1.25,17537.0,United Kingdom,15.0,2011
520685,22664,TOY TIDY DOLLY GIRL DESIGN,1,2010-08-27 15:49:00,4.21,,United Kingdom,4.21,2010
510188,22090,PAPER BUNTING RETRO SPOTS,2,2010-05-27 16:54:00,2.95,12854.0,United Kingdom,5.9,2010
499308,21361,LOVE LARGE WOOD LETTERS ,2,2010-02-26 10:11:00,12.75,14329.0,United Kingdom,25.5,2010
531489,21648,ASSORTED TUTTI FRUTTI SMALL PURSE,3,2010-11-08 15:02:00,2.51,,United Kingdom,7.529999999999999,2010
510424,85152,HAND OVER THE CHOCOLATE   SIGN ,1,2010-05-30 12:30:00,2.1,17085.0,United Kingdom,2.1,2010
504121,22550,HOLIDAY FUN LUDO,2,2010-04-11 10:16:00,3.75,16104.0,United Kingdom,7.5,2010
580639,37413,ICON MUG REVOLUTIONARY,1,2011-12-05 12:46:00,0.39,17254.0,United Kingdom,0.39,2011
553200,22465,HANGING METAL STAR LANTERN,6,2011-05-15 15:14:00,1.65,16034.0,United Kingdom,9.899999999999999,2011
580676,35961,FOLKART ZINC HEART CHRISTMAS DEC,3,2011-12-05 14:39:00,0.85,17817.0,United Kingdom,2.55,2011
577358,21494,ROTATING LEAVES T-LIGHT HOLDER,5,2011-11-18 15:59:00,2.46,,United Kingdom,12.3,2011
526642,35599D,PINK AND WHITE CHRISTMAS TREE 120CM,12,2010-10-12 13:26:00,2.95,12647.0,Germany,35.400000000000006,2010
550328,22055,MINI CAKE STAND  HANGING STRAWBERY,1,2011-04-17 13:18:00,1.65,17582.0,United Kingdom,1.65,2011
536162,22582,PACK OF 6 SWEETIE GIFT BOXES,11,2010-11-30 12:07:00,2.1,15939.0,United Kingdom,23.1,2010
530953,22840,ROUND CAKE TIN VINTAGE RED,1,2010-11-04 18:42:00,7.95,18168.0,United Kingdom,7.95,2010
535425,84375,SET OF 20 KIDS COOKIE CUTTERS,1,2010-11-26 12:00:00,2.1,17796.0,United Kingdom,2.1,2010
503589,84821,DANISH ROSE DELUXE COASTER,4,2010-04-01 18:23:00,0.85,14710.0,United Kingdom,3.4,2010
527142,22745,POPPY'S PLAYHOUSE BEDROOM ,12,2010-10-15 10:18:00,2.1,13722.0,United Kingdom,25.200000000000003,2010
515619,22454,MEASURING TAPE RUSSIAN DOLL RED,6,2010-07-14 09:22:00,2.95,14911.0,EIRE,17.700000000000003,2010
495352,22354,RETRO SPOT PADDED SEAT CUSHION,4,2010-01-24 11:15:00,3.75,17335.0,United Kingdom,15.0,2010
577485,23192,BUNDLE OF 3 ALPHABET EXERCISE BOOKS,2,2011-11-20 11:56:00,1.65,16360.0,United Kingdom,3.3,2011
514728,21668,RED STRIPE CERAMIC DRAWER KNOB,2,2010-07-06 09:51:00,2.51,,United Kingdom,5.02,2010
521949,72818,CHRISTMAS DECOUPAGE CANDLE,12,2010-09-09 17:16:00,0.85,15150.0,United Kingdom,10.2,2010
581224,51014A,"FEATHER PEN,HOT PINK",24,2011-12-08 09:47:00,0.39,17631.0,United Kingdom,9.36,2011
527968,22625,RED KITCHEN SCALES,2,2010-10-20 09:59:00,8.5,16133.0,United Kingdom,17.0,2010
524698,21066,VINTAGE RED MUG,4,2010-09-30 12:12:00,2.51,,United Kingdom,10.04,2010
494233,22212,FOUR HOOK  WHITE LOVEBIRDS,12,2010-01-12 14:33:00,2.1,15093.0,United Kingdom,25.200000000000003,2010
493073,21833,CAMOUFLAGE LED TORCH,1,2009-12-22 09:41:00,3.43,,United Kingdom,3.43,2009
527890,22746,POPPY'S PLAYHOUSE LIVINGROOM ,4,2010-10-19 12:15:00,2.1,17365.0,United Kingdom,8.4,2010
577768,90192,JADE DROP EARRINGS W FILIGREE,1,2011-11-21 15:18:00,4.98,,United Kingdom,4.98,2011
566591,17084P,DRAGONS BLOOD INCENSE,25,2011-09-13 14:53:00,0.21,16036.0,United Kingdom,5.25,2011
569137,22469,HEART OF WICKER SMALL,2,2011-09-30 14:45:00,4.13,,United Kingdom,8.26,2011
562596,21933,PINK VINTAGE PAISLEY PICNIC BAG,10,2011-08-08 09:22:00,1.65,16145.0,United Kingdom,16.5,2011
572082,22950,36 DOILIES VINTAGE CHRISTMAS,12,2011-10-20 14:18:00,1.45,17672.0,United Kingdom,17.4,2011
498934,21094,SET/6 RED SPOTTY PAPER PLATES,2,2010-02-24 10:42:00,1.66,,United Kingdom,3.32,2010
496651,22220,CAKE STAND LOVEBIRD 2 TIER WHITE,1,2010-02-03 12:21:00,9.95,13553.0,United Kingdom,9.95,2010
511057,21080,SET/20 RED SPOTTY PAPER NAPKINS ,12,2010-06-06 12:24:00,0.85,15796.0,United Kingdom,10.2,2010
561906,22367,CHILDRENS APRON SPACEBOY DESIGN,8,2011-08-01 10:03:00,1.95,12921.0,United Kingdom,15.6,2011
528618,21016,LIGHT BIRD HOUSE TREE DECORATION,1,2010-10-22 17:07:00,0.85,13263.0,United Kingdom,0.85,2010
537434,22445,PENCIL CASE LIFE IS BEAUTIFUL,1,2010-12-06 16:57:00,5.91,,United Kingdom,5.91,2010
539743,22501,PICNIC BASKET WICKER LARGE,1,2010-12-21 15:20:00,21.23,,United Kingdom,21.23,2010
517817,22581,WOOD STOCKING CHRISTMAS SCANDISPOT,96,2010-08-02 12:12:00,0.72,18087.0,United Kingdom,69.12,2010
560445,21485,RETROSPOT HEART HOT WATER BOTTLE,72,2011-07-19 09:08:00,4.25,14156.0,EIRE,306.0,2011
491155,22353,LUNCHBOX WITH CUTLERY FAIRY CAKES ,1,2009-12-10 09:49:00,5.17,,United Kingdom,5.17,2009
558563,23263,SET OF 3 WOODEN HEART DECORATIONS,12,2011-06-30 13:43:00,1.25,14561.0,United Kingdom,15.0,2011
540832,21327,SKULLS WRITING SET ,4,2011-01-11 14:42:00,2.46,,United Kingdom,9.84,2011
534713,20956,PORCELAIN T-LIGHT HOLDERS ASSORTED,6,2010-11-23 17:21:00,1.25,17576.0,United Kingdom,7.5,2010
555640,84755,COLOUR GLASS T-LIGHT HOLDER HANGING,16,2011-06-06 13:06:00,0.65,14475.0,United Kingdom,10.4,2011
552538,22838,3 TIER CAKE TIN RED AND CREAM,1,2011-05-10 10:11:00,14.95,13692.0,United Kingdom,14.95,2011
520058,21936,RED RETROSPOT PICNIC BAG,10,2010-08-23 15:27:00,2.95,13408.0,United Kingdom,29.5,2010
546850,84992,72 SWEETHEART FAIRY CAKE CASES,1,2011-03-17 13:20:00,0.55,13268.0,United Kingdom,0.55,2011
565777,47567B,TEA TIME KITCHEN APRON,6,2011-09-06 14:53:00,5.95,12569.0,Germany,35.7,2011
504938,22296,HEART IVORY TRELLIS LARGE,12,2010-04-19 11:36:00,1.65,15321.0,United Kingdom,19.799999999999997,2010
529502,21980,PACK OF 12 RED RETROSPOT TISSUES ,2,2010-10-28 14:11:00,0.29,15167.0,United Kingdom,0.58,2010
570872,82484,WOOD BLACK BOARD ANT WHITE FINISH,1,2011-10-12 16:40:00,16.63,,United Kingdom,16.63,2011
554079,22170,PICTURE FRAME WOOD TRIPLE PORTRAIT,4,2011-05-22 11:41:00,6.75,14546.0,United Kingdom,27.0,2011
538009,48188,DOORMAT WELCOME PUPPIES,2,2010-12-09 12:17:00,7.95,14911.0,EIRE,15.9,2010
499597,84458,S/3 RABBIT FLOWER/EGG/CARROT ROPE,12,2010-03-01 12:31:00,0.85,16037.0,United Kingdom,10.2,2010
543448,22113,GREY HEART HOT WATER BOTTLE,1,2011-02-08 12:12:00,8.29,,United Kingdom,8.29,2011
518315,22194,BLACK DINER WALL CLOCK,2,2010-08-06 12:15:00,8.5,13102.0,United Kingdom,17.0,2010
567868,23515,EMBROIDERED RIBBON REEL DAISY ,6,2011-09-22 14:18:00,2.08,17603.0,United Kingdom,12.48,2011
560926,22470,HEART OF WICKER LARGE,1,2011-07-22 09:20:00,5.79,,United Kingdom,5.79,2011
519237,22055,MINI CAKE STAND  HANGING STRAWBERY,1,2010-08-15 13:26:00,1.65,13715.0,United Kingdom,1.65,2010
570197,22382,LUNCH BAG SPACEBOY DESIGN ,2,2011-10-07 15:45:00,1.65,13755.0,United Kingdom,3.3,2011
492784,22114,HOT WATER BOTTLE TEA AND SYMPATHY,2,2009-12-18 17:24:00,3.95,17841.0,United Kingdom,7.9,2009
531016,84754,S/15 SILVER GLASS BAUBLES IN BAG,4,2010-11-05 11:43:00,1.25,17790.0,United Kingdom,5.0,2010
505731,22052,VINTAGE CARAVAN GIFT WRAP,25,2010-04-25 15:09:00,0.42,16558.0,United Kingdom,10.5,2010
489679,21299,EDWARDIAN TOILET ROLL UNIT ,1,2009-12-02 10:00:00,12.75,16163.0,United Kingdom,12.75,2009
569472,84947,ANTIQUE SILVER TEA GLASS ENGRAVED,6,2011-10-04 12:38:00,1.25,14515.0,United Kingdom,7.5,2011
539958,84510C,SET OF 4 POLKADOT COASTERS,2,2010-12-23 13:26:00,2.51,,United Kingdom,5.02,2010
504916,22383,LUNCH BAG SUKI  DESIGN ,1,2010-04-19 10:28:00,4.21,,United Kingdom,4.21,2010
570249,23076,ICE CREAM SUNDAE LIP GLOSS,24,2011-10-10 08:58:00,1.25,17509.0,United Kingdom,30.0,2011
553184,22196,SMALL HEART MEASURING SPOONS,5,2011-05-15 12:33:00,0.85,13232.0,United Kingdom,4.25,2011
546846,22720,SET OF 3 CAKE TINS PANTRY DESIGN ,1,2011-03-17 12:47:00,4.95,13533.0,United Kingdom,4.95,2011
502063,21650,ASSORTED TUTTI FRUTTI BRACELET,24,2010-03-22 15:08:00,0.65,14355.0,United Kingdom,15.600000000000001,2010
545058,22998,TRAVEL CARD WALLET KEEP CALM,24,2011-02-27 13:03:00,0.42,13767.0,United Kingdom,10.08,2011
537823,21058,PARTY INVITES WOODLAND,1,2010-12-08 14:25:00,1.66,,United Kingdom,1.66,2010
522987,84792,ENCHANTED BIRD COATHANGER 5 HOOK,2,2010-09-19 14:51:00,4.65,17625.0,United Kingdom,9.3,2010
555650,22674,FRENCH TOILET SIGN BLUE METAL,12,2011-06-06 13:48:00,1.25,14156.0,EIRE,15.0,2011
525032,21745,GAOLERS KEYS DECORATIVE GARDEN ,1,2010-10-03 12:23:00,3.75,13642.0,United Kingdom,3.75,2010
581397,21123,SET/10 IVORY POLKADOT PARTY CANDLES,24,2011-12-08 13:25:00,1.25,17668.0,United Kingdom,30.0,2011
510325,22280,POCKET BAG PINK PAISELY BROWN SPOT,5,2010-05-28 12:52:00,2.1,14395.0,United Kingdom,10.5,2010
575747,23294,SET OF 6 SNACK LOAF BAKING CASES,8,2011-11-11 10:19:00,0.83,12589.0,France,6.64,2011
568947,21213,PACK OF 72 SKULL CAKE CASES,24,2011-09-29 15:04:00,0.55,14696.0,United Kingdom,13.200000000000001,2011
537212,22624,IVORY KITCHEN SCALES,2,2010-12-05 15:21:00,8.5,12720.0,Germany,17.0,2010
505884,84991,60 TEATIME FAIRY CAKE CASES,24,2010-04-26 13:54:00,0.55,14911.0,EIRE,13.200000000000001,2010
540355,22080,RIBBON REEL POLKADOTS ,1,2011-01-06 15:11:00,4.21,,United Kingdom,4.21,2011
510410,22355,CHARLOTTE BAG SUKI DESIGN,4,2010-05-28 17:25:00,1.66,,United Kingdom,6.64,2010
496374,22413,METAL SIGN TAKE IT OR LEAVE IT ,6,2010-02-01 11:37:00,2.95,13259.0,United Kingdom,17.700000000000003,2010
547358,21726,MULTI HEARTS  STICKERS,6,2011-03-22 12:25:00,0.85,15998.0,United Kingdom,5.1,2011
579777,21159,MOODY BOY  DOOR HANGER ,1,2011-11-30 15:13:00,3.29,,United Kingdom,3.29,2011
527965,22348,TEA BAG PLATE RED RETROSPOT,24,2010-10-20 09:46:00,0.85,17865.0,United Kingdom,20.4,2010
516452,71477,COLOUR GLASS. STAR T-LIGHT HOLDER,4,2010-07-20 13:17:00,3.25,13154.0,United Kingdom,13.0,2010
536865,21916,SET 12 RETRO WHITE CHALK STICKS,2,2010-12-03 11:28:00,0.81,,United Kingdom,1.62,2010
550483,22998,TRAVEL CARD WALLET KEEP CALM,5,2011-04-18 14:12:00,0.42,16033.0,United Kingdom,2.1,2011
530655,20675,BLUE POLKADOT BOWL,8,2010-11-04 09:54:00,1.25,13987.0,United Kingdom,10.0,2010
576665,21481,FAWN BLUE HOT WATER BOTTLE,3,2011-11-16 11:46:00,3.75,17841.0,United Kingdom,11.25,2011
547788,72807A,SET/3 ROSE CANDLE IN JEWELLED BOX,1,2011-03-25 12:00:00,8.29,,United Kingdom,8.29,2011
550515,22523,CHILDS GARDEN FORK PINK,2,2011-04-18 17:29:00,0.85,14502.0,United Kingdom,1.7,2011
574722,22578,WOODEN STAR CHRISTMAS SCANDINAVIAN,10,2011-11-06 14:45:00,0.29,14502.0,United Kingdom,2.9,2011
491010,21011,GLITTER SNOW PEAR TREE DECORATION,36,2009-12-08 18:07:00,0.38,15194.0,United Kingdom,13.68,2009
552905,22178,VICTORIAN GLASS HANGING T-LIGHT,12,2011-05-12 11:10:00,1.25,15974.0,United Kingdom,15.0,2011
578469,23158,SET OF 5 LUCKY CAT MAGNETS ,12,2011-11-24 12:36:00,2.08,12471.0,Germany,24.96,2011
502301,21130,COLOURFUL STANDING GNOME,12,2010-03-24 09:26:00,3.45,17082.0,United Kingdom,41.400000000000006,2010
539739,22900, SET 2 TEA TOWELS I LOVE LONDON ,1,2010-12-21 15:19:00,4.21,,United Kingdom,4.21,2010
525089,22804,CANDLEHOLDER PINK HANGING HEART,5,2010-10-03 16:05:00,2.95,13561.0,United Kingdom,14.75,2010
529161,21240,BLUE POLKADOT CUP,16,2010-10-26 17:23:00,0.85,15390.0,Canada,13.6,2010
495953,21871,SAVE THE PLANET MUG,1,2010-01-27 17:56:00,3.36,,United Kingdom,3.36,2010
506434,22209,WOOD STAMP SET HAPPY BIRTHDAY,1,2010-04-29 15:34:00,1.65,13173.0,United Kingdom,1.65,2010
570000,22509,SEWING BOX RETROSPOT DESIGN ,2,2011-10-07 08:55:00,16.95,12420.0,Cyprus,33.9,2011
510997,20713,JUMBO BAG OWLS,10,2010-06-04 14:32:00,1.95,13564.0,United Kingdom,19.5,2010
549927,21535,RED RETROSPOT SMALL MILK JUG,60,2011-04-13 10:19:00,2.1,16684.0,United Kingdom,126.0,2011
537609,21754,HOME BUILDING BLOCK WORD,12,2010-12-07 13:22:00,5.95,17675.0,United Kingdom,71.4,2010
520728,22411,JUMBO SHOPPER VINTAGE RED PAISLEY,20,2010-08-29 15:47:00,1.95,18226.0,United Kingdom,39.0,2010
522116,22866,HAND WARMER SCOTTY DOG DESIGN,6,2010-09-12 16:08:00,2.1,17921.0,United Kingdom,12.600000000000001,2010
566221,22348,TEA BAG PLATE RED RETROSPOT,1,2011-09-09 16:13:00,1.63,,United Kingdom,1.63,2011
560772,22182,CAKE STAND VICTORIAN FILIGREE SMALL,1,2011-07-20 16:12:00,4.13,,United Kingdom,4.13,2011
535241,22142,CHRISTMAS CRAFT WHITE FAIRY ,2,2010-11-25 12:34:00,1.45,16515.0,United Kingdom,2.9,2010
504114,47566,PARTY BUNTING,1,2010-04-09 15:00:00,8.47,,United Kingdom,8.47,2010
578265,23494,VINTAGE DOILY DELUXE SEWING KIT ,3,2011-11-23 13:28:00,5.95,13018.0,United Kingdom,17.85,2011
524963,21818,GLITTER CHRISTMAS HEART ,12,2010-10-01 13:50:00,0.85,17706.0,United Kingdom,10.2,2010
544599,22814,CARD PARTY GAMES ,1,2011-02-21 18:15:00,0.83,,United Kingdom,0.83,2011
524750,85178,VICTORIAN SEWING KIT,12,2010-09-30 15:12:00,1.25,12963.0,United Kingdom,15.0,2010
493398,21157,RED SPOTTY WASHBAG,2,2009-12-23 14:19:00,2.1,12835.0,United Kingdom,4.2,2009
505206,82582,AREA PATROLLED METAL SIGN,12,2010-04-20 16:46:00,2.1,13078.0,United Kingdom,25.200000000000003,2010
511375,84327A,PINK JUMPER LARRY THE LAMB,48,2010-06-08 11:28:00,1.69,16843.0,United Kingdom,81.12,2010
546891,22356,CHARLOTTE BAG PINK POLKADOT,1,2011-03-17 18:18:00,1.63,,United Kingdom,1.63,2011
566571,22844,VINTAGE CREAM DOG FOOD CONTAINER,2,2011-09-13 12:49:00,8.5,17037.0,United Kingdom,17.0,2011
575138,21894,POTTING SHED SEED ENVELOPES,1,2011-11-08 15:24:00,2.46,,United Kingdom,2.46,2011
565674,23425,STORAGE TIN HOME SWEET HOME,6,2011-09-06 09:49:00,2.49,15271.0,United Kingdom,14.940000000000001,2011
529621,22625,RED KITCHEN SCALES,1,2010-10-29 11:39:00,8.5,15570.0,United Kingdom,8.5,2010
573745,21890,S/6 WOODEN SKITTLES IN COTTON BAG,6,2011-11-01 08:53:00,3.25,17419.0,United Kingdom,19.5,2011
536266,20972,PINK CREAM FELT CRAFT TRINKET BOX ,24,2010-11-30 15:55:00,1.25,17170.0,United Kingdom,30.0,2010
551145,22499,WOODEN UNION JACK BUNTING,9,2011-04-26 13:37:00,5.95,16168.0,United Kingdom,53.550000000000004,2011
490149,21412,VINTAGE GOLD TINSEL REEL,3,2009-12-04 09:43:00,4.3,,United Kingdom,12.899999999999999,2009
514728,21673,WHITE SPOT BLUE CERAMIC DRAWER KNOB,2,2010-07-06 09:51:00,2.51,,United Kingdom,5.02,2010
517719,22563,HAPPY STENCIL CRAFT,1,2010-08-01 12:02:00,1.25,17931.0,United Kingdom,1.25,2010
508203,22550,HOLIDAY FUN LUDO,4,2010-05-13 14:31:00,3.75,16807.0,United Kingdom,15.0,2010
578370,23308,SET OF 60 VINTAGE LEAF CAKE CASES ,1,2011-11-24 11:11:00,0.55,17346.0,United Kingdom,0.55,2011
514514,22147,FELTCRAFT BUTTERFLY HEARTS,2,2010-07-04 13:59:00,1.45,15976.0,United Kingdom,2.9,2010
534289,22110,BIRD HOUSE HOT WATER BOTTLE,2,2010-11-22 11:25:00,7.62,,United Kingdom,15.24,2010
502827,20971,PINK BLUE FELT CRAFT TRINKET BOX,12,2010-03-28 11:45:00,1.25,15289.0,United Kingdom,15.0,2010
559497,21929,JUMBO BAG PINK VINTAGE PAISLEY,1,2011-07-08 13:54:00,4.13,,United Kingdom,4.13,2011
555343,21558,SKULL LUNCH BOX WITH CUTLERY ,4,2011-06-02 11:42:00,2.55,15918.0,United Kingdom,10.2,2011
531894,22699,ROSES REGENCY TEACUP AND SAUCER ,6,2010-11-10 12:01:00,2.95,13767.0,United Kingdom,17.700000000000003,2010
529366,22366,DOORMAT AIRMAIL ,1,2010-10-28 10:00:00,14.43,,United Kingdom,14.43,2010
519358,48116,DOORMAT MULTICOLOUR STRIPE,1,2010-08-16 12:36:00,14.43,,United Kingdom,14.43,2010
516287,21136,PAINTED METAL PEARS ASSORTED,24,2010-07-19 12:53:00,1.69,13081.0,United Kingdom,40.56,2010
516466,22469,HEART OF WICKER SMALL,4,2010-07-20 14:50:00,1.65,17578.0,United Kingdom,6.6,2010
563613,23245,SET OF 3 REGENCY CAKE TINS,12,2011-08-18 08:49:00,4.95,12688.0,Israel,59.400000000000006,2011
533278,20941,FROG CANDLE,2,2010-11-16 15:24:00,1.25,13439.0,United Kingdom,2.5,2010
547656,21175,GIN + TONIC DIET METAL SIGN,4,2011-03-24 12:53:00,2.55,13263.0,United Kingdom,10.2,2011
536036,22386,JUMBO BAG PINK POLKADOT,30,2010-11-29 17:00:00,1.95,15950.0,United Kingdom,58.5,2010
561911,22791,T-LIGHT GLASS FLUTED ANTIQUE,12,2011-08-01 10:26:00,1.25,12534.0,Germany,15.0,2011
512259,22383,LUNCH BAG SUKI  DESIGN ,4,2010-06-14 13:03:00,1.65,17059.0,United Kingdom,6.6,2010
576300,15056N,EDWARDIAN PARASOL NATURAL,2,2011-11-14 14:39:00,5.95,15058.0,United Kingdom,11.9,2011
546638,72760B,VINTAGE CREAM 3 BASKET CAKE STAND,2,2011-03-15 12:52:00,9.95,15106.0,United Kingdom,19.9,2011
552326,21537,RED RETROSPOT PUDDING BOWL,4,2011-05-09 10:02:00,4.25,15596.0,United Kingdom,17.0,2011
572183,21232,STRAWBERRY CERAMIC TRINKET BOX,72,2011-10-21 10:50:00,1.06,16153.0,United Kingdom,76.32000000000001,2011
491966,79323W, WHITE CHERRY LIGHTS,2,2009-12-14 17:16:00,13.87,,United Kingdom,27.74,2009
545036,22171,3 HOOK PHOTO SHELF ANTIQUE WHITE,1,2011-02-25 17:25:00,8.5,14573.0,United Kingdom,8.5,2011
511638,20723,STRAWBERRY CHARLOTTE BAG,6,2010-06-09 13:08:00,0.85,17346.0,United Kingdom,5.1,2010
568061,21915,RED  HARMONICA IN BOX ,1,2011-09-23 13:12:00,1.25,16910.0,United Kingdom,1.25,2011
517635,22171,3 HOOK PHOTO SHELF ANTIQUE WHITE,1,2010-07-30 12:46:00,16.98,,United Kingdom,16.98,2010
530426,22943,CHRISTMAS LIGHTS 10 VINTAGE BAUBLES,3,2010-11-03 10:20:00,4.95,14911.0,EIRE,14.850000000000001,2010
548612,22416,SET OF 36 DOILIES SPACEBOY DESIGN ,2,2011-04-01 11:34:00,1.45,13137.0,United Kingdom,2.9,2011
572227,23543,WALL ART KEEP CALM ,1,2011-10-21 14:01:00,8.25,15051.0,United Kingdom,8.25,2011
547623,22779,WOODEN OWLS LIGHT GARLAND ,4,2011-03-24 11:29:00,4.25,15641.0,United Kingdom,17.0,2011
546977,20713,JUMBO BAG OWLS,1,2011-03-18 12:08:00,4.13,,United Kingdom,4.13,2011
558999,22139,RETROSPOT TEA SET CERAMIC 11 PC ,24,2011-07-05 12:15:00,4.95,15806.0,United Kingdom,118.80000000000001,2011
503106,85099F,JUMBO BAG STRAWBERRY,20,2010-03-30 11:36:00,1.95,12990.0,United Kingdom,39.0,2010
541244,72351B,SET/6 PINK  BUTTERFLY T-LIGHTS,2,2011-01-16 12:35:00,2.1,15535.0,United Kingdom,4.2,2011
525951,21927,BLUE/CREAM STRIPE CUSHION COVER ,1,2010-10-07 18:48:00,1.25,14998.0,United Kingdom,1.25,2010
548739,21528,DAIRY MAID TRADITIONAL TEAPOT ,1,2011-04-04 11:28:00,6.95,15493.0,United Kingdom,6.95,2011
533156,21497,FANCY FONTS BIRTHDAY WRAP,25,2010-11-16 14:02:00,0.42,15434.0,United Kingdom,10.5,2010
579196,22190,LOCAL CAFE MUG,6,2011-11-28 15:54:00,2.46,14096.0,United Kingdom,14.76,2011
552531,20826,SILVER APERITIF GLASS,36,2011-05-10 09:35:00,0.39,13742.0,United Kingdom,14.040000000000001,2011
548163,22698,PINK REGENCY TEACUP AND SAUCER,1,2011-03-29 13:43:00,5.79,,United Kingdom,5.79,2011
532063,21810,CHRISTMAS HANGING STAR WITH BELL,1,2010-11-10 14:48:00,2.51,,United Kingdom,2.51,2010
507712,17129F,DEEP BLUE GLASS GEMS IN BAG,2,2010-05-11 11:29:00,1.66,,United Kingdom,3.32,2010
495405,22276,WASH BAG VINTAGE ROSE PAISLEY,3,2010-01-25 09:53:00,2.55,16125.0,United Kingdom,7.6499999999999995,2010
562621,22723,SET OF 6 HERB TINS SKETCHBOOK,2,2011-08-08 12:36:00,3.95,14415.0,United Kingdom,7.9,2011
515254,18097C,WHITE TALL PORCELAIN T-LIGHT HOLDER,1,2010-07-09 11:44:00,5.06,,United Kingdom,5.06,2010
514532,16235,RECYCLED PENCIL WITH RABBIT ERASER,22,2010-07-05 10:07:00,0.43,,United Kingdom,9.459999999999999,2010
553189,22619,SET OF 6 SOLDIER SKITTLES,3,2011-05-15 13:14:00,3.75,15033.0,United Kingdom,11.25,2011
500462,46775E,CANDY POP CHUNKY KNITTED THROW ,1,2010-03-08 12:40:00,11.02,,United Kingdom,11.02,2010
539451,21069,VINTAGE BILLBOARD TEA MUG,1,2010-12-17 16:59:00,2.51,,United Kingdom,2.51,2010
576062,20973,12 PENCIL SMALL TUBE WOODLAND,3,2011-11-13 15:30:00,0.65,12867.0,United Kingdom,1.9500000000000002,2011
490106,22121,NOEL WOODEN BLOCK LETTERS ,3,2009-12-03 16:40:00,5.95,14898.0,United Kingdom,17.85,2009
532572,47559B,TEA TIME OVEN GLOVE,2,2010-11-12 13:49:00,1.25,18116.0,United Kingdom,2.5,2010
564757,21894,POTTING SHED SEED ENVELOPES,1,2011-08-30 10:36:00,2.46,,United Kingdom,2.46,2011
547248,21519,GIN & TONIC DIET GREETING CARD ,1,2011-03-22 09:23:00,0.83,,United Kingdom,0.83,2011
510546,22620,4 TRADITIONAL SPINNING TOPS,1,2010-06-01 15:45:00,1.25,13110.0,United Kingdom,1.25,2010
491406,21659,GLASS CAKE STAND,1,2009-12-10 18:27:00,14.95,14081.0,United Kingdom,14.95,2009
543237,47566,PARTY BUNTING,7,2011-02-04 13:39:00,10.79,,United Kingdom,75.53,2011
551426,21175,GIN + TONIC DIET METAL SIGN,12,2011-04-28 14:39:00,2.55,14022.0,United Kingdom,30.599999999999998,2011
489597,35962,12 ASS ZINC CHRISTMAS DECORATIONS,1,2009-12-01 14:28:00,4.3,,United Kingdom,4.3,2009
571183,21819,GLITTER CHRISTMAS STAR ,1,2011-10-14 11:08:00,0.39,14796.0,United Kingdom,0.39,2011
571441,22652,TRAVEL SEWING KIT,1,2011-10-17 13:31:00,3.29,14096.0,United Kingdom,3.29,2011
534053,22112,CHOCOLATE HOT WATER BOTTLE,1,2010-11-21 10:35:00,4.95,16010.0,United Kingdom,4.95,2010
551054,22483,RED GINGHAM TEDDY BEAR ,6,2011-04-26 11:44:00,2.95,12429.0,Austria,17.700000000000003,2011
571840,22577,WOODEN HEART CHRISTMAS SCANDINAVIAN,72,2011-10-19 12:16:00,0.29,13590.0,United Kingdom,20.88,2011
491043,21981,PACK OF 12 WOODLAND TISSUES ,2,2009-12-09 09:51:00,0.83,,United Kingdom,1.66,2009
523994,21803,CHRISTMAS TREE STAR DECORATION,1,2010-09-26 15:07:00,0.42,16549.0,United Kingdom,0.42,2010
553768,47566b,TEA TIME PARTY BUNTING,3,2011-05-19 10:47:00,8.29,,United Kingdom,24.869999999999997,2011
555728,23180,MUM'S KITCHEN CLOCK,1,2011-06-06 16:41:00,4.95,17252.0,United Kingdom,4.95,2011
559923,23301,GARDENERS KNEELING PAD KEEP CALM ,1,2011-07-13 16:07:00,3.29,,United Kingdom,3.29,2011
530437,20996,JAZZ HEARTS ADDRESS BOOK,1,2010-11-03 11:13:00,0.42,15915.0,United Kingdom,0.42,2010
511602,21465,PINK FLOWER CROCHET FOOD COVER,6,2010-06-09 11:10:00,3.75,17115.0,United Kingdom,22.5,2010
513655,84978,HANGING HEART JAR T-LIGHT HOLDER,3,2010-06-28 10:02:00,2.51,,United Kingdom,7.529999999999999,2010
558462,22464,HANGING METAL HEART LANTERN,18,2011-06-29 15:11:00,1.65,13982.0,United Kingdom,29.7,2011
511555,82581,TOILET METAL SIGN,4,2010-06-09 10:00:00,0.55,17417.0,United Kingdom,2.2,2010
547652,20727,LUNCH BAG  BLACK SKULL.,1,2011-03-24 12:15:00,1.65,14606.0,United Kingdom,1.65,2011
543369,22329,ROUND CONTAINER SET OF 5 RETROSPOT,2,2011-02-07 14:49:00,1.65,16255.0,United Kingdom,3.3,2011
565434,23308,SET OF 60 VINTAGE LEAF CAKE CASES ,10,2011-09-04 13:35:00,0.55,12867.0,United Kingdom,5.5,2011
581310,22942,CHRISTMAS LIGHTS 10 SANTAS ,1,2011-12-08 11:43:00,2.95,16442.0,United Kingdom,2.95,2011
554946,23166,MEDIUM CERAMIC TOP STORAGE JAR,48,2011-05-27 14:22:00,1.04,18242.0,United Kingdom,49.92,2011
569897,22893,MINI CAKE STAND T-LIGHT HOLDER,12,2011-10-06 16:01:00,0.42,17813.0,United Kingdom,5.04,2011
525716,22435,SET OF 9 HEART SHAPED BALLOONS,12,2010-10-06 14:34:00,1.25,14329.0,United Kingdom,15.0,2010
509415,90046,WHITE WITH METAL BAG CHARM,2,2010-05-23 12:46:00,4.95,14010.0,United Kingdom,9.9,2010
533750,21333,CLASSIC WHITE FRAME,2,2010-11-18 14:17:00,2.95,15571.0,United Kingdom,5.9,2010
490745,22313,OFFICE MUG WARMER PINK,1,2009-12-07 18:02:00,8.65,,United Kingdom,8.65,2009
492696,22078,RIBBON REEL LACE DESIGN ,3,2009-12-17 18:51:00,2.1,,United Kingdom,6.300000000000001,2009
490403,22196,SMALL HEART MEASURING SPOONS,1,2009-12-06 11:13:00,0.85,17920.0,United Kingdom,0.85,2009
510519,15036,ASSORTED COLOURS SILK FAN,12,2010-06-01 13:49:00,1.28,,United Kingdom,15.36,2010
494387,22324,BLUE POLKADOT KIDS BAG,1,2010-01-14 09:46:00,3.36,,United Kingdom,3.36,2010
577616,21169,YOU'RE CONFUSING ME METAL SIGN ,12,2011-11-21 10:22:00,1.69,13823.0,United Kingdom,20.28,2011
509935,21541,DINOSAURS WATER TRANSFER TATTOOS ,1,2010-05-26 12:38:00,1.66,,United Kingdom,1.66,2010
522437,22851,SET 20 NAPKINS FAIRY CAKES DESIGN ,1,2010-09-14 13:56:00,0.85,17346.0,United Kingdom,0.85,2010
511816,22355,CHARLOTTE BAG SUKI DESIGN,10,2010-06-10 16:11:00,0.85,17581.0,United Kingdom,8.5,2010
539958,22723,SET OF 6 HERB TINS SKETCHBOOK,1,2010-12-23 13:26:00,8.47,,United Kingdom,8.47,2010
544885,22508,DOORSTOP RETROSPOT HEART,4,2011-02-24 11:38:00,3.75,14243.0,United Kingdom,15.0,2011
513184,22386,JUMBO BAG PINK WITH WHITE SPOTS,20,2010-06-22 13:23:00,1.95,16748.0,United Kingdom,39.0,2010
490140,22086,PAPER CHAIN KIT 50'S CHRISTMAS ,4,2009-12-03 20:03:00,2.95,12872.0,United Kingdom,11.8,2009
517963,20985,HEART CALCULATOR,12,2010-08-03 12:49:00,1.25,14001.0,United Kingdom,15.0,2010
524199,22212,FOUR HOOK  WHITE LOVEBIRDS,1,2010-09-28 09:37:00,4.21,,United Kingdom,4.21,2010
553197,21034,REX CASH+CARRY JUMBO SHOPPER,1,2011-05-15 14:32:00,0.95,17263.0,United Kingdom,0.95,2011
492806,21874,GIN AND TONIC MUG,12,2009-12-20 12:21:00,1.25,14299.0,United Kingdom,15.0,2009
559163,21976,PACK OF 60 MUSHROOM CAKE CASES,1,2011-07-06 16:33:00,1.25,,United Kingdom,1.25,2011
516265,21247,SET OF RED SALAD SERVERS ,1,2010-07-19 12:07:00,1.49,16782.0,United Kingdom,1.49,2010
521646,22089,PAPER BUNTING VINTAGE PAISLEY,2,2010-09-07 13:20:00,5.91,,United Kingdom,11.82,2010
558237,23239,SET OF 4 KNICK KNACK TINS POPPIES,6,2011-06-27 15:04:00,4.15,12867.0,United Kingdom,24.900000000000002,2011
503594,84949,SILVER HANGING T-LIGHT HOLDER,12,2010-04-01 19:46:00,1.65,14694.0,United Kingdom,19.799999999999997,2010
556924,23154,SET OF 4 JAM JAR MAGNETS,3,2011-06-15 14:14:00,2.08,,France,6.24,2011
522620,22061,LARGE CAKE STAND  HANGING STRAWBERY,1,2010-09-15 15:14:00,21.23,,United Kingdom,21.23,2010
499968,85123A,WHITE HANGING HEART T-LIGHT HOLDER,6,2010-03-03 14:10:00,2.95,13214.0,United Kingdom,17.700000000000003,2010
496330,20727,LUNCH BAG  BLACK SKULL.,10,2010-01-31 13:42:00,1.65,14306.0,United Kingdom,16.5,2010
491155,22037,ROBOT BIRTHDAY CARD,1,2009-12-10 09:49:00,0.86,,United Kingdom,0.86,2009
550458,37342,POLKADOT COFFEE CUP & SAUCER PINK,1,2011-04-18 13:13:00,2.46,,United Kingdom,2.46,2011
545399,22859,EASTER TIN BUNNY BOUQUET,6,2011-03-02 11:48:00,1.65,14934.0,Channel Islands,9.899999999999999,2011
571717,23210,WHITE ROCKING HORSE HAND PAINTED,2,2011-10-18 17:10:00,1.25,14381.0,United Kingdom,2.5,2011
568671,22469,HEART OF WICKER SMALL,24,2011-09-28 13:13:00,1.65,13139.0,United Kingdom,39.599999999999994,2011
567183,22284,HEN HOUSE DECORATION,6,2011-09-18 15:32:00,1.65,14769.0,United Kingdom,9.899999999999999,2011
513381,21213,PACK OF 72 SKULL CAKE CASES,1,2010-06-24 11:38:00,1.28,,United Kingdom,1.28,2010
532139,22151,PLACE SETTING WHITE HEART,10,2010-11-11 11:18:00,1.66,,United Kingdom,16.599999999999998,2010
489912,82616B,FRAPPUCINO SCARF KNITTING KIT,6,2009-12-03 10:26:00,2.95,13931.0,United Kingdom,17.700000000000003,2009
529130,22086,PAPER CHAIN KIT 50'S CHRISTMAS ,40,2010-10-26 14:38:00,2.55,16258.0,United Kingdom,102.0,2010
536876,21071,VINTAGE BILLBOARD DRINK ME MUG,1,2010-12-03 11:36:00,2.51,,United Kingdom,2.51,2010
571105,23254,CHILDRENS CUTLERY DOLLY GIRL ,2,2011-10-13 16:01:00,4.15,17614.0,United Kingdom,8.3,2011
534681,22781,GUMBALL MAGAZINE RACK,2,2010-11-23 14:50:00,7.65,13451.0,United Kingdom,15.3,2010
567505,22980,PANTRY SCRUBBING BRUSH,12,2011-09-20 14:34:00,1.65,12352.0,Norway,19.799999999999997,2011
550471,22028,PENNY FARTHING BIRTHDAY CARD,1,2011-04-18 13:52:00,0.83,,United Kingdom,0.83,2011
570010,23419,HOME SWEET HOME BOTTLE ,12,2011-10-07 09:42:00,2.08,15297.0,United Kingdom,24.96,2011
555858,21471,STRAWBERRY RAFFIA FOOD COVER,6,2011-06-07 14:12:00,3.75,14911.0,EIRE,22.5,2011
508504,21368,MIRRORED WALL ART LADIES,1,2010-05-16 16:05:00,2.55,13451.0,United Kingdom,2.55,2010
576924,22693,GROW A FLYTRAP OR SUNFLOWER IN TIN,24,2011-11-17 10:53:00,1.25,17419.0,United Kingdom,30.0,2011
534709,21754,HOME BUILDING BLOCK WORD,1,2010-11-23 16:53:00,11.87,,United Kingdom,11.87,2010
498549,22146,EASTER CRAFT IVY WREATH WITH CHICK,1,2010-02-19 18:04:00,4.21,,United Kingdom,4.21,2010
575655,23099,FRENCH CARRIAGE LANTERN,1,2011-11-10 14:28:00,6.65,16434.0,United Kingdom,6.65,2011
512781,22523,CHILDS GARDEN FORK PINK,1,2010-06-17 18:17:00,0.85,17341.0,United Kingdom,0.85,2010
539492,22722,SET OF 6 SPICE TINS PANTRY DESIGN,3,2010-12-20 10:14:00,8.47,,United Kingdom,25.410000000000004,2010
542541,22109,FULL ENGLISH BREAKFAST PLATE,1,2011-01-28 14:25:00,7.46,,United Kingdom,7.46,2011
508211,21733,RED HANGING HEART T-LIGHT HOLDER,6,2010-05-13 14:42:00,2.95,15210.0,United Kingdom,17.700000000000003,2010
531119,21930,JUMBO STORAGE BAG SKULLS,2,2010-11-05 12:51:00,1.95,14606.0,United Kingdom,3.9,2010
559525,23156,SET OF 5 MINI GROCERY MAGNETS,2,2011-07-10 10:30:00,2.08,16923.0,United Kingdom,4.16,2011
543543,84356,POMPOM CURTAIN,1,2011-02-09 15:33:00,6.95,17843.0,United Kingdom,6.95,2011
566279,22588,CARD HOLDER GINGHAM HEART,2,2011-09-11 14:09:00,2.89,14432.0,United Kingdom,5.78,2011
515013,21314,SMALL GLASS HEART TRINKET POT,1,2010-07-07 16:29:00,4.21,,United Kingdom,4.21,2010
553485,23060,HEART BEADED TRELLIS DECORATION,2,2011-05-17 12:25:00,2.08,13208.0,United Kingdom,4.16,2011
564438,22632,HAND WARMER RED RETROSPOT,12,2011-08-25 12:11:00,2.1,16628.0,United Kingdom,25.200000000000003,2011
547248,23053,RECYCLED ACAPULCO MAT PINK,1,2011-03-22 09:23:00,16.63,,United Kingdom,16.63,2011
534222,82494L,WOODEN FRAME ANTIQUE WHITE ,24,2010-11-22 08:09:00,2.55,14134.0,United Kingdom,61.199999999999996,2010
544450,22845,VINTAGE CREAM CAT FOOD CONTAINER,2,2011-02-20 12:23:00,6.35,17811.0,United Kingdom,12.7,2011
489866,85099B,JUMBO BAG RED WHITE SPOTTY ,4,2009-12-02 15:04:00,1.95,16200.0,United Kingdom,7.8,2009
562568,20712,JUMBO BAG WOODLAND ANIMALS,10,2011-08-07 11:59:00,2.08,12720.0,Germany,20.8,2011
543370,22853,CAT BOWL VINTAGE CREAM,6,2011-02-07 14:51:00,3.25,12359.0,Cyprus,19.5,2011
558874,22564,ALPHABET STENCIL CRAFT,1,2011-07-04 13:29:00,1.25,,United Kingdom,1.25,2011
544572,22919,HERB MARKER MINT,12,2011-02-21 13:21:00,0.65,14639.0,United Kingdom,7.800000000000001,2011
494989,20828,GLITTER BUTTERFLY CLIPS,1,2010-01-20 11:49:00,2.55,14556.0,United Kingdom,2.55,2010
561686,23112,PARISIENNE CURIO CABINET,2,2011-07-29 08:29:00,7.5,13148.0,United Kingdom,15.0,2011
530951,22543,MINI JIGSAW BAKE A CAKE ,24,2010-11-04 18:34:00,0.42,15521.0,United Kingdom,10.08,2010
562939,21878,PACK OF 6 SANDCASTLE FLAGS ASSORTED,12,2011-08-11 08:37:00,0.85,15498.0,United Kingdom,10.2,2011
565676,23350,ROLL WRAP VINTAGE SPOT ,72,2011-09-06 09:53:00,1.04,15513.0,United Kingdom,74.88,2011
562607,22423,REGENCY CAKESTAND 3 TIER,2,2011-08-08 11:45:00,12.75,12885.0,United Kingdom,25.5,2011
504935,84375,SET OF 20 KIDS COOKIE CUTTERS,1,2010-04-19 11:19:00,4.21,,United Kingdom,4.21,2010
534472,21407,BROWN CHECK CAT DOORSTOP ,1,2010-11-23 10:27:00,4.25,17126.0,United Kingdom,4.25,2010
554978,22635,CHILDS BREAKFAST SET DOLLY GIRL ,2,2011-05-29 11:05:00,9.95,16889.0,United Kingdom,19.9,2011
567473,22751,FELTCRAFT PRINCESS OLIVIA DOLL,1,2011-09-20 12:50:00,3.75,17841.0,United Kingdom,3.75,2011
539708,21137,BLACK RECORD COVER FRAME,1,2010-12-21 12:18:00,7.62,,United Kingdom,7.62,2010
576602,23485,BOTANICAL GARDENS WALL CLOCK ,4,2011-11-15 15:20:00,20.8,14156.0,EIRE,83.2,2011
558777,22182,CAKE STAND VICTORIAN FILIGREE SMALL,2,2011-07-04 10:23:00,4.13,,United Kingdom,8.26,2011
509189,85169A,IVORY LOVE BIRD CANDLE,12,2010-05-20 17:07:00,1.25,16607.0,United Kingdom,15.0,2010
550334,21917,SET 12 KIDS  WHITE CHALK STICKS,12,2011-04-17 14:09:00,0.42,17320.0,United Kingdom,5.04,2011
552950,22768,FAMILY PHOTO FRAME CORNICE,4,2011-05-12 12:01:00,9.95,16116.0,United Kingdom,39.8,2011
524513,22576,SWALLOW WOODEN CHRISTMAS DECORATION,7,2010-09-29 13:00:00,0.85,13246.0,United Kingdom,5.95,2010
566605,22382,LUNCH BAG SPACEBOY DESIGN ,2,2011-09-13 16:27:00,1.65,13263.0,United Kingdom,3.3,2011
569129,22844,VINTAGE CREAM DOG FOOD CONTAINER,1,2011-09-30 13:40:00,8.5,15034.0,United Kingdom,8.5,2011
556318,84380,SET OF 3 BUTTERFLY COOKIE CUTTERS,12,2011-06-10 10:49:00,1.25,16767.0,United Kingdom,15.0,2011
502746,22264,FELT FARM ANIMAL WHITE BUNNY ,1,2010-03-26 12:53:00,1.66,,United Kingdom,1.66,2010
576617,22356,CHARLOTTE BAG PINK POLKADOT,3,2011-11-15 16:57:00,1.63,,United Kingdom,4.89,2011
545568,20719,WOODLAND CHARLOTTE BAG,1,2011-03-03 16:22:00,1.63,,United Kingdom,1.63,2011
570646,23271,CHRISTMAS TABLE SILVER CANDLE SPIKE,16,2011-10-11 12:49:00,0.83,12824.0,United Kingdom,13.28,2011
535717,22112,CHOCOLATE HOT WATER BOTTLE,6,2010-11-28 13:09:00,4.95,17045.0,United Kingdom,29.700000000000003,2010
546005,48185,DOORMAT FAIRY CAKE,2,2011-03-08 15:17:00,7.95,14426.0,United Kingdom,15.9,2011
581101,20973,12 PENCIL SMALL TUBE WOODLAND,4,2011-12-07 11:48:00,0.65,17835.0,United Kingdom,2.6,2011
570881,21484,CHICK GREY HOT WATER BOTTLE,4,2011-10-13 09:30:00,4.25,12498.0,Germany,17.0,2011
580730,22964,3 PIECE SPACEBOY COOKIE CUTTER SET,1,2011-12-05 17:28:00,4.13,,United Kingdom,4.13,2011
581219,22107,PIZZA PLATE IN BOX,8,2011-12-08 09:28:00,3.29,,United Kingdom,26.32,2011
535366,48138,DOORMAT UNION FLAG,4,2010-11-25 17:42:00,7.95,14264.0,United Kingdom,31.8,2010
555648,84380,SET OF 3 BUTTERFLY COOKIE CUTTERS,2,2011-06-06 13:46:00,1.25,14623.0,United Kingdom,2.5,2011
530562,22550,HOLIDAY FUN LUDO,1,2010-11-03 13:47:00,3.75,16012.0,United Kingdom,3.75,2010
559109,21824,PAINTED METAL STAR WITH HOLLY BELLS,1,2011-07-06 11:52:00,1.45,15021.0,United Kingdom,1.45,2011
559302,84997A,CHILDRENS CUTLERY POLKADOT GREEN ,2,2011-07-07 12:47:00,4.15,14527.0,United Kingdom,8.3,2011
526916,22576,SWALLOW WOODEN CHRISTMAS DECORATION,2,2010-10-13 16:20:00,1.66,,United Kingdom,3.32,2010
527157,22680,"FRENCH BLUE METAL DOOR SIGN, 5",1,2010-10-15 11:25:00,2.51,,United Kingdom,2.51,2010
494644,62018,SOMBRERO ,2,2010-01-17 12:12:00,1.95,16595.0,United Kingdom,3.9,2010
506871,22198,LARGE POPCORN HOLDER ,1,2010-05-04 15:48:00,3.36,,United Kingdom,3.36,2010
568718,23283,DOORMAT VINTAGE LEAF,20,2011-09-28 16:17:00,4.58,18102.0,United Kingdom,91.6,2011
507689,22224,WHITE LOVEBIRD LANTERN,6,2010-05-11 10:04:00,2.95,17545.0,United Kingdom,17.700000000000003,2010
571328,22739,RIBBON REEL CHRISTMAS SOCK BAUBLE,10,2011-10-17 11:27:00,1.65,12473.0,Germany,16.5,2011
551351,22772,PINK DRAWER KNOB ACRYLIC EDWARDIAN,24,2011-04-28 10:20:00,1.06,14298.0,United Kingdom,25.44,2011
533737,22422,TOOTHPASTE TUBE PEN,2,2010-11-18 13:55:00,1.28,,United Kingdom,2.56,2010
522615,84535B,FAIRY CAKES NOTEBOOK A6 SIZE,16,2010-09-15 14:51:00,0.65,17560.0,United Kingdom,10.4,2010
552229,37476,CONDIMENT TRAY 4 BOWLS AND 4 SPOONS,1,2011-05-06 15:40:00,8.29,,United Kingdom,8.29,2011
521646,22583,PACK OF 6 HANDBAG GIFT BOXES,1,2010-09-07 13:20:00,5.06,,United Kingdom,5.06,2010
561485,84519A,TOMATO CHARLIE+LOLA COASTER SET,2,2011-07-27 13:42:00,1.25,17841.0,United Kingdom,2.5,2011
511009,21843,RED RETROSPOT CAKE STAND,3,2010-06-04 14:58:00,21.23,,United Kingdom,63.69,2010
556576,21171,BATHROOM METAL SIGN ,1,2011-06-13 13:55:00,1.45,14606.0,United Kingdom,1.45,2011
571508,22739,RIBBON REEL CHRISTMAS SOCK BAUBLE,1,2011-10-17 15:27:00,3.29,,United Kingdom,3.29,2011
576560,23525,WALL ART BUFFALO BILL ,2,2011-11-15 13:21:00,3.75,12877.0,United Kingdom,7.5,2011
564837,47578A,ENGLISH ROSE SMALL SCENTED FLOWER,1,2011-08-30 12:40:00,1.63,,United Kingdom,1.63,2011
564857,20711,JUMBO BAG TOYS ,7,2011-08-31 09:23:00,4.13,,United Kingdom,28.91,2011
556032,23300,GARDENERS KNEELING PAD CUP OF TEA ,12,2011-06-08 12:35:00,1.65,15159.0,United Kingdom,19.799999999999997,2011
534501,84926E,FLOWERS TILE COASTER,34,2010-11-23 11:26:00,1.25,18055.0,United Kingdom,42.5,2010
531894,22697,GREEN REGENCY TEACUP AND SAUCER,6,2010-11-10 12:01:00,2.95,13767.0,United Kingdom,17.700000000000003,2010
537624,84029E,RED WOOLLY HOTTIE WHITE HEART.,1,2010-12-07 14:41:00,3.75,12748.0,United Kingdom,3.75,2010
552520,21675,BUTTERFLIES STICKERS,3,2011-05-09 16:34:00,1.63,,United Kingdom,4.89,2011
559902,22219,LOVEBIRD HANGING DECORATION WHITE ,1,2011-07-13 13:14:00,0.85,14502.0,United Kingdom,0.85,2011
542239,21908,CHOCOLATE THIS WAY METAL SIGN,1,2011-01-26 14:35:00,2.1,17786.0,United Kingdom,2.1,2011
520719,21166,COOK WITH WINE METAL SIGN ,1,2010-08-29 14:30:00,1.95,17792.0,United Kingdom,1.95,2010
525753,21259,VICTORIAN SEWING BOX SMALL ,1,2010-10-07 10:19:00,12.72,,United Kingdom,12.72,2010
552108,21756,BATH BUILDING BLOCK WORD,1,2011-05-06 11:36:00,5.95,17841.0,United Kingdom,5.95,2011
524624,21171,BATHROOM METAL SIGN ,12,2010-09-30 10:49:00,1.45,17340.0,United Kingdom,17.4,2010
493183,21243,PINK  SPOTTY PLATE ,16,2009-12-22 12:03:00,1.69,12440.0,Austria,27.04,2009
572274,23160,REGENCY TEA SPOON,12,2011-10-21 16:48:00,1.25,14031.0,United Kingdom,15.0,2011
528053,22652,TRAVEL SEWING KIT,10,2010-10-20 11:42:00,1.65,18066.0,United Kingdom,16.5,2010
496217,22386,JUMBO BAG PINK WITH WHITE SPOTS,10,2010-01-29 13:46:00,1.95,13267.0,United Kingdom,19.5,2010
565541,22382,LUNCH BAG SPACEBOY DESIGN ,2,2011-09-05 12:00:00,1.65,14159.0,United Kingdom,3.3,2011
581404,23321,SMALL WHITE HEART OF WICKER,4,2011-12-08 13:47:00,1.65,13680.0,United Kingdom,6.6,2011
489597,21730,GLASS STAR FROSTED T-LIGHT HOLDER,1,2009-12-01 14:28:00,10.39,,United Kingdom,10.39,2009
550328,21922,UNION STRIPE WITH FRINGE  HAMMOCK,1,2011-04-17 13:18:00,7.95,17582.0,United Kingdom,7.95,2011
560773,23294,SET OF 6 SNACK LOAF BAKING CASES,3,2011-07-20 16:17:00,2.46,,United Kingdom,7.38,2011
527371,21137,BLACK RECORD COVER FRAME,6,2010-10-17 12:03:00,3.75,17769.0,United Kingdom,22.5,2010
495953,21563,RED HEART SHAPE LOVE BUCKET ,2,2010-01-27 17:56:00,5.91,,United Kingdom,11.82,2010
518480,21891,TRADITIONAL WOODEN SKIPPING ROPE,2,2010-08-09 12:21:00,1.25,16470.0,United Kingdom,2.5,2010
513356,21232,STRAWBERRY CERAMIC TRINKET BOX,1,2010-06-24 11:31:00,2.51,,United Kingdom,2.51,2010
563510,23341,PINK DINER WALL CLOCK,4,2011-08-17 10:50:00,8.5,15734.0,United Kingdom,34.0,2011
552231,20751,FUNKY WASHING UP GLOVES ASSORTED,3,2011-05-06 15:47:00,2.1,17364.0,United Kingdom,6.300000000000001,2011
517946,21158,MOODY GIRL DOOR HANGER ,1,2010-08-03 11:32:00,1.45,17673.0,United Kingdom,1.45,2010
509022,21923,RED/CREAM STRIPE FRINGE HAMMOCK,12,2010-05-19 14:23:00,6.95,13405.0,United Kingdom,83.4,2010
529709,21352,EUCALYPTUS & PINECONE  WREATH,12,2010-10-29 13:03:00,1.95,15513.0,United Kingdom,23.4,2010
537041,35810B,ENAMEL BLUE RIM COFFEE CONTAINER,1,2010-12-05 10:36:00,2.1,16033.0,United Kingdom,2.1,2010
565849,23292,SPACEBOY CHILDRENS CUP,8,2011-09-07 12:50:00,1.25,14309.0,United Kingdom,10.0,2011
519610,85124C,GREEN JUICY FRUIT PHOTO FRAME,4,2010-08-18 16:54:00,2.55,15494.0,United Kingdom,10.2,2010
499499,84029G,KNITTED UNION FLAG HOT WATER BOTTLE,2,2010-02-28 14:41:00,3.75,17211.0,United Kingdom,7.5,2010
573373,23295,SET OF 12 MINI LOAF BAKING CASES,1,2011-10-30 13:37:00,0.83,14684.0,United Kingdom,0.83,2011
490963,21266,VINTAGE SILVER TINSEL REEL,2,2009-12-08 15:49:00,4.3,,United Kingdom,8.6,2009
498601,48187,DOOR MAT NEW ENGLAND,4,2010-02-21 16:09:00,7.49,13538.0,United Kingdom,29.96,2010
520870,85114B,IVORY ENCHANTED FOREST PLACEMAT,6,2010-08-31 14:40:00,1.65,15298.0,United Kingdom,9.899999999999999,2010
541269,22326,ROUND SNACK BOXES SET OF4 WOODLAND ,6,2011-01-17 11:01:00,2.95,12626.0,Germany,17.700000000000003,2011
555630,21703,BAG 125g SWIRLY MARBLES,12,2011-06-06 12:04:00,0.42,14732.0,United Kingdom,5.04,2011
561667,22560,TRADITIONAL MODELLING CLAY,24,2011-07-28 17:00:00,1.25,,EIRE,30.0,2011
517882,22278,OVERNIGHT BAG VINTAGE ROSE PAISLEY,1,2010-08-02 17:06:00,4.95,14469.0,United Kingdom,4.95,2010
552668,21430,SET/3 RED GINGHAM ROSE STORAGE BOX,2,2011-05-10 15:05:00,7.46,,United Kingdom,14.92,2011
562202,22302,COFFEE MUG PEARS  DESIGN,12,2011-08-03 12:33:00,2.55,15290.0,United Kingdom,30.599999999999998,2011
549981,21713,CITRONELLA CANDLE FLOWERPOT,4,2011-04-13 15:49:00,2.1,16348.0,United Kingdom,8.4,2011
562560,23182,TOILET SIGN OCCUPIED OR VACANT,24,2011-08-05 17:12:00,0.83,14156.0,EIRE,19.919999999999998,2011
549953,21035,SET/2 RED RETROSPOT TEA TOWELS ,6,2011-04-13 13:15:00,3.25,12766.0,Portugal,19.5,2011
553415,23148,MINIATURE ANTIQUE ROSE HOOK IVORY,12,2011-05-17 10:02:00,0.83,12463.0,Belgium,9.959999999999999,2011
576889,21132,SILVER STANDING GNOME   ,1,2011-11-16 17:24:00,4.25,12748.0,United Kingdom,4.25,2011
534319,84988,SET OF 72 PINK HEART PAPER DOILIES,1,2010-11-22 11:37:00,2.98,,United Kingdom,2.98,2010
520500,47563A,RETRO LONGBOARD IRONING BOARD COVER,1,2010-08-26 12:35:00,5.91,,United Kingdom,5.91,2010
548308,22523,CHILDS GARDEN FORK PINK,3,2011-03-30 12:00:00,0.85,17220.0,United Kingdom,2.55,2011
495070,84952A,CLEAR LOVE BIRD T-LIGHT HOLDER,1,2010-01-20 17:50:00,2.51,,United Kingdom,2.51,2010
520411,21217,RED SPOTTY ROUND CAKE TINS,1,2010-08-26 09:36:00,21.23,,United Kingdom,21.23,2010
562540,22313,OFFICE MUG WARMER PINK,2,2011-08-05 15:38:00,2.95,17400.0,United Kingdom,5.9,2011
575164,85066,CREAM SWEETHEART MINI CHEST,2,2011-11-08 16:55:00,12.75,18216.0,United Kingdom,25.5,2011
578369,23289,DOLLY GIRL CHILDRENS BOWL,2,2011-11-24 11:10:00,1.25,14698.0,United Kingdom,2.5,2011
529228,22784,LANTERN CREAM GAZEBO ,2,2010-10-27 11:29:00,4.95,14530.0,United Kingdom,9.9,2010
537403,22652,TRAVEL SEWING KIT,2,2010-12-06 14:43:00,1.65,17191.0,United Kingdom,3.3,2010
517816,35598D,PINK/WHITE CHRISTMAS TREE 60CM,24,2010-08-02 12:04:00,0.65,13963.0,United Kingdom,15.600000000000001,2010
524211,85123A,WHITE HANGING HEART T-LIGHT HOLDER,96,2010-09-28 10:42:00,2.55,14423.0,United Kingdom,244.79999999999998,2010
500695,22155,STAR DECORATION RUSTIC,4,2010-03-09 12:48:00,0.85,,United Kingdom,3.4,2010
523508,22595,CHRISTMAS GINGHAM HEART,1,2010-09-22 12:13:00,1.66,,United Kingdom,1.66,2010
558774,22918,HERB MARKER PARSLEY,1,2011-07-04 10:17:00,1.63,,United Kingdom,1.63,2011
539436,22158,3 HEARTS HANGING DECORATION RUSTIC,8,2010-12-17 14:49:00,2.95,,United Kingdom,23.6,2010
510296,22356,CHARLOTTE BAG PINK WITH WHITE SPOTS,10,2010-05-28 11:51:00,0.85,13004.0,United Kingdom,8.5,2010
494379,21580,RABBIT  DESIGN  COTTON TOTE BAG,1,2010-01-13 17:08:00,2.51,,United Kingdom,2.51,2010
514134,82484,WOOD BLACK BOARD ANT WHITE FINISH,2,2010-06-30 13:28:00,6.45,14584.0,United Kingdom,12.9,2010
526663,22739,RIBBON REEL CHRISTMAS SOCK BAUBLE,10,2010-10-12 15:15:00,1.65,18260.0,United Kingdom,16.5,2010
534141,22759,SET OF 3 NOTEBOOKS IN PARCEL,12,2010-11-21 12:21:00,1.65,16791.0,United Kingdom,19.799999999999997,2010
552121,22150,3 STRIPEY MICE FELTCRAFT,6,2011-05-06 11:40:00,1.95,15757.0,United Kingdom,11.7,2011
532642,20727,LUNCH BAG  BLACK SKULL.,1,2010-11-12 17:00:00,4.21,,United Kingdom,4.21,2010
557278,85039A,SET/4 RED MINI ROSE CANDLE IN BOWL,12,2011-06-19 12:08:00,1.65,13089.0,United Kingdom,19.799999999999997,2011
499378,21169,YOU'RE CONFUSING ME METAL SIGN ,1,2010-02-26 12:00:00,1.69,15998.0,United Kingdom,1.69,2010
556912,22062,CERAMIC BOWL WITH LOVE HEART DESIGN,2,2011-06-15 13:26:00,0.83,15005.0,United Kingdom,1.66,2011
495402,84992,72 SWEETHEART FAIRY CAKE CASES,24,2010-01-25 09:42:00,0.55,15303.0,United Kingdom,13.200000000000001,2010
512950,22464,HANGING METAL HEART LANTERN,12,2010-06-21 09:26:00,1.65,17593.0,United Kingdom,19.799999999999997,2010
526612,22624,IVORY KITCHEN SCALES,2,2010-10-12 12:20:00,8.5,14907.0,United Kingdom,17.0,2010
539631,22161,HEART DECORATION RUSTIC HANGING ,1,2010-12-20 15:03:00,0.81,,United Kingdom,0.81,2010
560300,21975,PACK OF 60 DINOSAUR CAKE CASES,24,2011-07-18 10:29:00,0.55,14911.0,EIRE,13.200000000000001,2011
542934,22196,SMALL HEART MEASURING SPOONS,36,2011-02-02 11:01:00,0.85,13093.0,United Kingdom,30.599999999999998,2011
497590,21465,PINK FLOWER CROCHET FOOD COVER,1,2010-02-10 17:59:00,7.62,,United Kingdom,7.62,2010
498143,21935,SUKI  SHOULDER BAG,10,2010-02-17 09:53:00,1.65,13901.0,United Kingdom,16.5,2010
532953,22355,CHARLOTTE BAG SUKI DESIGN,1,2010-11-15 12:17:00,1.66,,United Kingdom,1.66,2010
541811,22179,SET 10 LIGHTS NIGHT OWL,1,2011-01-21 15:01:00,13.29,,United Kingdom,13.29,2011
542727,22971,QUEENS GUARD COFFEE MUG,6,2011-01-31 15:09:00,2.55,17604.0,United Kingdom,15.299999999999999,2011
569843,35953,FOLKART STAR CHRISTMAS DECORATIONS,8,2011-10-06 13:29:00,0.39,14449.0,United Kingdom,3.12,2011
533841,22732,3D VINTAGE CHRISTMAS STICKERS ,2,2010-11-19 11:12:00,1.25,17269.0,United Kingdom,2.5,2010
533311,22730,ALARM CLOCK BAKELIKE IVORY,1,2010-11-16 17:03:00,3.75,16904.0,United Kingdom,3.75,2010
566816,21481,FAWN BLUE HOT WATER BOTTLE,36,2011-09-15 10:53:00,3.39,12731.0,France,122.04,2011
532139,22534,MAGIC DRAWING SLATE SPACEBOY ,1,2010-11-11 11:18:00,0.85,,United Kingdom,0.85,2010
525112,21881,CUTE CATS TAPE,12,2010-10-04 11:16:00,0.65,12474.0,Germany,7.800000000000001,2010
567768,23203,JUMBO BAG VINTAGE DOILY ,20,2011-09-22 11:17:00,2.08,15950.0,United Kingdom,41.6,2011
559422,20724,RED RETROSPOT CHARLOTTE BAG,10,2011-07-08 12:00:00,0.85,12553.0,France,8.5,2011
548191,20733,GOLD MINI TAPE MEASURE ,1,2011-03-29 15:20:00,0.83,,United Kingdom,0.83,2011
522273,21004,ROSE DU SUD CHILDRENS APRON,1,2010-09-13 12:41:00,4.25,16470.0,United Kingdom,4.25,2010
493543,22335,HEART DECORATION PAINTED ZINC ,10,2010-01-04 16:29:00,0.65,14839.0,United Kingdom,6.5,2010
557645,22993,SET OF 4 PANTRY JELLY MOULDS,1,2011-06-21 17:08:00,2.46,,United Kingdom,2.46,2011
495542,20652,BLUE SPOTTY LUGGAGE TAG ,1,2010-01-25 15:42:00,2.51,,United Kingdom,2.51,2010
572553,23334,IVORY WICKER HEART SMALL,13,2011-10-24 17:09:00,1.25,,United Kingdom,16.25,2011
509515,21211,SET OF 72 SKULL PAPER  DOILIES,10,2010-05-24 11:39:00,1.45,15039.0,United Kingdom,14.5,2010
569649,85099F,JUMBO BAG STRAWBERRY,100,2011-10-05 12:42:00,1.74,16029.0,United Kingdom,174.0,2011
502613,21827,EIGHT PIECE CREEPY CRAWLIE SET,2,2010-03-25 14:22:00,1.25,14535.0,United Kingdom,2.5,2010
552039,23207,LUNCH BAG ALPHABET DESIGN,20,2011-05-06 08:10:00,1.65,13081.0,United Kingdom,33.0,2011
537666,20754,RETROSPOT RED WASHING UP GLOVES,1,2010-12-07 18:36:00,4.21,,United Kingdom,4.21,2010
553465,22469,HEART OF WICKER SMALL,80,2011-05-17 11:09:00,1.45,16218.0,United Kingdom,116.0,2011
515347,22431,WATERING CAN BLUE ELEPHANT,6,2010-07-12 10:26:00,1.95,12472.0,Germany,11.7,2010
554098,84836,ZINC METAL HEART DECORATION,12,2011-05-22 13:01:00,1.25,14769.0,United Kingdom,15.0,2011
541265,22380,TOY TIDY SPACEBOY  ,8,2011-01-16 16:23:00,2.1,17609.0,United Kingdom,16.8,2011
578517,23564,EGG CUP MILKMAID INGRID,12,2011-11-24 13:53:00,1.25,16523.0,United Kingdom,15.0,2011
511466,84946,ANTIQUE SILVER TEA GLASS ETCHED,12,2010-06-08 13:02:00,1.25,13871.0,United Kingdom,15.0,2010
580776,22434,BALLOON PUMP WITH 10 BALLOONS,1,2011-12-06 11:05:00,1.95,14562.0,United Kingdom,1.95,2011
535088,22646,CERAMIC STRAWBERRY CAKE MONEY BANK,12,2010-11-25 10:05:00,1.45,17167.0,United Kingdom,17.4,2010
570189,20724,RED RETROSPOT CHARLOTTE BAG,10,2011-10-07 15:15:00,0.85,12492.0,Germany,8.5,2011
561512,22452,MEASURING TAPE BABUSHKA PINK,2,2011-07-27 15:09:00,2.95,14534.0,United Kingdom,5.9,2011
536385,22783,SET 3 WICKER OVAL BASKETS W LIDS,1,2010-12-01 09:56:00,19.95,17420.0,United Kingdom,19.95,2010
569697,22625,RED KITCHEN SCALES,2,2011-10-05 15:38:00,8.5,17647.0,United Kingdom,17.0,2011
568346,22420,LIPSTICK PEN BABY PINK,6,2011-09-26 15:28:00,0.83,14096.0,United Kingdom,4.9799999999999995,2011
502867,22550,HOLIDAY FUN LUDO,4,2010-03-28 15:58:00,3.75,15141.0,United Kingdom,15.0,2010
581486,22489,PACK OF 12 TRADITIONAL CRAYONS,24,2011-12-09 09:38:00,0.42,17001.0,United Kingdom,10.08,2011
491155,22348,TEA BAG PLATE RED SPOTTY ,4,2009-12-10 09:49:00,1.7,,United Kingdom,6.8,2009
548728,21935,SUKI  SHOULDER BAG,10,2011-04-04 09:55:00,1.65,13198.0,United Kingdom,16.5,2011
560689,21754,HOME BUILDING BLOCK WORD,1,2011-07-20 11:55:00,5.95,15039.0,United Kingdom,5.95,2011
529818,22630,DOLLY GIRL LUNCH BOX,1,2010-10-31 11:22:00,1.95,14087.0,United Kingdom,1.95,2010
498561,21589,SWALLOW GIANT TUBE MATCHES,12,2010-02-21 11:36:00,2.55,15988.0,United Kingdom,30.599999999999998,2010
521932,22178,VICTORIAN GLASS HANGING T-LIGHT,2,2010-09-09 15:49:00,2.51,,United Kingdom,5.02,2010
573029,23382,BOX OF 6 CHRISTMAS CAKE DECORATIONS,4,2011-10-27 13:33:00,3.75,14971.0,United Kingdom,15.0,2011
494166,70006,LOVE HEART POCKET WARMER,1,2010-01-12 09:47:00,1.66,,United Kingdom,1.66,2010
527251,22383,LUNCH BAG SUKI  DESIGN ,10,2010-10-15 12:30:00,1.65,17687.0,United Kingdom,16.5,2010
527412,22666,RECIPE BOX PANTRY YELLOW DESIGN,6,2010-10-17 15:05:00,2.95,15367.0,United Kingdom,17.700000000000003,2010
543111,22894,TABLECLOTH RED APPLES DESIGN ,1,2011-02-03 12:44:00,9.95,15719.0,United Kingdom,9.95,2011
581142,22906,12 MESSAGE CARDS WITH ENVELOPES,1,2011-12-07 13:38:00,1.65,14204.0,United Kingdom,1.65,2011
569491,21770,OPEN CLOSED METAL SIGN,1,2011-10-04 13:25:00,4.95,14056.0,United Kingdom,4.95,2011
577613,48194,DOORMAT HEARTS,2,2011-11-21 10:02:00,8.25,14911.0,EIRE,16.5,2011
577300,17091J,VANILLA INCENSE IN TIN,6,2011-11-18 12:53:00,0.38,16924.0,United Kingdom,2.2800000000000002,2011
557636,20749,ASSORTED COLOUR MINI CASES,1,2011-06-21 15:41:00,7.95,17841.0,United Kingdom,7.95,2011
502848,85123A,WHITE HANGING HEART T-LIGHT HOLDER,6,2010-03-28 14:04:00,2.95,15570.0,United Kingdom,17.700000000000003,2010
512955,21431,GREEN GINGHAM FLOWER JEWELLERY BOX,192,2010-06-21 10:30:00,1.45,12469.0,Thailand,278.4,2010
555397,21441,BLUE BIRDHOUSE DECORATION,2,2011-06-02 17:26:00,1.63,,United Kingdom,3.26,2011
570467,22668,PINK BABY BUNTING,5,2011-10-10 16:06:00,2.95,12607.0,USA,14.75,2011
539642,21672,WHITE SPOT RED CERAMIC DRAWER KNOB,2,2010-12-20 15:35:00,1.25,15867.0,United Kingdom,2.5,2010
501714,22270,HAPPY EASTER HANGING DECORATION,4,2010-03-19 10:22:00,3.75,17581.0,United Kingdom,15.0,2010
510136,22333,RETRO SPORT PARTY BAG + STICKER SET,3,2010-05-27 12:17:00,1.65,15878.0,United Kingdom,4.949999999999999,2010
570187,23365,SET 12 COLOUR PENCILS LOVE LONDON,2,2011-10-07 15:09:00,1.25,,United Kingdom,2.5,2011
545898,84760S,SMALL HANGING GLASS+ZINC LANTERN,1,2011-03-07 17:23:00,1.45,15869.0,United Kingdom,1.45,2011
556516,22385,JUMBO BAG SPACEBOY DESIGN,1,2011-06-13 10:46:00,4.13,,United Kingdom,4.13,2011
552651,84950,ASSORTED COLOUR T-LIGHT HOLDER,24,2011-05-10 14:09:00,0.65,16431.0,United Kingdom,15.600000000000001,2011
489562,47566,PARTY BUNTING,1,2009-12-01 13:07:00,4.65,17998.0,United Kingdom,4.65,2009
573585,21672,WHITE SPOT RED CERAMIC DRAWER KNOB,1,2011-10-31 14:41:00,3.29,,United Kingdom,3.29,2011
549524,22026,BANQUET BIRTHDAY  CARD  ,1,2011-04-08 15:42:00,0.83,,United Kingdom,0.83,2011
512381,21035,SET/2 RED SPOTTY TEA TOWELS ,2,2010-06-15 12:11:00,2.95,16940.0,United Kingdom,5.9,2010
541997,22651,GENTLEMAN SHIRT REPAIR KIT ,13,2011-01-25 10:38:00,0.85,18077.0,United Kingdom,11.049999999999999,2011
546646,22375,AIRLINE BAG VINTAGE JET SET BROWN,1,2011-03-15 13:49:00,4.25,13716.0,United Kingdom,4.25,2011
562928,85173,SET/6 FROG PRINCE T-LIGHT CANDLES,6,2011-08-10 15:29:00,2.55,15494.0,United Kingdom,15.299999999999999,2011
536031,84032A,CHARLIE+LOLA PINK HOT WATER BOTTLE,3,2010-11-29 16:45:00,3.36,,United Kingdom,10.08,2010
509155,22031,BOTANICAL LAVENDER BIRTHDAY CARD,12,2010-05-20 13:18:00,0.42,17758.0,United Kingdom,5.04,2010
577175,23344,JUMBO BAG 50'S CHRISTMAS ,10,2011-11-18 10:58:00,2.08,14849.0,United Kingdom,20.8,2011
577804,22750,FELTCRAFT PRINCESS LOLA DOLL,1,2011-11-21 17:33:00,3.75,17432.0,United Kingdom,3.75,2011
506469,21232,STRAWBERRY CERAMIC TRINKET BOX,12,2010-04-30 09:13:00,1.25,13481.0,United Kingdom,15.0,2010
522206,21247,SET OF RED SALAD SERVERS ,1,2010-09-13 12:01:00,1.49,17898.0,United Kingdom,1.49,2010
576112,22579,WOODEN TREE CHRISTMAS SCANDINAVIAN,24,2011-11-14 10:34:00,0.29,14902.0,United Kingdom,6.959999999999999,2011
556082,23168,CLASSIC CAFE SUGAR DISPENSER,4,2011-06-08 15:22:00,2.46,,United Kingdom,9.84,2011
533444,22059,CERAMIC STRAWBERRY DESIGN MUG,12,2010-11-17 11:33:00,1.49,12423.0,Belgium,17.88,2010
534389,85206A,CREAM FELT EASTER EGG BASKET,1,2010-11-22 13:02:00,3.36,,United Kingdom,3.36,2010
534738,22367,CHILDRENS APRON SPACEBOY DESIGN,8,2010-11-23 19:24:00,1.95,12377.0,Switzerland,15.6,2010
529766,22633,HAND WARMER UNION JACK,12,2010-10-29 15:04:00,2.1,14490.0,United Kingdom,25.200000000000003,2010
493982,85152,HAND OVER THE CHOCOLATE   SIGN ,3,2010-01-10 12:13:00,2.1,18231.0,United Kingdom,6.300000000000001,2010
542143,20719,WOODLAND CHARLOTTE BAG,40,2011-01-26 09:23:00,0.72,15061.0,United Kingdom,28.799999999999997,2011
544818,22893,MINI CAKE STAND T-LIGHT HOLDER,48,2011-02-23 16:45:00,0.42,12437.0,France,20.16,2011
548340,22984,CARD GINGHAM ROSE ,12,2011-03-30 14:23:00,0.42,13426.0,United Kingdom,5.04,2011
562539,22116,METAL SIGN HIS DINNER IS SERVED,1,2011-08-05 15:30:00,0.79,17220.0,United Kingdom,0.79,2011
534164,22578,WOODEN STAR CHRISTMAS SCANDINAVIAN,1,2010-11-21 13:13:00,0.85,16241.0,United Kingdom,0.85,2010
529573,21790,VINTAGE SNAP CARDS,8,2010-10-28 18:54:00,0.85,16242.0,United Kingdom,6.8,2010
534738,21365,MIRRORED WALL ART STARS,6,2010-11-23 19:24:00,2.95,12377.0,Switzerland,17.700000000000003,2010
565433,23066,SMALL DECO JEWELLERY STAND,6,2011-09-04 13:20:00,8.25,14965.0,United Kingdom,49.5,2011
549023,21216,"SET 3 RETROSPOT TEA,COFFEE,SUGAR",1,2011-04-05 16:27:00,10.79,,United Kingdom,10.79,2011
521974,21179,NO JUNK MAIL METAL SIGN,1,2010-09-09 19:56:00,1.25,15861.0,United Kingdom,1.25,2010
528762,22898,CHILDRENS APRON APPLES DESIGN,6,2010-10-24 15:51:00,1.95,13565.0,United Kingdom,11.7,2010
547881,23052,RECYCLED ACAPULCO MAT TURQUOISE,1,2011-03-27 16:08:00,8.25,13110.0,United Kingdom,8.25,2011
526230,84592,CROCHET ROSE PURSE WITH SUEDE BACK,6,2010-10-10 15:27:00,2.95,13362.0,United Kingdom,17.700000000000003,2010
538593,21524,DOORMAT SPOTTY HOME SWEET HOME,10,2010-12-13 11:51:00,6.75,16701.0,United Kingdom,67.5,2010
567614,90030C,BROWN KUKUI COCONUT SEED NECKLACE,18,2011-09-21 11:55:00,1.0,16103.0,United Kingdom,18.0,2011
547386,22911,PAPER CHAIN KIT LONDON,2,2011-03-22 15:52:00,5.79,,United Kingdom,11.58,2011
565765,21892,TRADITIONAL WOODEN CATCH CUP GAME ,12,2011-09-06 14:19:00,1.25,12526.0,Germany,15.0,2011
543237,22367,CHILDRENS APRON SPACEBOY DESIGN,1,2011-02-04 13:39:00,4.96,,United Kingdom,4.96,2011
519520,21128,GOLD FISHING GNOME,1,2010-08-18 10:03:00,6.95,15061.0,United Kingdom,6.95,2010
494142,20751,FUNKY WASHING UP GLOVES ASSORTED,1,2010-01-11 13:51:00,2.1,17978.0,United Kingdom,2.1,2010
505166,47590B,PINK HAPPY BIRTHDAY BUNTING,3,2010-04-20 12:30:00,5.45,16862.0,United Kingdom,16.35,2010
536876,79000,MOROCCAN TEA GLASS,9,2010-12-03 11:36:00,1.69,,United Kingdom,15.209999999999999,2010
536982,84997d,PINK 3 PIECE POLKADOT CUTLERY SET,10,2010-12-03 14:27:00,8.47,,United Kingdom,84.7,2010
517300,21212,PACK OF 72 RETRO SPOT CAKE CASES,24,2010-07-28 10:47:00,0.55,17419.0,United Kingdom,13.200000000000001,2010
580069,23292,SPACEBOY CHILDRENS CUP,1,2011-12-01 13:47:00,1.25,15060.0,United Kingdom,1.25,2011
541682,22423,REGENCY CAKESTAND 3 TIER,2,2011-01-20 15:00:00,12.75,14770.0,United Kingdom,25.5,2011
516874,22549,PICTURE DOMINOES,12,2010-07-23 13:09:00,1.45,16203.0,United Kingdom,17.4,2010
560291,20712,JUMBO BAG WOODLAND ANIMALS,2,2011-07-18 10:17:00,4.13,,United Kingdom,8.26,2011
490683,82578,KITCHEN METAL SIGN,25,2009-12-07 13:45:00,0.55,17865.0,United Kingdom,13.750000000000002,2009
529690,22667,RECIPE BOX RETROSPOT ,6,2010-10-29 12:44:00,2.95,12395.0,Belgium,17.700000000000003,2010
536162,84987,SET OF 36 TEATIME PAPER DOILIES,7,2010-11-30 12:07:00,1.25,15939.0,United Kingdom,8.75,2010
556467,21466,RED FLOWER CROCHET FOOD COVER,1,2011-06-12 11:17:00,3.75,13232.0,United Kingdom,3.75,2011
538877,20724,RED RETROSPOT CHARLOTTE BAG,90,2010-12-14 15:29:00,2.51,,United Kingdom,225.89999999999998,2010
561885,17012F,ORIGAMI SANDLEWOOD INCENSE/CAND SET,1,2011-07-31 13:13:00,0.85,15532.0,United Kingdom,0.85,2011
543237,84692,BOX OF 24 COCKTAIL PARASOLS,18,2011-02-04 13:39:00,1.63,,United Kingdom,29.339999999999996,2011
538035,22411,JUMBO SHOPPER VINTAGE RED PAISLEY,1,2010-12-09 13:03:00,1.95,16065.0,United Kingdom,1.95,2010
569837,22091,EMPIRE TISSUE BOX,1,2011-10-06 13:11:00,0.39,12748.0,United Kingdom,0.39,2011
572229,21703,BAG 125g SWIRLY MARBLES,12,2011-10-21 14:23:00,0.42,14329.0,United Kingdom,5.04,2011
533066,22337,ANGEL DECORATION PAINTED ZINC ,7,2010-11-15 17:11:00,0.65,15164.0,United Kingdom,4.55,2010
508643,15060B,FAIRY CAKE DESIGN UMBRELLA,1,2010-05-17 15:30:00,8.47,,United Kingdom,8.47,2010
559550,22629,SPACEBOY LUNCH BOX ,2,2011-07-10 15:38:00,1.95,17757.0,United Kingdom,3.9,2011
492428,22078,RIBBON REEL LACE DESIGN ,12,2009-12-17 08:55:00,2.1,18201.0,United Kingdom,25.200000000000003,2009
550618,22329,ROUND CONTAINER SET OF 5 RETROSPOT,12,2011-04-19 13:09:00,1.65,14156.0,EIRE,19.799999999999997,2011
578827,22632,HAND WARMER RED RETROSPOT,1,2011-11-25 14:25:00,4.13,,United Kingdom,4.13,2011
519607,21931,JUMBO STORAGE BAG SUKI,2,2010-08-18 16:21:00,1.95,14505.0,United Kingdom,3.9,2010
503016,72801e,S/4 FESTIVE GREEN DINNER CANDLES,1,2010-03-29 15:02:00,2.51,,United Kingdom,2.51,2010
564162,48194,DOORMAT HEARTS,2,2011-08-23 13:27:00,7.95,13481.0,United Kingdom,15.9,2011
580729,22664,TOY TIDY DOLLY GIRL DESIGN,1,2011-12-05 17:24:00,4.13,,United Kingdom,4.13,2011
494018,21161,KEEP OUT BOYS DOOR HANGER ,2,2010-01-11 09:37:00,1.7,,United Kingdom,3.4,2010
499858,21700,BIG DOUGHNUT FRIDGE MAGNETS,1,2010-03-02 17:04:00,8.47,,United Kingdom,8.47,2010
574040,23301,GARDENERS KNEELING PAD KEEP CALM ,2,2011-11-02 13:01:00,1.65,14974.0,United Kingdom,3.3,2011
562153,22382,LUNCH BAG SPACEBOY DESIGN ,30,2011-08-03 11:21:00,1.45,14088.0,United Kingdom,43.5,2011
581196,20685,DOORMAT RED RETROSPOT,2,2011-12-07 17:25:00,8.25,12935.0,United Kingdom,16.5,2011
498240,84997B,RED 3 PIECE MINI DOTS CUTLERY SET,6,2010-02-17 14:35:00,3.75,12921.0,United Kingdom,22.5,2010
532288,21931,JUMBO STORAGE BAG SUKI,2,2010-11-11 13:24:00,1.95,13821.0,United Kingdom,3.9,2010
502489,71101E,STANDING FAIRY POLE SUPPORT ,12,2010-03-25 10:04:00,0.85,15527.0,United Kingdom,10.2,2010
489573,21912,VINTAGE SNAKES & LADDERS,3,2009-12-01 13:29:00,3.75,15051.0,United Kingdom,11.25,2009
515354,72351B,SET/6 PINK  BUTTERFLY T-LIGHTS,144,2010-07-12 10:57:00,1.69,15369.0,United Kingdom,243.35999999999999,2010
541258,22470,HEART OF WICKER LARGE,6,2011-01-16 15:30:00,2.95,13634.0,United Kingdom,17.700000000000003,2011
549988,22740,POLKADOT PEN,48,2011-04-13 16:43:00,0.85,14367.0,United Kingdom,40.8,2011
501903,22270,HAPPY EASTER HANGING DECORATION,1,2010-03-21 15:50:00,3.75,18078.0,United Kingdom,3.75,2010
504130,22378,WALL TIDY RETROSPOT ,5,2010-04-11 11:14:00,2.1,13520.0,Switzerland,10.5,2010
528644,85226A,WHITE/BLUE PULL BACK RACING CAR,2,2010-10-24 12:00:00,0.55,14553.0,United Kingdom,1.1,2010
523311,47580,TEA TIME DES TEA COSY,1,2010-09-21 13:13:00,5.91,,United Kingdom,5.91,2010
568910,22593,CHRISTMAS GINGHAM STAR,24,2011-09-29 13:39:00,0.85,16574.0,United Kingdom,20.4,2011
506976,84985A,SET OF 72 GREEN PAPER DOILIES,3,2010-05-05 12:55:00,1.45,18041.0,United Kingdom,4.35,2010
511931,20867,PINK ROSE FABRIC MIRROR,12,2010-06-11 11:50:00,1.25,17691.0,United Kingdom,15.0,2010
535264,84032A,CHARLIE+LOLA PINK HOT WATER BOTTLE,2,2010-11-25 13:29:00,2.95,15020.0,United Kingdom,5.9,2010
560571,22662,LUNCH BAG DOLLY GIRL DESIGN,20,2011-07-19 14:29:00,1.65,17735.0,United Kingdom,33.0,2011
550201,23053,RECYCLED ACAPULCO MAT PINK,2,2011-04-15 10:25:00,8.25,12769.0,Brazil,16.5,2011
556728,22919,HERB MARKER MINT,1,2011-06-14 11:36:00,0.65,15719.0,United Kingdom,0.65,2011
555602,23209,LUNCH BAG DOILEY PATTERN ,10,2011-06-06 11:26:00,1.65,16235.0,United Kingdom,16.5,2011
526174,22684,"FRENCH BLUE METAL DOOR SIGN, 9",10,2010-10-10 11:16:00,1.25,12359.0,Cyprus,12.5,2010
526153,22622,BOX OF VINTAGE ALPHABET BLOCKS,2,2010-10-08 15:30:00,9.95,14911.0,EIRE,19.9,2010
572284,21791,VINTAGE HEADS AND TAILS CARD GAME ,4,2011-10-23 12:08:00,1.25,16744.0,United Kingdom,5.0,2011
535811,21257,VICTORIAN SEWING BOX MEDIUM,2,2010-11-28 15:18:00,7.95,15532.0,United Kingdom,15.9,2010
519570,22680,"FRENCH BLUE METAL DOOR SIGN, 5",1,2010-08-18 12:34:00,1.25,13593.0,United Kingdom,1.25,2010
519180,21357,TOAST ITS - DINOSAUR,1,2010-08-13 14:46:00,2.51,,United Kingdom,2.51,2010
512295,20665,RED SPOTTY PURSE ,1,2010-06-14 15:11:00,2.95,15311.0,United Kingdom,2.95,2010
547552,75049L,LARGE CIRCULAR MIRROR MOBILE,5,2011-03-23 15:55:00,2.46,,United Kingdom,12.3,2011
512950,22644,CERAMIC CHERRY CAKE MONEY BANK,12,2010-06-21 09:26:00,1.45,17593.0,United Kingdom,17.4,2010
490279,79026B,"S/4 ICON COASTER,ELVIS LIVES",1,2009-12-04 12:37:00,1.25,16891.0,United Kingdom,1.25,2009
580148,22195,LARGE HEART MEASURING SPOONS,1,2011-12-02 10:08:00,3.29,,United Kingdom,3.29,2011
489599,21165,BEWARE OF THE CAT METAL SIGN ,36,2009-12-01 14:40:00,1.69,12758.0,Portugal,60.839999999999996,2009
579196,84946,ANTIQUE SILVER T-LIGHT GLASS,7,2011-11-28 15:54:00,2.46,14096.0,United Kingdom,17.22,2011
517625,85049H,URBAN BLACK RIBBONS ,1,2010-07-30 11:59:00,1.25,16391.0,United Kingdom,1.25,2010
494015,47594B,SCOTTIES DESIGN WASHBAG,1,2010-01-11 09:34:00,4.3,,United Kingdom,4.3,2010
552862,23084,RABBIT NIGHT LIGHT,1,2011-05-11 16:51:00,2.08,,United Kingdom,2.08,2011
557123,22402,MAGNETS PACK OF 4 VINTAGE COLLAGE,12,2011-06-16 17:56:00,1.25,15555.0,United Kingdom,15.0,2011
547650,22499,WOODEN UNION JACK BUNTING,3,2011-03-24 12:08:00,5.95,17059.0,United Kingdom,17.85,2011
530708,22602,CHRISTMAS RETROSPOT HEART WOOD,24,2010-11-04 11:29:00,0.85,14737.0,United Kingdom,20.4,2010
516156,22090,PAPER BUNTING RETRO SPOTS,6,2010-07-18 11:48:00,2.95,14205.0,United Kingdom,17.700000000000003,2010
522641,22646,CERAMIC STRAWBERRY CAKE MONEY BANK,12,2010-09-16 10:22:00,1.45,12782.0,Portugal,17.4,2010
577549,23264,SET OF 3 WOODEN SLEIGH DECORATIONS,12,2011-11-20 15:00:00,1.25,17841.0,United Kingdom,15.0,2011
579536,22395,PAPERWEIGHT VINTAGE PAISLEY,6,2011-11-30 09:53:00,2.55,12957.0,United Kingdom,15.299999999999999,2011
567477,72351A,SET/6 TURQUOISE BUTTERFLY T-LIGHTS,4,2011-09-20 13:20:00,2.1,16327.0,United Kingdom,8.4,2011
535785,22112,CHOCOLATE HOT WATER BOTTLE,4,2010-11-28 14:08:00,4.95,16455.0,United Kingdom,19.8,2010
541413,21124,SET/10 BLUE POLKADOT PARTY CANDLES,5,2011-01-17 16:14:00,1.25,13859.0,United Kingdom,6.25,2011
532445,21479,WHITE SKULL HOT WATER BOTTLE ,1,2010-11-12 11:31:00,3.75,17772.0,United Kingdom,3.75,2010
504918,15060B,FAIRY CAKE DESIGN UMBRELLA,1,2010-04-19 10:36:00,8.47,,United Kingdom,8.47,2010
554974,22605,WOODEN CROQUET GARDEN SET,4,2011-05-27 17:14:00,12.75,14031.0,United Kingdom,51.0,2011
547488,22567,20 DOLLY PEGS RETROSPOT,4,2011-03-23 11:30:00,1.25,13821.0,United Kingdom,5.0,2011
541855,22551,PLASTERS IN TIN SPACEBOY,1,2011-01-23 14:59:00,1.65,13742.0,United Kingdom,1.65,2011
506909,84836,ZINC METAL HEART DECORATION,24,2010-05-05 10:47:00,1.25,18061.0,United Kingdom,30.0,2010
578067,22969,HOMEMADE JAM SCENTED CANDLES,1,2011-11-22 15:43:00,3.29,,United Kingdom,3.29,2011
494786,84536A,ENGLISH ROSE NOTEBOOK A7 SIZE,1,2010-01-18 13:24:00,0.81,,United Kingdom,0.81,2010
521148,21789,KIDS RAIN MAC PINK,2,2010-09-02 13:27:00,0.85,16065.0,United Kingdom,1.7,2010
575477,21790,VINTAGE SNAP CARDS,3,2011-11-09 16:14:00,1.63,,United Kingdom,4.89,2011
542664,20831,GOLD PHOTO FRAME,3,2011-01-31 12:14:00,4.13,,United Kingdom,12.39,2011
490577,20658,RED SPOTTY LUGGAGE TAG,12,2009-12-07 10:51:00,1.25,16556.0,United Kingdom,15.0,2009
509156,20702,PINK PADDED MOBILE,1,2010-05-20 13:28:00,4.25,15025.0,United Kingdom,4.25,2010
522760,22488,NATURAL SLATE RECTANGLE CHALKBOARD,8,2010-09-16 13:48:00,1.65,15962.0,United Kingdom,13.2,2010
518847,21381,MINI WOODEN HAPPY BIRTHDAY GARLAND,4,2010-08-12 11:47:00,1.69,13668.0,United Kingdom,6.76,2010
552520,85131A,BEADED PEARL HEART WHITE ON STICK,4,2011-05-09 16:34:00,0.83,,United Kingdom,3.32,2011
550290,22974,CHILDRENS DOLLY GIRL MUG,12,2011-04-15 14:45:00,1.65,15246.0,United Kingdom,19.799999999999997,2011
534497,22650,CERAMIC PIRATE CHEST MONEY BANK,4,2010-11-23 11:00:00,1.45,17811.0,United Kingdom,5.8,2010
557482,47566b,TEA TIME PARTY BUNTING,2,2011-06-20 14:11:00,8.29,,United Kingdom,16.58,2011
548703,21931,JUMBO STORAGE BAG SUKI,2,2011-04-03 11:37:00,2.08,16010.0,United Kingdom,4.16,2011
517106,20719,WOODLAND CHARLOTTE BAG,3,2010-07-26 15:17:00,0.85,12867.0,United Kingdom,2.55,2010
575729,20724,RED RETROSPOT CHARLOTTE BAG,10,2011-11-10 19:49:00,0.85,17932.0,United Kingdom,8.5,2011
557488,20731,POSY CANDY BAG,1,2011-06-20 14:48:00,1.25,15581.0,United Kingdom,1.25,2011
502895,21677,HEARTS  STICKERS,12,2010-03-29 11:49:00,0.72,17448.0,United Kingdom,8.64,2010
512285,22566,FELTCRAFT HAIRBAND PINK AND PURPLE,1,2010-06-14 14:27:00,0.85,13069.0,United Kingdom,0.85,2010
540247,22478,BIRDHOUSE GARDEN MARKER ,20,2011-01-05 15:56:00,1.25,15464.0,United Kingdom,25.0,2011
521795,84854,GIRLY PINK TOOL SET,2,2010-09-08 13:57:00,8.47,,United Kingdom,16.94,2010
577519,22113,GREY HEART HOT WATER BOTTLE,2,2011-11-20 13:20:00,4.25,15044.0,United Kingdom,8.5,2011
526637,21243,PINK  POLKADOT PLATE ,2,2010-10-12 13:16:00,1.69,14688.0,United Kingdom,3.38,2010
569325,22593,CHRISTMAS GINGHAM STAR,10,2011-10-03 12:41:00,0.85,16774.0,United Kingdom,8.5,2011
501161,22297,HEART IVORY TRELLIS SMALL,2,2010-03-15 09:28:00,2.51,,United Kingdom,5.02,2010
571260,22469,HEART OF WICKER SMALL,6,2011-10-16 10:41:00,1.65,16206.0,United Kingdom,9.899999999999999,2011
562560,23186,FRENCH STYLE STORAGE JAR CAFE ,12,2011-08-05 17:12:00,0.29,14156.0,EIRE,3.4799999999999995,2011
505579,20679,EDWARDIAN PARASOL RED,3,2010-04-23 12:13:00,5.95,17448.0,United Kingdom,17.85,2010
550830,23152,IVORY SWEETHEART WIRE LETTER RACK ,4,2011-04-21 10:29:00,3.75,13534.0,United Kingdom,15.0,2011
580612,22069,BROWN  PIRATE TREASURE CHEST ,1,2011-12-05 11:58:00,4.13,,United Kingdom,4.13,2011
540551,21632,VINTAGE PINK DECORATIVE PARASOL,3,2011-01-10 09:43:00,8.47,,United Kingdom,25.410000000000004,2011
550750,23206,LUNCH BAG APPLE DESIGN,10,2011-04-20 11:45:00,1.65,13632.0,United Kingdom,16.5,2011
500320,84991,60 TEATIME FAIRY CAKE CASES,24,2010-03-07 12:03:00,0.55,16271.0,United Kingdom,13.200000000000001,2010
559796,22382,LUNCH BAG SPACEBOY DESIGN ,2,2011-07-12 13:30:00,4.96,,United Kingdom,9.92,2011
564825,22441,GROW YOUR OWN BASIL IN ENAMEL MUG,1,2011-08-30 12:26:00,4.13,,United Kingdom,4.13,2011
533737,21891,TRADITIONAL WOODEN SKIPPING ROPE,1,2010-11-18 13:55:00,2.51,,United Kingdom,2.51,2010
533597,22766,PHOTO FRAME CORNICE,8,2010-11-18 12:21:00,2.95,15353.0,United Kingdom,23.6,2010
522990,21124,SET/10 BLUE SPOTTY PARTY CANDLES,24,2010-09-19 15:13:00,1.25,13465.0,United Kingdom,30.0,2010
571701,23247,BISCUIT TIN 50'S CHRISTMAS,6,2011-10-18 15:05:00,2.89,14639.0,United Kingdom,17.34,2011
524307,84997D,PINK 3 PIECE POLKADOT CUTLERY SET,1,2010-09-28 13:54:00,3.75,17092.0,United Kingdom,3.75,2010
573419,22119,PEACE WOODEN BLOCK LETTERS,6,2011-10-31 09:38:00,6.95,13103.0,United Kingdom,41.7,2011
556095,85114b,IVORY ENCHANTED FOREST PLACEMAT,6,2011-06-08 15:27:00,3.29,,United Kingdom,19.740000000000002,2011
512411,22489,PACK OF 12 TRADITIONAL CRAYONS,144,2010-06-15 13:19:00,0.36,14156.0,EIRE,51.839999999999996,2010
507028,85049D,BRIGHT BLUES RIBBONS ,6,2010-05-05 14:51:00,1.25,15704.0,United Kingdom,7.5,2010
571505,70006,LOVE HEART POCKET WARMER,30,2011-10-17 15:19:00,1.65,17244.0,United Kingdom,49.5,2011
572889,23217,LAUREL HEART ANTIQUE SILVER,1,2011-10-26 13:56:00,1.25,12748.0,United Kingdom,1.25,2011
526207,44230,SQUARE MIRROR CURTAIN,1,2010-10-10 13:31:00,7.95,15547.0,United Kingdom,7.95,2010
565617,22076,6 RIBBONS EMPIRE  ,1,2011-09-05 15:30:00,1.25,,United Kingdom,1.25,2011
527093,21710,FOLDING UMBRELLA PINKWHITE POLKADOT,2,2010-10-14 16:14:00,4.95,17823.0,United Kingdom,9.9,2010
498047,22193,RED DINER WALL CLOCK,2,2010-02-16 10:45:00,8.5,13381.0,United Kingdom,17.0,2010
513316,21915,RED  HARMONICA IN BOX ,24,2010-06-23 16:03:00,1.25,14911.0,EIRE,30.0,2010
569897,10125,MINI FUNKY DESIGN TAPES,3,2011-10-06 16:01:00,0.85,17813.0,United Kingdom,2.55,2011
565777,21581,SKULLS  DESIGN  COTTON TOTE BAG,6,2011-09-06 14:53:00,2.25,12569.0,Germany,13.5,2011
491043,22199,FRYING PAN RED POLKADOT ,1,2009-12-09 09:51:00,8.65,,United Kingdom,8.65,2009
511839,82484,WOOD BLACK BOARD ANT WHITE FINISH,1,2010-06-10 17:27:00,6.45,15696.0,United Kingdom,6.45,2010
571104,22866,HAND WARMER SCOTTY DOG DESIGN,12,2011-10-13 15:58:00,2.1,18130.0,United Kingdom,25.200000000000003,2011
547102,21080,SET/20 RED RETROSPOT PAPER NAPKINS ,12,2011-03-21 10:41:00,0.85,14245.0,United Kingdom,10.2,2011
491406,20777,CHRYSANTHEMUM NOTEBOOK,1,2009-12-10 18:27:00,1.65,14081.0,United Kingdom,1.65,2009
541794,22384,LUNCH BAG PINK POLKADOT,2,2011-01-21 13:21:00,1.65,17238.0,United Kingdom,3.3,2011
531900,48111,DOORMAT 3 SMILEY CATS,1,2010-11-10 12:03:00,7.95,15031.0,United Kingdom,7.95,2010
580727,82552,WASHROOM METAL SIGN,1,2011-12-05 17:17:00,2.46,14096.0,United Kingdom,2.46,2011
542998,21174,POTTERING IN THE SHED METAL SIGN,1,2011-02-02 12:16:00,4.13,,United Kingdom,4.13,2011
556201,22725,ALARM CLOCK BAKELIKE CHOCOLATE,4,2011-06-09 13:01:00,3.75,12347.0,Iceland,15.0,2011
490608,79072,TEATIME CAKE TIN WITH HANDLE,1,2009-12-07 11:35:00,9.95,14955.0,United Kingdom,9.95,2009
559864,23245,SET OF 3 REGENCY CAKE TINS,4,2011-07-13 10:38:00,4.95,14916.0,United Kingdom,19.8,2011
489897,21135,VICTORIAN  METAL POSTCARD SPRING,16,2009-12-03 09:10:00,1.69,15255.0,United Kingdom,27.04,2009
551987,21931,JUMBO STORAGE BAG SUKI,2,2011-05-05 14:55:00,2.08,15005.0,United Kingdom,4.16,2011
502570,35001W,HAND OPEN SHAPE DECO.WHITE,54,2010-03-25 12:20:00,2.95,15380.0,United Kingdom,159.3,2010
552660,21731,RED TOADSTOOL LED NIGHT LIGHT,13,2011-05-10 15:03:00,4.13,,United Kingdom,53.69,2011
511033,21621,VINTAGE UNION JACK BUNTING,2,2010-06-06 10:56:00,8.5,16271.0,United Kingdom,17.0,2010
556440,20992,JAZZ HEARTS PURSE NOTEBOOK,48,2011-06-10 14:51:00,0.39,14401.0,United Kingdom,18.72,2011
577601,85099B,JUMBO BAG RED RETROSPOT,10,2011-11-21 08:31:00,2.08,17675.0,United Kingdom,20.8,2011
510001,21917,SET 12 KIDS  WHITE CHALK STICKS,1,2010-05-26 15:06:00,0.42,14649.0,United Kingdom,0.42,2010
573112,23207,LUNCH BAG ALPHABET DESIGN,10,2011-10-27 15:33:00,1.65,16416.0,United Kingdom,16.5,2011
531246,84032B,CHARLIE + LOLA RED HOT WATER BOTTLE,1,2010-11-07 10:56:00,2.95,13259.0,United Kingdom,2.95,2010
502828,22256,FELT FARM ANIMAL CHICKEN,2,2010-03-28 12:18:00,1.25,16727.0,United Kingdom,2.5,2010
504481,22551,PLASTERS IN TIN SPACEBOY,12,2010-04-14 10:44:00,1.65,14624.0,United Kingdom,19.799999999999997,2010
558116,22381,TOY TIDY PINK POLKADOT,1,2011-06-27 09:11:00,4.96,,United Kingdom,4.96,2011
560635,23025,DRAWER KNOB VINTAGE GLASS BALL,6,2011-07-20 10:51:00,2.08,12521.0,Germany,12.48,2011
552533,21314,SMALL GLASS HEART TRINKET POT,16,2011-05-10 09:41:00,2.1,13767.0,United Kingdom,33.6,2011
570690,23158,SET OF 5 LUCKY CAT MAGNETS ,1,2011-10-11 16:37:00,4.13,,United Kingdom,4.13,2011
563212,22488,NATURAL SLATE RECTANGLE CHALKBOARD,4,2011-08-14 12:41:00,1.65,17800.0,United Kingdom,6.6,2011
494603,72802B,OCEAN SCENT CANDLE IN JEWELLED BOX,6,2010-01-15 12:22:00,4.25,16452.0,United Kingdom,25.5,2010
560298,22139,RETROSPOT TEA SET CERAMIC 11 PC ,1,2011-07-18 10:26:00,10.79,,United Kingdom,10.79,2011
558475,22593,CHRISTMAS GINGHAM STAR,4,2011-06-29 15:58:00,1.63,,United Kingdom,6.52,2011
569331,84946,ANTIQUE SILVER T-LIGHT GLASS,24,2011-10-03 13:39:00,1.25,16875.0,United Kingdom,30.0,2011
523871,84997D,PINK 3 PIECE MINI DOTS CUTLERY SET,6,2010-09-24 12:59:00,3.75,16168.0,United Kingdom,22.5,2010
523730,22384,LUNCH BAG PINK RETROSPOT,20,2010-09-23 17:14:00,1.65,13178.0,United Kingdom,33.0,2010
501889,20914,SET/5 RED SPOTTY LID GLASS BOWLS,32,2010-03-21 14:24:00,2.55,13093.0,United Kingdom,81.6,2010
559465,22386,JUMBO BAG PINK POLKADOT,100,2011-07-08 13:26:00,1.79,14680.0,United Kingdom,179.0,2011
516538,20725,LUNCH BAG RED SPOTTY,30,2010-07-21 11:57:00,1.65,16180.0,United Kingdom,49.5,2010
568949,82616C,MIDNIGHT GLAMOUR SCARF KNITTING KIT,1,2011-09-29 15:13:00,2.46,,United Kingdom,2.46,2011
525827,22749,FELTCRAFT PRINCESS CHARLOTTE DOLL,8,2010-10-07 11:52:00,3.75,14961.0,United Kingdom,30.0,2010
569538,23503,PLAYING CARDS KEEP CALM & CARRY ON,12,2011-10-04 15:55:00,1.25,14462.0,United Kingdom,15.0,2011
534750,22812,PACK 3 BOXES CHRISTMAS PANNETONE,19,2010-11-24 09:54:00,5.06,,United Kingdom,96.13999999999999,2010
551715,71459,HANGING JAM JAR T-LIGHT HOLDER,12,2011-05-03 15:23:00,0.85,13102.0,United Kingdom,10.2,2011
578757,20963,APPLE BATH SPONGE,10,2011-11-25 11:41:00,1.25,12748.0,United Kingdom,12.5,2011
571909,22093,MOTORING TISSUE BOX,1,2011-10-19 15:08:00,0.39,15006.0,United Kingdom,0.39,2011
571183,22062,CERAMIC BOWL WITH LOVE HEART DESIGN,1,2011-10-14 11:08:00,0.83,14796.0,United Kingdom,0.83,2011
566221,22311,OFFICE MUG WARMER BLACK+SILVER ,1,2011-09-09 16:13:00,5.79,,United Kingdom,5.79,2011
536420,21890,S/6 WOODEN SKITTLES IN COTTON BAG,6,2010-12-01 12:03:00,2.95,16583.0,United Kingdom,17.700000000000003,2010
521544,21535,RED RETROSPOT SMALL MILK JUG,18,2010-09-06 15:12:00,2.55,16705.0,United Kingdom,45.9,2010
569721,47590B,PINK HAPPY BIRTHDAY BUNTING,3,2011-10-06 09:28:00,5.45,12628.0,Germany,16.35,2011
533348,21191,LARGE WHITE HONEYCOMB PAPER BELL  ,2,2010-11-17 09:22:00,4.21,,United Kingdom,8.42,2010
537226,22310,IVORY KNITTED MUG COSY ,6,2010-12-06 08:34:00,1.65,15987.0,United Kingdom,9.899999999999999,2010
502810,22386,JUMBO BAG PINK WITH WHITE SPOTS,2,2010-03-26 17:24:00,1.95,15339.0,United Kingdom,3.9,2010
565779,21888,BINGO SET,4,2011-09-06 15:14:00,3.75,15804.0,United Kingdom,15.0,2011
526430,22193,RED DINER WALL CLOCK,2,2010-10-11 15:12:00,8.5,17635.0,United Kingdom,17.0,2010
549154,23053,RECYCLED ACAPULCO MAT PINK,2,2011-04-06 16:47:00,8.25,17690.0,United Kingdom,16.5,2011
555736,22147,FELTCRAFT BUTTERFLY HEARTS,12,2011-06-07 09:13:00,1.45,17730.0,United Kingdom,17.4,2011
541999,22754,SMALL RED BABUSHKA NOTEBOOK ,1,2011-01-25 10:45:00,1.63,,United Kingdom,1.63,2011
521471,22328,ROUND SNACK BOXES SET OF 4 FRUITS ,5,2010-09-06 12:09:00,2.95,14680.0,United Kingdom,14.75,2010
555540,21354,TOAST ITS - BEST MUM,3,2011-06-05 12:48:00,1.25,13668.0,United Kingdom,3.75,2011
579125,85049A,TRADITIONAL CHRISTMAS RIBBONS,12,2011-11-28 12:19:00,1.25,14215.0,United Kingdom,15.0,2011
540115,21107,CREAM SLICE FLANNEL PINK SPOT ,6,2011-01-05 09:51:00,2.95,15235.0,United Kingdom,17.700000000000003,2011
549524,21281,VINTAGE KITCHEN PRINT SEAFOOD,1,2011-04-08 15:42:00,4.96,,United Kingdom,4.96,2011
514844,21212,PACK OF 72 RETRO SPOT CAKE CASES,24,2010-07-06 15:17:00,0.55,15125.0,United Kingdom,13.200000000000001,2010
494211,21931,JUMBO STORAGE BAG SUKI,1,2010-01-12 11:36:00,1.95,17945.0,United Kingdom,1.95,2010
568872,23244,ROUND STORAGE TIN VINTAGE LEAF,6,2011-09-29 12:12:00,1.95,12372.0,Denmark,11.7,2011
493261,37333,"RETRO ""TEA FOR ONE"" ",1,2009-12-22 14:48:00,11.26,,United Kingdom,11.26,2009
573485,23209,LUNCH BAG VINTAGE DOILY ,10,2011-10-31 11:37:00,1.65,15752.0,United Kingdom,16.5,2011
505147,22282,12 EGG HOUSE PAINTED WOOD,2,2010-04-20 11:30:00,12.75,15970.0,United Kingdom,25.5,2010
576889,21588,RETROSPOT GIANT TUBE MATCHES,4,2011-11-16 17:24:00,2.55,12748.0,United Kingdom,10.2,2011
517946,22440,BALLOON WATER BOMB PACK OF 35,20,2010-08-03 11:32:00,0.42,17673.0,United Kingdom,8.4,2010
518388,21768,WALL MOUNTED VINTAGE ORGANISER,1,2010-08-08 12:18:00,14.95,15774.0,United Kingdom,14.95,2010
577831,85099B,JUMBO BAG RED RETROSPOT,10,2011-11-22 10:17:00,2.08,16748.0,United Kingdom,20.8,2011
521208,20981,12 PENCILS TALL TUBE WOODLAND,192,2010-09-02 18:32:00,0.72,14739.0,United Kingdom,138.24,2010
565784,90120C,GREEN MURANO TWIST BRACELET,4,2011-09-06 16:02:00,4.25,15089.0,United Kingdom,17.0,2011
577551,23389,SPACEBOY MINI BACKPACK,8,2011-11-20 15:21:00,4.15,12395.0,Belgium,33.2,2011
534886,22595,CHRISTMAS GINGHAM HEART,12,2010-11-24 14:49:00,0.85,,Portugal,10.2,2010
530140,22417,PACK OF 60 SPACEBOY CAKE CASES,1,2010-11-01 16:45:00,1.28,,United Kingdom,1.28,2010
514483,22380,TOY TIDY SPACEBOY  ,10,2010-07-02 14:39:00,1.85,17850.0,United Kingdom,18.5,2010
490128,84558A,3D DOG PICTURE PLAYING CARDS,48,2009-12-03 18:23:00,2.95,15884.0,United Kingdom,141.60000000000002,2009
561071,22629,SPACEBOY LUNCH BOX ,24,2011-07-24 15:39:00,1.95,14057.0,United Kingdom,46.8,2011
532990,85231B,CINAMMON SET OF 9 T-LIGHTS,4,2010-11-15 14:11:00,0.85,17106.0,United Kingdom,3.4,2010
528673,22505,MEMO BOARD COTTAGE DESIGN,1,2010-10-24 12:51:00,4.95,15059.0,United Kingdom,4.95,2010
529320,22040,BOTANICAL ROSE GIFT WRAP,25,2010-10-27 13:59:00,0.42,14400.0,United Kingdom,10.5,2010
495178,22094,RED POLKA DOT TISSUE BOX,3,2010-01-21 13:33:00,1.25,13735.0,United Kingdom,3.75,2010
492216,71028B,SILVER BLUE EGG T-LIGHT HOLDER,48,2009-12-15 17:25:00,0.38,15641.0,United Kingdom,18.240000000000002,2009
550820,23066,SMALL DECO JEWELLERY STAND,4,2011-04-21 08:43:00,8.25,13148.0,United Kingdom,33.0,2011
556571,21874,GIN AND TONIC MUG,12,2011-06-13 13:13:00,1.25,13018.0,United Kingdom,15.0,2011
573300,85035C,ROSE 3 WICK MORRIS BOX CANDLE,12,2011-10-28 16:10:00,1.25,16049.0,United Kingdom,15.0,2011
525448,22534,MAGIC DRAWING SLATE SPACEBOY ,18,2010-10-05 14:05:00,0.42,16938.0,United Kingdom,7.56,2010
493395,22097,SWALLOW SQUARE TISSUE BOX,12,2009-12-23 13:41:00,1.25,12539.0,Spain,15.0,2009
560360,23028,DRAWER KNOB CRACKLE GLAZE BLUE,18,2011-07-18 11:55:00,1.65,12744.0,Singapore,29.7,2011
505967,21524,DOOR MAT SPOTTY HOME SWEET HOME,2,2010-04-26 16:21:00,7.49,18009.0,United Kingdom,14.98,2010
490478,79323G,GOLD  CHERRY LIGHTS,2,2009-12-06 12:42:00,6.75,14896.0,United Kingdom,13.5,2009
561371,21718,RED METAL BEACH SPADE ,1,2011-07-26 16:25:00,2.46,,United Kingdom,2.46,2011
574074,21116,OWL DOORSTOP,1,2011-11-02 15:33:00,8.29,,United Kingdom,8.29,2011
563356,23202,JUMBO BAG VINTAGE LEAF,10,2011-08-15 14:44:00,2.08,16210.0,United Kingdom,20.8,2011
572458,23541,WALL ART CLASSIC PUDDINGS ,2,2011-10-24 12:51:00,8.25,15142.0,United Kingdom,16.5,2011
504426,22353,LUNCH BOX WITH CUTLERY FAIRY CAKES ,3,2010-04-13 13:21:00,2.55,16779.0,United Kingdom,7.6499999999999995,2010
536743,21830,ASSORTED CREEPY CRAWLIES,48,2010-12-02 13:32:00,0.42,17964.0,United Kingdom,20.16,2010
520998,22055,MINI CAKE STAND  HANGING STRAWBERY,1,2010-09-01 13:39:00,3.36,,United Kingdom,3.36,2010
495185,22300,COFFEE MUG DOG + BALL DESIGN,36,2010-01-21 14:01:00,2.1,14439.0,Greece,75.60000000000001,2010
571883,23265,SET OF 3 WOODEN TREE DECORATIONS,3,2011-10-19 13:58:00,1.25,14704.0,United Kingdom,3.75,2011
572047,21908,CHOCOLATE THIS WAY METAL SIGN,2,2011-10-20 12:13:00,2.1,16474.0,United Kingdom,4.2,2011
525583,22697,GREEN REGENCY TEACUP AND SAUCER,24,2010-10-06 11:25:00,2.55,13093.0,United Kingdom,61.199999999999996,2010
530103,22501,PICNIC BASKET WICKER LARGE,1,2010-11-01 14:11:00,9.95,17190.0,United Kingdom,9.95,2010
572353,23570,TRADITIONAL PICK UP STICKS GAME ,12,2011-10-24 11:40:00,1.25,15215.0,United Kingdom,15.0,2011
504588,21923,RED/CREAM STRIPE FRINGE HAMMOCK,2,2010-04-15 10:18:00,7.95,13388.0,United Kingdom,15.9,2010
581405,23368,SET 12 COLOUR PENCILS DOLLY GIRL ,1,2011-12-08 13:50:00,0.65,13521.0,United Kingdom,0.65,2011
511026,85067,CREAM SWEETHEART WALL CABINET,1,2010-06-06 10:25:00,18.95,14441.0,United Kingdom,18.95,2010
573585,21906,PHARMACIE FIRST AID TIN,1,2011-10-31 14:41:00,13.29,,United Kingdom,13.29,2011
549789,84991,60 TEATIME FAIRY CAKE CASES,24,2011-04-12 12:00:00,0.55,17160.0,United Kingdom,13.200000000000001,2011
503428,21383,PACK OF 12 STICKY BUNNIES,2,2010-03-31 17:31:00,1.66,,United Kingdom,3.32,2010
559817,22203,MILK PAN RED RETROSPOT,1,2011-07-12 16:20:00,3.29,,United Kingdom,3.29,2011
515474,21689,SILVER VANILLA  FLOWER CANDLE POT,2,2010-07-12 16:43:00,3.75,17950.0,United Kingdom,7.5,2010
495310,20726,LUNCH BAG WOODLAND,10,2010-01-22 14:17:00,1.65,12531.0,Germany,16.5,2010
558159,21034,REX CASH+CARRY JUMBO SHOPPER,1,2011-06-27 11:50:00,0.95,16904.0,United Kingdom,0.95,2011
519560,21442,GREEN BIRDHOUSE DECORATION,1,2010-08-18 11:34:00,1.66,,United Kingdom,1.66,2010
500918,22035,VINTAGE CARAVAN GREETING CARD ,2,2010-03-11 10:30:00,0.85,,United Kingdom,1.7,2010
523508,84832,ZINC WILLIE WINKIE  CANDLE STICK,2,2010-09-22 12:13:00,1.66,,United Kingdom,3.32,2010
552851,21539,RED RETROSPOT BUTTER DISH,12,2011-05-11 15:07:00,4.95,12731.0,France,59.400000000000006,2011
568593,22588,CARD HOLDER GINGHAM HEART,12,2011-09-28 10:54:00,2.89,13988.0,United Kingdom,34.68,2011
534724,22457,NATURAL SLATE HEART CHALKBOARD ,6,2010-11-23 18:20:00,2.95,15951.0,United Kingdom,17.700000000000003,2010
574703,23168,CLASSIC CAFE SUGAR DISPENSER,2,2011-11-06 13:59:00,1.25,15426.0,United Kingdom,2.5,2011
495381,22045,SPACEBOY GIFT WRAP,25,2010-01-24 13:54:00,0.42,13327.0,United Kingdom,10.5,2010
568874,23192,BUNDLE OF 3 ALPHABET EXERCISE BOOKS,1,2011-09-29 12:16:00,1.65,14524.0,United Kingdom,1.65,2011
546888,85202,HANGING WOOD AND FELT HEART,1,2011-03-17 18:15:00,0.79,,United Kingdom,0.79,2011
562378,21807,WHITE CHRISTMAS STAR DECORATION,36,2011-08-04 15:07:00,0.42,15046.0,United Kingdom,15.12,2011
533290,21210,SET OF 72 RETROSPOT PAPER  DOILIES,12,2010-11-16 15:46:00,1.45,14911.0,EIRE,17.4,2010
540848,37482P,CUBIC MUG PINK POLKADOT,2,2011-01-12 09:26:00,5.91,,United Kingdom,11.82,2011
536477,84029E,RED WOOLLY HOTTIE WHITE HEART.,24,2010-12-01 12:27:00,3.39,16210.0,United Kingdom,81.36,2010
491433,85123A,WHITE HANGING HEART T-LIGHT HOLDER,12,2009-12-11 09:58:00,2.95,18172.0,United Kingdom,35.400000000000006,2009
571931,23285,PINK VINTAGE SPOT BEAKER,1,2011-10-19 16:59:00,1.63,,United Kingdom,1.63,2011
553876,21794,CLASSIC FRENCH STYLE BASKET NATURAL,8,2011-05-19 14:45:00,3.95,16463.0,United Kingdom,31.6,2011
541496,21035,SET/2 RED RETROSPOT TEA TOWELS ,1,2011-01-18 15:00:00,5.79,,United Kingdom,5.79,2011
518426,21051,RIBBONS PURSE ,6,2010-08-09 09:45:00,2.1,16170.0,United Kingdom,12.600000000000001,2010
534244,82486,WOOD S/3 CABINET ANT WHITE FINISH,2,2010-11-22 10:59:00,7.95,16972.0,United Kingdom,15.9,2010
509115,84378,SET OF 3 HEART COOKIE CUTTERS,12,2010-05-20 11:55:00,1.25,17716.0,United Kingdom,15.0,2010
501888,47556B,TEA TIME TEA TOWELS ,6,2010-03-21 14:18:00,2.95,15633.0,United Kingdom,17.700000000000003,2010
556942,22029,SPACEBOY BIRTHDAY CARD,12,2011-06-15 16:42:00,0.42,14222.0,United Kingdom,5.04,2011
554514,90119,METALIC LEAVES BAG CHARMS,1,2011-05-24 15:58:00,2.46,,United Kingdom,2.46,2011
548208,82581,TOILET METAL SIGN,12,2011-03-29 17:12:00,0.55,14189.0,United Kingdom,6.6000000000000005,2011
547095,16161P,WRAP ENGLISH ROSE ,25,2011-03-21 09:03:00,0.42,13018.0,United Kingdom,10.5,2011
558371,21327,SKULLS WRITING SET ,2,2011-06-28 15:44:00,2.46,,United Kingdom,4.92,2011
579512,82001S,SILVER RECORD COVER FRAME,2,2011-11-29 16:47:00,7.46,,United Kingdom,14.92,2011
554096,22553,PLASTERS IN TIN SKULLS,12,2011-05-22 12:51:00,1.65,14921.0,United Kingdom,19.799999999999997,2011
506254,20974,12 PENCILS SMALL TUBE SKULL,24,2010-04-28 13:59:00,0.65,12714.0,France,15.600000000000001,2010
569231,23101,SILVER STARS TABLE DECORATION,3,2011-10-02 15:18:00,0.83,13379.0,United Kingdom,2.4899999999999998,2011
580059,22633,HAND WARMER UNION JACK,24,2011-12-01 13:22:00,2.1,17768.0,United Kingdom,50.400000000000006,2011
556891,23245,SET OF 3 REGENCY CAKE TINS,8,2011-06-15 12:48:00,4.95,17581.0,United Kingdom,39.6,2011
542084,20728,LUNCH BAG CARS BLUE,30,2011-01-25 12:31:00,1.65,14680.0,United Kingdom,49.5,2011
554310,22385,JUMBO BAG SPACEBOY DESIGN,3,2011-05-23 15:25:00,4.13,,United Kingdom,12.39,2011
549449,85099C,JUMBO  BAG BAROQUE BLACK WHITE,10,2011-04-08 14:12:00,2.08,14227.0,United Kingdom,20.8,2011
574079,82583,HOT BATHS METAL SIGN,1,2011-11-02 16:19:00,2.1,17595.0,United Kingdom,2.1,2011
489797,20748,KENSINGTON COFFEE SET,1,2009-12-02 12:19:00,12.75,15581.0,United Kingdom,12.75,2009
580729,22995,TRAVEL CARD WALLET SUKI,3,2011-12-05 17:24:00,0.83,,United Kingdom,2.4899999999999998,2011
565129,23200,JUMBO BAG PEARS,5,2011-09-01 12:41:00,2.08,15719.0,United Kingdom,10.4,2011
492376,21381,MINI WOODEN HAPPY BIRTHDAY GARLAND,4,2009-12-16 14:59:00,1.69,17776.0,United Kingdom,6.76,2009
560105,21232,STRAWBERRY CERAMIC TRINKET BOX,5,2011-07-14 19:23:00,1.25,16794.0,United Kingdom,6.25,2011
504427,22465,HANGING METAL STAR LANTERN,6,2010-04-13 13:21:00,1.65,14030.0,United Kingdom,9.899999999999999,2010
495239,35961,FOLKART ZINC HEART CHRISTMAS DEC,4,2010-01-22 10:01:00,1.66,,United Kingdom,6.64,2010
505984,22472,TV DINNER TRAY DOLLY GIRL,80,2010-04-27 09:35:00,3.74,18102.0,United Kingdom,299.20000000000005,2010
526738,84378,SET OF 3 HEART COOKIE CUTTERS,1,2010-10-12 18:02:00,2.51,,United Kingdom,2.51,2010
515347,21539,RED RETROSPOT BUTTER DISH,3,2010-07-12 10:26:00,4.95,12472.0,Germany,14.850000000000001,2010
573585,21934,SKULL SHOULDER BAG,19,2011-10-31 14:41:00,1.63,,United Kingdom,30.97,2011
532826,22646,CERAMIC STRAWBERRY CAKE MONEY BANK,1,2010-11-15 09:32:00,3.36,,United Kingdom,3.36,2010
549842,21908,CHOCOLATE THIS WAY METAL SIGN,12,2011-04-12 13:55:00,2.1,14738.0,United Kingdom,25.200000000000003,2011
572935,23523,WALL ART TREASURE AHOY ,6,2011-10-27 10:26:00,3.75,14189.0,United Kingdom,22.5,2011
570690,22573,STAR WOODEN CHRISTMAS DECORATION,3,2011-10-11 16:37:00,1.63,,United Kingdom,4.89,2011
566251,47422,ASSORTED MONKEY SUCTION CUP HOOK,10,2011-09-11 12:13:00,0.42,12841.0,United Kingdom,4.2,2011
525825,22908,PACK OF 20 NAPKINS RED APPLES,1,2010-10-07 11:46:00,0.85,15858.0,United Kingdom,0.85,2010
572127,22151,PLACE SETTING WHITE HEART,24,2011-10-21 09:20:00,0.42,14911.0,EIRE,10.08,2011
495030,21076,SET/20 COLLAGE PAPER NAPKIN ,8,2010-01-20 14:04:00,0.85,13982.0,United Kingdom,6.8,2010
547420,22138,BAKING SET 9 PIECE RETROSPOT ,6,2011-03-23 10:43:00,4.95,15449.0,United Kingdom,29.700000000000003,2011
550638,21484,CHICK GREY HOT WATER BOTTLE,1,2011-04-19 15:44:00,7.46,,United Kingdom,7.46,2011
520334,85099F,JUMBO BAG STRAWBERRY,2,2010-08-25 12:31:00,1.95,16200.0,United Kingdom,3.9,2010
553348,22149,FELTCRAFT 6 FLOWER FRIENDS,6,2011-05-16 13:20:00,2.1,14911.0,EIRE,12.600000000000001,2011
546220,85099B,JUMBO BAG RED RETROSPOT,4,2011-03-10 12:16:00,1.95,16745.0,United Kingdom,7.8,2011
560393,22629,SPACEBOY LUNCH BOX ,5,2011-07-18 13:33:00,1.95,14808.0,United Kingdom,9.75,2011
523950,35970,ZINC FOLKART SLEIGH BELLS,8,2010-09-26 11:57:00,1.69,17062.0,United Kingdom,13.52,2010
525443,22028,PENNY FARTHING BIRTHDAY CARD,12,2010-10-05 13:48:00,0.42,14085.0,United Kingdom,5.04,2010
538351,21912,VINTAGE SNAKES & LADDERS,2,2010-12-10 15:17:00,7.62,,United Kingdom,15.24,2010
568702,22807,SET OF 6 T-LIGHTS TOADSTOOLS,1,2011-09-28 15:18:00,2.95,17950.0,United Kingdom,2.95,2011
556245,22956,36 FOIL HEART CAKE CASES,1,2011-06-09 16:10:00,2.1,17841.0,United Kingdom,2.1,2011
542864,21955,DOORMAT UNION JACK GUNS AND ROSES,10,2011-02-01 12:03:00,6.75,13802.0,United Kingdom,67.5,2011
538418,22965,3 TRADITIONAl BISCUIT CUTTERS  SET,2,2010-12-12 12:00:00,2.1,17372.0,United Kingdom,4.2,2010
564825,84988,SET OF 72 PINK HEART PAPER DOILIES,1,2011-08-30 12:26:00,2.92,,United Kingdom,2.92,2011
497947,22379,RECYCLING BAG RETROSPOT ,5,2010-02-15 12:05:00,2.1,12380.0,Belgium,10.5,2010
497043,22285,"DECORATION HEN ON NEST, HANGING",12,2010-02-05 14:42:00,1.65,15784.0,United Kingdom,19.799999999999997,2010
539648,22659,LUNCH BOX I LOVE LONDON,1,2010-12-20 16:08:00,1.95,,United Kingdom,1.95,2010
495818,22286,"DECORATION , WOBBLY RABBIT , METAL ",24,2010-01-27 10:39:00,1.65,14299.0,United Kingdom,39.599999999999994,2010
510410,84510A,SET OF 4 ENGLISH ROSE COASTERS,2,2010-05-28 17:25:00,2.51,,United Kingdom,5.02,2010
513802,22412,METAL SIGN NEIGHBOURHOOD WITCH ,12,2010-06-29 08:37:00,2.1,14110.0,United Kingdom,25.200000000000003,2010
514552,20717,STRAWBERRY SHOPPER BAG,5,2010-07-05 11:13:00,1.25,16161.0,United Kingdom,6.25,2010
535407,22165,"DIAMANTE HEART SHAPED WALL MIRROR, ",2,2010-11-26 11:20:00,11.02,,United Kingdom,22.04,2010
505550,21060,PARTY INVITES BALLOON GIRL,12,2010-04-23 08:28:00,0.72,17448.0,United Kingdom,8.64,2010
564758,21078,SET/20 STRAWBERRY PAPER NAPKINS ,2,2011-08-30 10:39:00,1.63,,United Kingdom,3.26,2011
503859,21145,ANTIQUE GLASS PLACE SETTING,12,2010-04-08 10:30:00,1.25,14855.0,United Kingdom,15.0,2010
569705,22200,FRYING PAN PINK POLKADOT,4,2011-10-05 16:15:00,4.25,15762.0,United Kingdom,17.0,2011
549901,22965,3 TRADITIONAl BISCUIT CUTTERS  SET,1,2011-04-12 16:17:00,2.1,17180.0,United Kingdom,2.1,2011
524269,22158,3 HEARTS HANGING DECORATION RUSTIC,8,2010-09-28 11:48:00,2.95,13103.0,United Kingdom,23.6,2010
544597,22822,CREAM WALL PLANTER HEART SHAPED,2,2011-02-21 17:42:00,5.95,16014.0,United Kingdom,11.9,2011
518570,21653,GLASS ETCHED T-LIGHT HOLDER LARGE,2,2010-08-10 11:49:00,4.21,,United Kingdom,8.42,2010
525017,21259,VICTORIAN SEWING BOX SMALL ,2,2010-10-03 11:35:00,5.95,13014.0,United Kingdom,11.9,2010
569457,85170D,SET/6 PINK BIRD T-LIGHT CANDLES,1,2011-10-04 11:29:00,2.1,14606.0,United Kingdom,2.1,2011
505211,22479,DAISY GARDEN MARKER,20,2010-04-21 08:55:00,1.25,18062.0,United Kingdom,25.0,2010
518417,22488,NATURAL SLATE RECTANGLE CHALKBOARD,12,2010-08-09 08:19:00,1.65,13653.0,United Kingdom,19.799999999999997,2010
555383,23108,SET OF 10 LED DOLLY LIGHTS,2,2011-06-02 15:13:00,6.25,12517.0,Germany,12.5,2011
552290,21901,"KEY FOB , BACK DOOR ",7,2011-05-08 13:32:00,0.65,16007.0,United Kingdom,4.55,2011
534513,22120,WELCOME  WOODEN BLOCK LETTERS,1,2010-11-23 11:52:00,9.95,17975.0,United Kingdom,9.95,2010
552882,23169,CLASSIC GLASS SWEET JAR,18,2011-05-12 10:10:00,4.15,14646.0,Netherlands,74.7,2011
526208,22274,FELTCRAFT DOLL EMILY,1,2010-10-10 13:38:00,2.95,15418.0,United Kingdom,2.95,2010
565435,46000P,POLYESTER FILLER PAD 65CMx65CM,8,2011-09-04 13:38:00,4.25,16241.0,United Kingdom,34.0,2011
501714,21531,RETRO SPOT SUGAR JAM BOWL,6,2010-03-19 10:22:00,2.55,17581.0,United Kingdom,15.299999999999999,2010
550906,84313C,ORANGE TV TRAY TABLE ,24,2011-04-21 12:34:00,1.95,14298.0,United Kingdom,46.8,2011
489594,21929,JUMBO BAG PINK VINTAGE PAISLEY,2,2009-12-01 14:19:00,1.95,15005.0,United Kingdom,3.9,2009
539436,35471D,SET OF 3 BIRD LIGHT PINK FEATHER ,1,2010-12-17 14:49:00,2.51,,United Kingdom,2.51,2010
555282,22961,JAM MAKING SET PRINTED,48,2011-06-02 09:04:00,1.45,12709.0,Germany,69.6,2011
509166,84987,SET OF 36 TEATIME PAPER DOILIES,12,2010-05-20 14:45:00,1.45,15615.0,United Kingdom,17.4,2010
515509,82484,WOOD BLACK BOARD ANT WHITE FINISH,12,2010-07-13 11:52:00,5.55,14870.0,United Kingdom,66.6,2010
536031,22588,CARD HOLDER GINGHAM HEART,1,2010-11-29 16:45:00,5.06,,United Kingdom,5.06,2010
495318,48138,DOOR MAT UNION FLAG,2,2010-01-22 15:04:00,6.75,15266.0,United Kingdom,13.5,2010
520046,21232,STRAWBERRY CERAMIC TRINKET BOX,5,2010-08-23 14:38:00,1.25,15005.0,United Kingdom,6.25,2010
510786,22084,PAPER CHAIN KIT EMPIRE,6,2010-06-03 15:50:00,2.95,14492.0,United Kingdom,17.700000000000003,2010
504907,71053,WHITE METAL LANTERN,12,2010-04-19 08:19:00,3.39,17850.0,United Kingdom,40.68,2010
512948,21474,SWEETHEART CREAM STEEL FOLDIN BENCH,1,2010-06-20 15:58:00,19.95,13230.0,United Kingdom,19.95,2010
520213,21494,ROTATING LEAVES T-LIGHT HOLDER,60,2010-08-24 17:31:00,1.25,17602.0,United Kingdom,75.0,2010
539019,22095,LADS ONLY TISSUE BOX,1,2010-12-15 14:12:00,1.25,17551.0,United Kingdom,1.25,2010
510626,21558,SKULL LUNCH BOX WITH CUTLERY ,6,2010-06-02 11:32:00,2.55,14961.0,United Kingdom,15.299999999999999,2010
576641,22947,WOODEN ADVENT CALENDAR RED,6,2011-11-16 09:59:00,7.95,17549.0,United Kingdom,47.7,2011
554520,23138,SINGLE WIRE HOOK IVORY HEART,2,2011-05-24 17:03:00,1.45,17841.0,United Kingdom,2.9,2011
546378,22639,SET OF 4 NAPKIN CHARMS HEARTS,6,2011-03-11 12:17:00,2.55,14329.0,United Kingdom,15.299999999999999,2011
536178,22744,MAKE YOUR OWN MONSOON CARD KIT,6,2010-11-30 12:19:00,2.95,16499.0,United Kingdom,17.700000000000003,2010
489573,22070,SMALL RETRO SPOT MUG IN BOX  RED,4,2009-12-01 13:29:00,3.75,15051.0,United Kingdom,15.0,2009
561474,22356,CHARLOTTE BAG PINK POLKADOT,20,2011-07-27 13:18:00,0.85,14680.0,United Kingdom,17.0,2011
511124,21327,SKULLS WRITING SET ,1,2010-06-07 10:58:00,3.36,,United Kingdom,3.36,2010
529362,22749,FELTCRAFT PRINCESS CHARLOTTE DOLL,5,2010-10-28 09:57:00,3.75,17994.0,United Kingdom,18.75,2010
515100,22379,RECYCLING BAG RETROSPOT ,1,2010-07-08 11:59:00,2.1,14527.0,United Kingdom,2.1,2010
566400,20724,RED RETROSPOT CHARLOTTE BAG,10,2011-09-12 13:16:00,0.85,17139.0,United Kingdom,8.5,2011
523946,22949,36 DOILIES DOLLY GIRL,12,2010-09-26 11:23:00,1.45,16833.0,United Kingdom,17.4,2010
552520,22383,LUNCH BAG SUKI DESIGN ,3,2011-05-09 16:34:00,4.13,,United Kingdom,12.39,2011
507673,21889,WOODEN BOX OF DOMINOES,12,2010-05-11 09:29:00,1.25,14911.0,EIRE,15.0,2010
555577,21927,BLUE/CREAM STRIPE CUSHION COVER ,12,2011-06-05 15:53:00,1.25,15301.0,United Kingdom,15.0,2011
565682,23309,SET OF 60 I LOVE LONDON CAKE CASES ,4,2011-09-06 10:42:00,0.55,14796.0,United Kingdom,2.2,2011
547076,22431,WATERING CAN BLUE ELEPHANT,6,2011-03-20 14:37:00,1.95,15140.0,United Kingdom,11.7,2011
548516,21746,SMALL RED RETROSPOT WINDMILL,6,2011-03-31 16:28:00,2.46,,United Kingdom,14.76,2011
490017,84510A,SET OF 4 ENGLISH ROSE COASTERS,1,2009-12-03 12:31:00,1.25,14159.0,United Kingdom,1.25,2009
577095,23349,ROLL WRAP VINTAGE CHRISTMAS,3,2011-11-17 16:39:00,1.25,15867.0,United Kingdom,3.75,2011
530140,21618,4 WILDFLOWER BOTANICAL CANDLES,1,2010-11-01 16:45:00,7.62,,United Kingdom,7.62,2010
556495,21165,BEWARE OF THE CAT METAL SIGN ,1,2011-06-12 15:14:00,1.69,18069.0,United Kingdom,1.69,2011
545797,22672,FRENCH BATHROOM SIGN BLUE METAL,3,2011-03-07 12:17:00,1.65,16225.0,United Kingdom,4.949999999999999,2011
562934,22062,CERAMIC BOWL WITH LOVE HEART DESIGN,1,2011-08-10 16:56:00,2.46,,United Kingdom,2.46,2011
533794,21166,COOK WITH WINE METAL SIGN ,1,2010-11-18 18:16:00,1.95,16907.0,United Kingdom,1.95,2010
551351,21730,GLASS STAR FROSTED T-LIGHT HOLDER,18,2011-04-28 10:20:00,4.25,14298.0,United Kingdom,76.5,2011
562964,22570,FELTCRAFT CUSHION RABBIT,4,2011-08-11 10:29:00,3.75,13488.0,United Kingdom,15.0,2011
500886,22156,HEART DECORATION WITH PEARLS ,1,2010-03-10 15:25:00,0.85,15558.0,United Kingdom,0.85,2010
546649,22668,PINK BABY BUNTING,3,2011-03-15 14:17:00,5.79,,United Kingdom,17.37,2011
536975,22848,BREAD BIN DINER STYLE PINK,2,2010-12-03 14:04:00,16.95,14911.0,EIRE,33.9,2010
537434,90062,CARNIVAL BRACELET,1,2010-12-06 16:57:00,12.75,,United Kingdom,12.75,2010
572288,23298,SPOTTY BUNTING,4,2011-10-23 12:28:00,4.95,17377.0,United Kingdom,19.8,2011
490470,20857,BLUE ROSE PATCH PURSE PINK BUTTERFL,1,2009-12-06 12:26:00,1.65,16395.0,United Kingdom,1.65,2009
537382,10124A,SPOTS ON RED BOOKCOVER TAPE,4,2010-12-06 13:13:00,0.42,16710.0,United Kingdom,1.68,2010
554648,22636,CHILDS BREAKFAST SET CIRCUS PARADE,2,2011-05-25 12:44:00,8.5,12562.0,France,17.0,2011
510587,21621,VINTAGE UNION JACK BUNTING,2,2010-06-02 09:03:00,8.5,17745.0,United Kingdom,17.0,2010
550838,82600,NO SINGING METAL SIGN,2,2011-04-21 11:31:00,2.1,14577.0,United Kingdom,4.2,2011
563193,22134,MINI LADLE LOVE HEART RED ,2,2011-08-12 16:30:00,0.83,,United Kingdom,1.66,2011
551349,20771,CHRYSANTHEMUM  JOURNAL,6,2011-04-28 10:03:00,2.55,14740.0,United Kingdom,15.299999999999999,2011
506082,85099F,JUMBO BAG STRAWBERRY,10,2010-04-27 11:58:00,1.95,13178.0,United Kingdom,19.5,2010
521910,82484,WOOD BLACK BOARD ANT WHITE FINISH,3,2010-09-09 13:09:00,6.45,13046.0,United Kingdom,19.35,2010
491173,84969,ASSORTED COLOUR SET 6 TEASPOONS,3,2009-12-10 11:42:00,4.25,15858.0,United Kingdom,12.75,2009
563557,23092,LARGE ANTIQUE WHITE PHOTO FRAME,4,2011-08-17 13:33:00,7.9,15786.0,United Kingdom,31.6,2011
563191,20956,PORCELAIN T-LIGHT HOLDERS ASSORTED,24,2011-08-12 16:07:00,1.25,16678.0,United Kingdom,30.0,2011
550967,22228,BUNNY WOODEN PAINTED WITH BIRD ,12,2011-04-21 16:58:00,0.85,12971.0,United Kingdom,10.2,2011
527918,82600,NO SINGING METAL SIGN,1,2010-10-19 13:13:00,2.1,17975.0,United Kingdom,2.1,2010
532966,22448,PIN CUSHION BABUSHKA RED,1,2010-11-15 12:52:00,3.35,14606.0,United Kingdom,3.35,2010
576068,22711,WRAP CIRCUS PARADE,25,2011-11-13 15:52:00,0.42,14788.0,United Kingdom,10.5,2011
547103,85099B,JUMBO BAG RED RETROSPOT,10,2011-03-21 10:54:00,1.95,15218.0,United Kingdom,19.5,2011
566733,22826,LOVE SEAT ANTIQUE WHITE METAL,1,2011-09-14 13:54:00,85.0,15103.0,United Kingdom,85.0,2011
559199,23240,SET OF 4 KNICK KNACK TINS DOILEY ,12,2011-07-07 10:28:00,4.15,15288.0,United Kingdom,49.800000000000004,2011
535398,22086,PAPER CHAIN KIT 50'S CHRISTMAS ,1,2010-11-26 11:00:00,2.95,18031.0,United Kingdom,2.95,2010
550280,23201,JUMBO BAG ALPHABET,10,2011-04-15 13:31:00,2.08,13048.0,United Kingdom,20.8,2011
565332,23322,LARGE WHITE HEART OF WICKER,12,2011-09-02 14:09:00,2.95,13695.0,United Kingdom,35.400000000000006,2011
513487,22295,HEART FILIGREE DOVE LARGE,4,2010-06-24 18:06:00,1.65,13208.0,United Kingdom,6.6,2010
526738,22451,SILK PURSE BABUSHKA RED,1,2010-10-12 18:02:00,6.77,,United Kingdom,6.77,2010
494798,22101,MIRROR MOSAIC VOTIVE HOLDER,2,2010-01-18 14:32:00,2.1,17773.0,United Kingdom,4.2,2010
565455,23414,ZINC BOX SIGN HOME,1,2011-09-04 16:09:00,9.95,,United Kingdom,9.95,2011
575843,23350,ROLL WRAP VINTAGE SPOT ,1,2011-11-11 12:02:00,1.25,14446.0,United Kingdom,1.25,2011
494387,21680,WOODLAND  STICKERS,1,2010-01-14 09:46:00,0.81,,United Kingdom,0.81,2010
548860,21087,SET/6 POSIES PAPER CUPS,3,2011-04-04 13:38:00,0.19,13263.0,United Kingdom,0.5700000000000001,2011
566936,21524,DOORMAT SPOTTY HOME SWEET HOME,100,2011-09-15 15:35:00,4.58,18102.0,United Kingdom,458.0,2011
562209,22906,12 MESSAGE CARDS WITH ENVELOPES,12,2011-08-03 13:06:00,1.65,13213.0,United Kingdom,19.799999999999997,2011
518138,17129F,BLUE GLASS GEMS IN BAG,13,2010-08-04 15:48:00,1.66,,United Kingdom,21.58,2010
556188,21975,PACK OF 60 DINOSAUR CAKE CASES,2,2011-06-09 11:49:00,0.55,,United Kingdom,1.1,2011
528746,22847,BREAD BIN DINER STYLE IVORY,1,2010-10-24 14:37:00,16.95,14243.0,United Kingdom,16.95,2010
580419,22467,GUMBALL COAT RACK,12,2011-12-04 12:08:00,2.55,16283.0,United Kingdom,30.599999999999998,2011
560491,21936,RED RETROSPOT PICNIC BAG,1,2011-07-19 10:51:00,2.95,12415.0,Australia,2.95,2011
535801,22423,REGENCY CAKESTAND 3 TIER,16,2010-11-28 14:56:00,10.95,14014.0,United Kingdom,175.2,2010
508504,21210,SET OF 72 RETRO SPOT PAPER  DOILIES,3,2010-05-16 16:05:00,1.45,13451.0,United Kingdom,4.35,2010
506381,22423,REGENCY CAKESTAND 3 TIER,3,2010-04-29 12:21:00,12.75,13477.0,United Kingdom,38.25,2010
527148,16216,LETTER SHAPE PENCIL SHARPENER,20,2010-10-15 11:05:00,0.16,18018.0,United Kingdom,3.2,2010
543245,21154,RED RETROSPOT OVEN GLOVE ,1,2011-02-04 14:08:00,1.25,16725.0,United Kingdom,1.25,2011
502251,84837,WHITE SWEETHEARTS CABINET 4 DRAWERS,2,2010-03-23 14:22:00,12.75,13869.0,United Kingdom,25.5,2010
514916,85099b,JUMBO BAG RED RETROSPOT,1,2010-07-07 11:18:00,5.06,,United Kingdom,5.06,2010
578488,23333,IVORY WICKER HEART MEDIUM,8,2011-11-24 12:53:00,1.25,12784.0,Portugal,10.0,2011
500322,21706,"FOLDING UMBRELLA , RED/WHITE SPOT",1,2010-03-07 12:06:00,4.95,16798.0,United Kingdom,4.95,2010
550622,82580,BATHROOM METAL SIGN,10,2011-04-19 13:49:00,0.55,13735.0,United Kingdom,5.5,2011
510659,21535,RED RETROSPOT SMALL MILK JUG,1,2010-06-02 14:24:00,2.55,16549.0,United Kingdom,2.55,2010
507042,22117,METAL SIGN HER DINNER IS SERVED ,2,2010-05-05 16:48:00,2.95,13713.0,United Kingdom,5.9,2010
514532,DCGS0058,MISO PRETTY  GUM,1,2010-07-05 10:07:00,0.81,,United Kingdom,0.81,2010
513543,22470,HEART OF WICKER LARGE,40,2010-06-25 12:05:00,2.55,14648.0,United Kingdom,102.0,2010
576840,22977,DOLLY GIRL CHILDRENS EGG CUP,2,2011-11-16 15:23:00,2.46,,United Kingdom,4.92,2011
505513,85099B,RED RETROSPOT JUMBO BAG ,1,2010-04-22 14:57:00,1.95,14556.0,United Kingdom,1.95,2010
547358,22304,COFFEE MUG BLUE PAISLEY DESIGN,2,2011-03-22 12:25:00,2.55,15998.0,United Kingdom,5.1,2011
566914,21544,SKULLS  WATER TRANSFER TATTOOS ,10,2011-09-15 14:08:00,0.85,15466.0,United Kingdom,8.5,2011
514510,21474,SWEETHEART CREAM STEEL FOLDIN BENCH,2,2010-07-04 13:27:00,19.95,14647.0,United Kingdom,39.9,2010
539437,21288,STRIPEY CHOCOLATE NESTING BOXES,1,2010-12-17 14:54:00,5.91,,United Kingdom,5.91,2010
497360,21121,SET/10 RED SPOTTY PARTY CANDLES,24,2010-02-09 09:17:00,1.25,12437.0,France,30.0,2010
539835,85184C,S/4 VALENTINE DECOUPAGE HEART BOX,24,2010-12-22 13:39:00,1.25,16477.0,United Kingdom,30.0,2010
517882,82482,WOODEN PICTURE FRAME WHITE FINISH,6,2010-08-02 17:06:00,2.55,14469.0,United Kingdom,15.299999999999999,2010
581571,21137,BLACK RECORD COVER FRAME,24,2011-12-09 12:00:00,3.39,15311.0,United Kingdom,81.36,2011
573284,22625,RED KITCHEN SCALES,2,2011-10-28 14:27:00,8.5,13812.0,Germany,17.0,2011
556932,82581,TOILET METAL SIGN,1,2011-06-15 15:41:00,1.25,,United Kingdom,1.25,2011
569401,22961,JAM MAKING SET PRINTED,12,2011-10-04 08:56:00,1.45,15111.0,United Kingdom,17.4,2011
516967,22577,WOODEN HEART CHRISTMAS SCANDINAVIAN,24,2010-07-26 09:50:00,0.85,12813.0,Netherlands,20.4,2010
514682,37447,CERAMIC CAKE DESIGN SPOTTED PLATE,12,2010-07-05 13:56:00,1.49,12693.0,Germany,17.88,2010
528852,20754,RETROSPOT RED WASHING UP GLOVES,6,2010-10-25 10:41:00,2.1,14766.0,United Kingdom,12.600000000000001,2010
577160,23374,RED SPOT PAPER GIFT BAG,10,2011-11-18 10:05:00,0.82,16134.0,United Kingdom,8.2,2011
568325,22398,MAGNETS PACK OF 4 SWALLOWS,12,2011-09-26 13:57:00,0.39,14667.0,United Kingdom,4.68,2011
519212,22635,CHILDS BREAKFAST SET DOLLY GIRL ,2,2010-08-15 11:22:00,9.95,18236.0,United Kingdom,19.9,2010
499919,84706D,CHERRY BLOSSOM TABLE CLOCK ,24,2010-03-03 12:20:00,1.95,14911.0,EIRE,46.8,2010
572704,21673,WHITE SPOT BLUE CERAMIC DRAWER KNOB,2,2011-10-25 14:39:00,3.29,,United Kingdom,6.58,2011
571317,22908,PACK OF 20 NAPKINS RED APPLES,5,2011-10-17 10:48:00,0.85,17377.0,United Kingdom,4.25,2011
526760,21395,BLUE POLKADOT BEAKER ,12,2010-10-13 10:52:00,1.95,12582.0,Finland,23.4,2010
555350,20725,LUNCH BAG RED RETROSPOT,10,2011-06-02 12:08:00,1.65,17652.0,United Kingdom,16.5,2011
545188,21786,POLKADOT RAIN HAT ,2,2011-02-28 15:19:00,0.42,14056.0,United Kingdom,0.84,2011
490300,21445,12 PINK ROSE PEG PLACE SETTINGS,1,2009-12-04 14:19:00,1.25,12970.0,United Kingdom,1.25,2009
556917,23291,DOLLY GIRL CHILDRENS CUP,96,2011-06-15 13:37:00,1.05,12415.0,Australia,100.80000000000001,2011
551173,18097C,WHITE TALL PORCELAIN T-LIGHT HOLDER,1,2011-04-26 16:54:00,4.96,,United Kingdom,4.96,2011
495360,22356,"CHARLOTTE BAG , PINK/WHITE SPOTS",10,2010-01-24 12:05:00,0.85,12703.0,Germany,8.5,2010
509184,21588,RETRO SPOT GIANT  TUBE MATCHES,1,2010-05-20 16:49:00,2.55,16347.0,United Kingdom,2.55,2010
560253,21754,HOME BUILDING BLOCK WORD,3,2011-07-17 12:52:00,5.95,13993.0,United Kingdom,17.85,2011
559923,21746,SMALL RED RETROSPOT WINDMILL,2,2011-07-13 16:07:00,2.46,,United Kingdom,4.92,2011
552302,21535,RED RETROSPOT SMALL MILK JUG,1,2011-05-08 14:59:00,2.55,14606.0,United Kingdom,2.55,2011
494786,84313C,ORANGE TV TRAY TABLE ,2,2010-01-18 13:24:00,16.98,,United Kingdom,33.96,2010
576995,23489,VINTAGE BELLS GARLAND,6,2011-11-17 11:59:00,2.89,16298.0,United Kingdom,17.34,2011
497929,84279P, CHERRY BLOSSOM  DECORATIVE FLASK,4,2010-02-15 09:20:00,3.75,14302.0,United Kingdom,15.0,2010
501906,21870,I CAN ONLY PLEASE ONE PERSON MUG,6,2010-03-21 16:02:00,1.25,17340.0,United Kingdom,7.5,2010
511331,22262,FELT EGG COSY CHICKEN,12,2010-06-08 10:28:00,0.85,14543.0,United Kingdom,10.2,2010
497842,84247L,FAWN AND MUSHROOM GREETING CARD,12,2010-02-12 15:46:00,0.42,12976.0,United Kingdom,5.04,2010
534412,22748,POPPY'S PLAYHOUSE KITCHEN,1,2010-11-22 14:44:00,2.1,17757.0,United Kingdom,2.1,2010
500715,21381,MINI WOODEN HAPPY BIRTHDAY GARLAND,24,2010-03-09 14:32:00,1.69,16854.0,United Kingdom,40.56,2010
578843,21123,SET/10 IVORY POLKADOT PARTY CANDLES,1,2011-11-25 16:13:00,1.25,17813.0,United Kingdom,1.25,2011
502844,22532,MAGIC DRAWING SLATE LEAP FROG ,48,2010-03-28 13:38:00,0.42,14291.0,United Kingdom,20.16,2010
534216,22197,SMALL POPCORN HOLDER,11,2010-11-21 16:08:00,0.85,14606.0,United Kingdom,9.35,2010
530588,22818,CARD CHRISTMAS VILLAGE,48,2010-11-03 14:52:00,0.42,15481.0,Norway,20.16,2010
561485,22467,GUMBALL COAT RACK,6,2011-07-27 13:42:00,2.55,17841.0,United Kingdom,15.299999999999999,2011
569514,22114,HOT WATER BOTTLE TEA AND SYMPATHY,8,2011-10-04 13:56:00,4.25,15228.0,United Kingdom,34.0,2011
515254,21916,SET 12 RETRO WHITE CHALK STICKS,2,2010-07-09 11:44:00,0.81,,United Kingdom,1.62,2010
517340,84991,60 TEATIME FAIRY CAKE CASES,24,2010-07-28 14:02:00,0.55,16255.0,United Kingdom,13.200000000000001,2010
578719,22909,SET OF 20 VINTAGE CHRISTMAS NAPKINS,1,2011-11-25 11:25:00,0.85,17348.0,United Kingdom,0.85,2011
581217,21787,RAIN PONCHO RETROSPOT,1,2011-12-08 09:20:00,1.63,,United Kingdom,1.63,2011
533979,85049G,CHOCOLATE BOX RIBBONS ,2,2010-11-19 13:37:00,1.25,17433.0,United Kingdom,2.5,2010
539444,22837,HOT WATER BOTTLE BABUSHKA ,36,2010-12-17 15:52:00,4.25,14146.0,United Kingdom,153.0,2010
545215,21430,SET/3 RED GINGHAM ROSE STORAGE BOX,1,2011-02-28 16:47:00,7.46,,United Kingdom,7.46,2011
566060,21908,CHOCOLATE THIS WAY METAL SIGN,1,2011-09-08 15:27:00,4.13,,United Kingdom,4.13,2011
573585,22221,CAKE STAND LOVEBIRD 2 TIER PINK,1,2011-10-31 14:41:00,19.96,,United Kingdom,19.96,2011
576249,21328,BALLOONS  WRITING SET ,2,2011-11-14 13:47:00,1.65,17811.0,United Kingdom,3.3,2011
535592,85227,SET OF 6 3D KIT CARDS FOR KIDS,24,2010-11-26 16:31:00,0.85,15281.0,United Kingdom,20.4,2010
504902,85183A,CHARLIE & LOLA WASTEPAPER BIN BLUE,12,2010-04-18 15:35:00,3.75,13286.0,United Kingdom,45.0,2010
498133,22266,EASTER DECORATION HANGING BUNNY,1,2010-02-16 17:24:00,1.28,,United Kingdom,1.28,2010
518820,22202,MILK PAN PINK RETROSPOT,1,2010-08-12 10:38:00,7.62,,United Kingdom,7.62,2010
499246,84968B,S/16 VINTAGE IVORY CUTLERY,2,2010-02-25 13:40:00,25.49,,United Kingdom,50.98,2010
567461,84692,BOX OF 24 COCKTAIL PARASOLS,10,2011-09-20 12:31:00,1.63,,United Kingdom,16.299999999999997,2011
520500,84839,SWEETHEART KEY CABINET,1,2010-08-26 12:35:00,12.72,,United Kingdom,12.72,2010
541870,22508,DOORSTOP RETROSPOT HEART,1,2011-01-24 09:39:00,7.46,,United Kingdom,7.46,2011
501776,85214,TUB 24 PINK FLOWER PEGS,12,2010-03-19 12:31:00,1.65,17612.0,United Kingdom,19.799999999999997,2010
567656,82582,AREA PATROLLED METAL SIGN,2,2011-09-21 14:40:00,4.13,14096.0,United Kingdom,8.26,2011
580875,22408,MONEY BOX CONFECTIONERY DESIGN,12,2011-12-06 12:11:00,0.39,17744.0,United Kingdom,4.68,2011
512289,22323,PINK POLKADOT KIDS BAG,1,2010-06-14 14:49:00,4.21,,United Kingdom,4.21,2010
534172,22635,CHILDS BREAKFAST SET DOLLY GIRL ,2,2010-11-21 13:30:00,9.95,14800.0,United Kingdom,19.9,2010
512168,21172,PARTY METAL SIGN ,1,2010-06-14 11:24:00,4.21,,United Kingdom,4.21,2010
564199,85049G,CHOCOLATE BOX RIBBONS ,2,2011-08-23 17:31:00,1.25,13263.0,United Kingdom,2.5,2011
551997,84951B,SET OF 4 BLACK LOVEBIRD COASTERS,2,2011-05-05 15:47:00,2.46,,United Kingdom,4.92,2011
517094,79066K,RETRO MOD TRAY,4,2010-07-26 14:36:00,1.66,,United Kingdom,6.64,2010
534769,21916,SET 12 RETRO WHITE CHALK STICKS,24,2010-11-24 10:34:00,0.42,15358.0,United Kingdom,10.08,2010
493260,22198,"POPCORN HOLDER , LARGE",1,2009-12-22 14:31:00,3.43,,United Kingdom,3.43,2009
554671,47566,PARTY BUNTING,4,2011-05-25 15:47:00,4.95,14009.0,United Kingdom,19.8,2011
560926,22421,LIPSTICK PEN FUSCHIA,1,2011-07-22 09:20:00,0.83,,United Kingdom,0.83,2011
575701,48187,DOORMAT NEW ENGLAND,4,2011-11-10 16:59:00,8.25,13396.0,United Kingdom,33.0,2011
530124,21018,BIRD BOX CHRISTMAS TREE DECORATION,3,2010-11-01 15:14:00,0.85,13174.0,United Kingdom,2.55,2010
529502,21557,SET OF 6 FUNKY BEAKERS,1,2010-10-28 14:11:00,2.95,15167.0,United Kingdom,2.95,2010
526763,85023B,EAU DE NILE JEWELLED PHOTOFRAME,6,2010-10-13 11:05:00,2.55,13792.0,United Kingdom,15.299999999999999,2010
549123,47590A,BLUE HAPPY BIRTHDAY BUNTING,3,2011-04-06 14:02:00,5.45,15201.0,United Kingdom,16.35,2011
567294,21977,PACK OF 60 PINK PAISLEY CAKE CASES,24,2011-09-19 12:06:00,0.55,13774.0,United Kingdom,13.200000000000001,2011
510637,21002,ROSE DU SUD DRAWSTRING BAG,2,2010-06-02 11:54:00,3.36,,United Kingdom,6.72,2010
570601,22169,FAMILY ALBUM WHITE PICTURE FRAME,4,2011-10-11 12:08:00,8.5,17620.0,United Kingdom,34.0,2011
534459,22630,DOLLY GIRL LUNCH BOX,3,2010-11-23 09:12:00,4.21,,United Kingdom,12.629999999999999,2010
548673,22423,REGENCY CAKESTAND 3 TIER,6,2011-04-01 16:18:00,12.75,13767.0,United Kingdom,76.5,2011
524172,35962,SET/12 ZINC CHRISTMAS DECORATIONS,12,2010-09-27 16:29:00,2.1,17524.0,United Kingdom,25.200000000000003,2010
578067,90130D,RED STONE/CRYSTAL EARRINGS,1,2011-11-22 15:43:00,2.9,,United Kingdom,2.9,2011
523572,21137,BLACK RECORD COVER FRAME,48,2010-09-22 16:04:00,3.39,13576.0,United Kingdom,162.72,2010
573300,22094,RED RETROSPOT TISSUE BOX,6,2011-10-28 16:10:00,0.39,16049.0,United Kingdom,2.34,2011
500024,84817,DANISH ROSE DECORATIVE PLATE,6,2010-03-04 10:49:00,2.1,13879.0,United Kingdom,12.600000000000001,2010
500151,21977,PACK OF 60 PINK PAISLEY CAKE CASES,1,2010-03-04 17:45:00,0.55,17931.0,United Kingdom,0.55,2010
500462,22300,COFFEE MUG DOG + BALL DESIGN,4,2010-03-08 12:40:00,5.06,,United Kingdom,20.24,2010
532641,40016,CHINESE DRAGON PAPER LANTERNS,36,2010-11-12 16:59:00,0.42,13723.0,United Kingdom,15.12,2010
519386,85232B,SET OF 3 BABUSHKA STACKING TINS,1,2010-08-16 14:19:00,10.17,,United Kingdom,10.17,2010
565150,23161,REGENCY CAKE FORK,24,2011-09-01 14:26:00,1.04,14298.0,United Kingdom,24.96,2011
569514,22271,FELTCRAFT DOLL ROSIE,6,2011-10-04 13:56:00,2.95,15228.0,United Kingdom,17.700000000000003,2011
540026,85169B,BLACK LOVE BIRD CANDLE,13,2011-01-04 13:25:00,0.85,,United Kingdom,11.049999999999999,2011
533458,21986,PACK OF 12 PINK POLKADOT TISSUES,12,2010-11-17 12:03:00,0.29,16006.0,United Kingdom,3.4799999999999995,2010
508463,22316,200 BENDY SKULL STRAWS,1,2010-05-16 10:29:00,1.25,13259.0,United Kingdom,1.25,2010
512784,21446,12 RED ROSE PEG PLACE SETTINGS,2,2010-06-17 19:28:00,1.25,13230.0,United Kingdom,2.5,2010
543533,84509a,SET OF 4 ENGLISH ROSE PLACEMATS,1,2011-02-09 13:00:00,7.46,,United Kingdom,7.46,2011
533750,22587,FELTCRAFT HAIRBAND RED AND BLUE,3,2010-11-18 14:17:00,0.85,15571.0,United Kingdom,2.55,2010
570721,21014,SWISS CHALET TREE DECORATION ,24,2011-10-12 10:51:00,0.29,13842.0,United Kingdom,6.959999999999999,2011
525764,20819,SILVER TEDDY BEAR,4,2010-10-07 10:39:00,3.75,12511.0,Greece,15.0,2010
528705,21328,BALLOONS  WRITING SET ,2,2010-10-24 13:07:00,1.65,13137.0,United Kingdom,3.3,2010
573501,22940,FELTCRAFT CHRISTMAS FAIRY,4,2011-10-31 12:02:00,4.25,18055.0,United Kingdom,17.0,2011
509398,21533,RETRO SPOT LARGE MILK JUG,3,2010-05-23 11:08:00,4.95,12809.0,Portugal,14.850000000000001,2010
572737,21731,RED TOADSTOOL LED NIGHT LIGHT,12,2011-10-25 15:39:00,1.65,13384.0,United Kingdom,19.799999999999997,2011
501660,22040,BOTANICAL ROSE GIFT WRAP,25,2010-03-18 13:28:00,0.42,17095.0,United Kingdom,10.5,2010
525158,82484,WOOD BLACK BOARD ANT WHITE FINISH,3,2010-10-04 12:03:00,6.45,14065.0,United Kingdom,19.35,2010
578541,23203,JUMBO BAG VINTAGE DOILY ,5,2011-11-24 15:01:00,2.08,14277.0,France,10.4,2011
543631,21212,PACK OF 72 RETROSPOT CAKE CASES,2,2011-02-10 16:17:00,0.55,14081.0,United Kingdom,1.1,2011
530850,21181,PLEASE ONE PERSON METAL SIGN,1,2010-11-04 14:49:00,4.21,,United Kingdom,4.21,2010
550470,85039B,S/4 IVORY MINI ROSE CANDLE IN BOWL,10,2011-04-18 13:49:00,1.63,,United Kingdom,16.299999999999997,2011
495591,21327,SKULLS WRITING SET ,24,2010-01-26 10:25:00,1.65,14646.0,Netherlands,39.599999999999994,2010
530796,22466,FAIRY TALE COTTAGE NIGHTLIGHT,2,2010-11-04 12:27:00,1.95,16391.0,United Kingdom,3.9,2010
527267,22112,CHOCOLATE HOT WATER BOTTLE,1,2010-10-15 13:01:00,4.95,14527.0,United Kingdom,4.95,2010
492246,82613D,METAL SIGN CUPCAKE SINGLE HOOK,8,2009-12-16 09:41:00,1.25,13952.0,United Kingdom,10.0,2009
530300,21086,SET/6 RED SPOTTY PAPER CUPS,48,2010-11-02 12:54:00,0.65,15738.0,United Kingdom,31.200000000000003,2010
538177,22593,CHRISTMAS GINGHAM STAR,9,2010-12-10 09:51:00,1.66,,United Kingdom,14.94,2010
503001,48116,DOOR MAT MULTICOLOUR STRIPE,2,2010-03-29 14:59:00,13.57,,United Kingdom,27.14,2010
506871,22360,GLASS JAR ENGLISH CONFECTIONERY,2,2010-05-04 15:48:00,5.91,,United Kingdom,11.82,2010
512725,21906,PHARMACIE FIRST AID TIN,1,2010-06-17 13:09:00,6.75,14508.0,United Kingdom,6.75,2010
528386,22666,RECIPE BOX PANTRY YELLOW DESIGN,6,2010-10-21 18:32:00,2.95,14911.0,EIRE,17.700000000000003,2010
578942,23570,TRADITIONAL PICK UP STICKS GAME ,1,2011-11-27 13:29:00,1.25,17288.0,United Kingdom,1.25,2011
545216,90178A,AMBER CHUNKY GLASS+BEAD NECKLACE,1,2011-02-28 16:50:00,11.65,,United Kingdom,11.65,2011
528307,22627,MINT KITCHEN SCALES,4,2010-10-21 12:10:00,8.5,,EIRE,34.0,2010
526089,22151,PLACE SETTING WHITE HEART,24,2010-10-08 12:14:00,0.42,15281.0,United Kingdom,10.08,2010
506404,21713,CITRONELLA CANDLE FLOWERPOT,12,2010-04-29 13:41:00,2.1,16008.0,United Kingdom,25.200000000000003,2010
531843,22197,SMALL POPCORN HOLDER,27,2010-11-10 09:34:00,1.66,,United Kingdom,44.82,2010
490291,21851,LILAC DIAMANTE PEN IN GIFT BOX,1,2009-12-04 13:22:00,4.95,16541.0,United Kingdom,4.95,2009
510171,21987,PACK OF 6 SKULL PAPER CUPS,96,2010-05-27 14:35:00,0.65,16422.0,United Kingdom,62.400000000000006,2010
511610,20750,RED/WHITE DOT MINI CASES,2,2010-06-09 11:23:00,7.95,14260.0,United Kingdom,15.9,2010
513763,22583,PACK OF 6 HANDBAG GIFT BOXES,6,2010-06-28 13:06:00,2.55,12784.0,Portugal,15.299999999999999,2010
497359,21644,ASSORTED TUTTI FRUTTI HEART BOX,12,2010-02-09 08:38:00,1.25,13119.0,United Kingdom,15.0,2010
572550,22557,PLASTERS IN TIN VINTAGE PAISLEY ,1,2011-10-24 17:06:00,3.29,,United Kingdom,3.29,2011
540468,84313B,BLUE TV TRAY TABLE ,3,2011-01-07 13:55:00,5.91,,United Kingdom,17.73,2011
507448,22548,HEADS AND TAILS SPORTING FUN,1,2010-05-10 09:55:00,2.51,,United Kingdom,2.51,2010
566400,23436,VINTAGE CHRISTMAS GIFT BAG LARGE ,12,2011-09-12 13:16:00,1.25,17139.0,United Kingdom,15.0,2011
526161,82483,WOOD 2 DRAWER CABINET WHITE FINISH,16,2010-10-08 16:40:00,4.95,15856.0,United Kingdom,79.2,2010
494768,84378,SET OF 3 HEART COOKIE CUTTERS,12,2010-01-18 12:42:00,1.25,18057.0,United Kingdom,15.0,2010
522086,21791,VINTAGE HEADS AND TAILS CARD GAME ,12,2010-09-12 12:00:00,1.25,16042.0,United Kingdom,15.0,2010
526204,48129,DOORMAT TOPIARY,4,2010-10-10 13:23:00,7.95,14040.0,United Kingdom,31.8,2010
581219,22114,HOT WATER BOTTLE TEA AND SYMPATHY,9,2011-12-08 09:28:00,8.29,,United Kingdom,74.60999999999999,2011
547209,22227,HANGING HEART MIRROR DECORATION ,24,2011-03-21 14:44:00,0.65,13081.0,United Kingdom,15.600000000000001,2011
505736,85232B,SET/3 RUSSIAN DOLL STACKING TINS,3,2010-04-25 15:47:00,4.95,17160.0,United Kingdom,14.850000000000001,2010
514512,22483,RED GINGHAM TEDDY BEAR ,2,2010-07-04 13:33:00,2.95,14247.0,United Kingdom,5.9,2010
579124,47503A,ASS FLORAL PRINT MULTI SCREWDRIVER,2,2011-11-28 12:14:00,0.42,15721.0,United Kingdom,0.84,2011
538073,16014,SMALL CHINESE STYLE SCISSOR,1,2010-12-09 14:10:00,0.42,17816.0,United Kingdom,0.42,2010
573423,22961,JAM MAKING SET PRINTED,96,2011-10-31 09:58:00,1.25,16133.0,United Kingdom,120.0,2011
566495,22752,SET 7 BABUSHKA NESTING BOXES,3,2011-09-13 11:14:00,8.5,15529.0,United Kingdom,25.5,2011
569514,85049A,TRADITIONAL CHRISTMAS RIBBONS,24,2011-10-04 13:56:00,1.25,15228.0,United Kingdom,30.0,2011
543371,21163,DO NOT TOUCH MY STUFF DOOR HANGER ,1,2011-02-07 14:53:00,1.45,14048.0,United Kingdom,1.45,2011
507453,21198,WHITE HEART CONFETTI IN TUBE,12,2010-05-10 10:11:00,1.65,15674.0,United Kingdom,19.799999999999997,2010
504858,22551,PLASTERS IN TIN SPACEBOY,12,2010-04-18 11:40:00,1.65,18172.0,United Kingdom,19.799999999999997,2010
498441,85031C,CURIOUS IMAGES SCRAP BOOK SET,1,2010-02-19 09:37:00,3.36,,United Kingdom,3.36,2010
492168,84971S,SMALL HEART FLOWERS HOOK ,24,2009-12-15 14:34:00,0.85,13823.0,United Kingdom,20.4,2009
580909,23582,VINTAGE DOILY JUMBO BAG RED ,10,2011-12-06 13:27:00,2.08,18225.0,United Kingdom,20.8,2011
490312,72800E,4 IVORY DINNER CANDLES SILVER FLOCK,2,2009-12-04 15:16:00,2.55,17961.0,United Kingdom,5.1,2009
576696,23392,SPACEBOY ROCKET LOLLY MAKERS,1,2011-11-16 12:26:00,2.08,16669.0,United Kingdom,2.08,2011
495508,21155,RED SPOTTY PEG BAG,6,2010-01-25 13:46:00,2.1,13141.0,United Kingdom,12.600000000000001,2010
563231,82486,WOOD S/3 CABINET ANT WHITE FINISH,2,2011-08-14 15:42:00,8.95,14658.0,United Kingdom,17.9,2011
519613,90067B,BROWN VINTAGE VICTORIAN EARRINGS,6,2010-08-18 17:43:00,2.95,15154.0,United Kingdom,17.700000000000003,2010
541972,21788,KIDS RAIN MAC BLUE,24,2011-01-24 13:58:00,0.85,12935.0,United Kingdom,20.4,2011
518507,22029,SPACEBOY BIRTHDAY CARD,12,2010-08-09 13:28:00,0.42,13196.0,United Kingdom,5.04,2010
522423,20969,RED FLORAL FELTCRAFT SHOULDER BAG,4,2010-09-14 12:55:00,3.75,13880.0,United Kingdom,15.0,2010
568949,79321,CHILLI LIGHTS,1,2011-09-29 15:13:00,12.46,,United Kingdom,12.46,2011
526231,22153,ANGEL DECORATION STARS ON DRESS,48,2010-10-10 15:44:00,0.42,16843.0,United Kingdom,20.16,2010
490109,22309,TEA COSY RED  STRIPE,6,2009-12-03 16:51:00,2.55,14755.0,United Kingdom,15.299999999999999,2009
578069,22662,LUNCH BAG DOLLY GIRL DESIGN,10,2011-11-22 15:49:00,1.65,14329.0,United Kingdom,16.5,2011
502599,21949,SET OF 6 STRAWBERRY CHOPSTICKS,2,2010-03-25 13:16:00,1.25,17301.0,United Kingdom,2.5,2010
509611,15058B,PINK WHITE SPOTS GARDEN PARASOL,1,2010-05-25 09:03:00,25.49,,United Kingdom,25.49,2010
502925,21154,RED SPOTTY OVEN GLOVE ,1,2010-03-29 14:19:00,1.25,17841.0,United Kingdom,1.25,2010
540169,22194,BLACK DINER WALL CLOCK,1,2011-01-05 12:20:00,8.5,14527.0,United Kingdom,8.5,2011
532382,22296,HEART IVORY TRELLIS LARGE,2,2010-11-11 18:24:00,1.65,16081.0,United Kingdom,3.3,2010
553540,22814,CARD PARTY GAMES ,72,2011-05-17 15:32:00,0.36,17511.0,United Kingdom,25.919999999999998,2011
549586,22726,ALARM CLOCK BAKELIKE GREEN,3,2011-04-11 10:00:00,8.29,,United Kingdom,24.869999999999997,2011
559817,22086,PAPER CHAIN KIT 50'S CHRISTMAS ,2,2011-07-12 16:20:00,5.79,,United Kingdom,11.58,2011
563288,22423,REGENCY CAKESTAND 3 TIER,6,2011-08-15 12:53:00,12.75,12656.0,France,76.5,2011
570594,22083,PAPER CHAIN KIT RETROSPOT,6,2011-10-11 11:43:00,2.95,13517.0,United Kingdom,17.700000000000003,2011
494048,22131,FOOD CONTAINER SET 3 LOVE HEART ,36,2010-01-11 12:07:00,1.95,13093.0,United Kingdom,70.2,2010
571712,23197,SKETCHBOOK MAGNETIC SHOPPING LIST,4,2011-10-18 16:46:00,1.45,14056.0,United Kingdom,5.8,2011
531130,21743,STAR PORTABLE TABLE LIGHT ,6,2010-11-05 13:42:00,2.95,13615.0,United Kingdom,17.700000000000003,2010
552882,23131,MISELTOE HEART WREATH WHITE,48,2011-05-12 10:10:00,3.75,14646.0,Netherlands,180.0,2011
564734,85049G,CHOCOLATE BOX RIBBONS ,5,2011-08-28 13:32:00,1.25,12484.0,Spain,6.25,2011
552262,23069,EDWARDIAN PHOTO FRAME,2,2011-05-08 11:37:00,6.25,14911.0,EIRE,12.5,2011
494016,21043,APRON MODERN VINTAGE COTTON,1,2010-01-11 09:35:00,6.04,,United Kingdom,6.04,2010
569845,23393,HOME SWEET HOME CUSHION COVER ,4,2011-10-06 13:41:00,3.75,14819.0,United Kingdom,15.0,2011
541520,22384,LUNCH BAG PINK POLKADOT,20,2011-01-19 09:13:00,1.65,12422.0,Australia,33.0,2011
552824,22897,OVEN MITT APPLES DESIGN,1,2011-05-11 13:16:00,1.45,14056.0,United Kingdom,1.45,2011
572045,22847,BREAD BIN DINER STYLE IVORY,1,2011-10-20 12:11:00,16.95,14527.0,United Kingdom,16.95,2011
547785,22474,SPACEBOY TV DINNER TRAY,1,2011-03-25 11:41:00,4.95,13097.0,United Kingdom,4.95,2011
534886,85132A,CHARLIE + LOLA BISCUITS TINS,1,2010-11-24 14:49:00,9.95,,Portugal,9.95,2010
503340,22194,BLACK DINER WALL CLOCK,1,2010-03-31 12:52:00,8.5,13059.0,United Kingdom,8.5,2010
565470,22567,20 DOLLY PEGS RETROSPOT,12,2011-09-05 10:06:00,1.45,12576.0,Poland,17.4,2011
496368,21203,BUTTERFLIES  HONEYCOMB GARLAND,4,2010-02-01 11:19:00,3.36,,United Kingdom,13.44,2010
506869,21716,BOYS VINTAGE TIN SEASIDE BUCKET,1,2010-05-04 15:45:00,5.06,,United Kingdom,5.06,2010
498325,21394,RED SPOTTY BEAKER ,6,2010-02-18 10:26:00,1.95,15544.0,United Kingdom,11.7,2010
509039,21472,LADYBIRD + BEE RAFFIA FOOD COVER,6,2010-05-20 09:55:00,3.75,14156.0,EIRE,22.5,2010
511295,21548,CERAMIC BIRDHOUSE FINCH BLUE ROOF,1,2010-06-07 15:05:00,2.95,15551.0,United Kingdom,2.95,2010
547386,22700,BLACK AND WHITE DOG BOWL,1,2011-03-22 15:52:00,5.79,,United Kingdom,5.79,2011
514479,71053,WHITE METAL LANTERN,1,2010-07-02 13:36:00,3.75,13246.0,United Kingdom,3.75,2010
575612,23355,HOT WATER BOTTLE KEEP CALM,4,2011-11-10 12:47:00,4.95,17416.0,United Kingdom,19.8,2011
517467,72598,SET/12 TAPER CANDLES,12,2010-07-29 11:47:00,0.85,18075.0,United Kingdom,10.2,2010
580608,22630,DOLLY GIRL LUNCH BOX,12,2011-12-05 11:39:00,1.95,16811.0,United Kingdom,23.4,2011
558538,21042,RED RETROSPOT APRON ,1,2011-06-30 12:12:00,5.95,15005.0,United Kingdom,5.95,2011
508098,22416,36 DOILIES SPACEBOY DESIGN ,12,2010-05-13 09:33:00,1.45,14156.0,EIRE,17.4,2010
528916,21558,SKULL LUNCH BOX WITH CUTLERY ,1,2010-10-25 14:01:00,2.55,16782.0,United Kingdom,2.55,2010
516197,22646,CERAMIC STRAWBERRY CAKE MONEY BANK,1,2010-07-19 10:31:00,3.36,,United Kingdom,3.36,2010
526204,22569,FELTCRAFT CUSHION BUTTERFLY,3,2010-10-10 13:23:00,3.75,14040.0,United Kingdom,11.25,2010
523538,20727,LUNCH BAG  BLACK SKULL.,10,2010-09-22 14:01:00,1.65,16341.0,United Kingdom,16.5,2010
568325,23203,JUMBO BAG VINTAGE DOILY ,1,2011-09-26 13:57:00,2.08,14667.0,United Kingdom,2.08,2011
557957,23239,SET OF 4 KNICK KNACK TINS POPPIES,3,2011-06-23 19:20:00,4.15,13969.0,United Kingdom,12.450000000000001,2011
544933,21929,JUMBO BAG PINK VINTAGE PAISLEY,10,2011-02-25 08:44:00,1.95,12633.0,Germany,19.5,2011
581064,22217,T-LIGHT HOLDER HANGING LACE,24,2011-12-07 11:16:00,0.39,13882.0,United Kingdom,9.36,2011
500918,84847,FLORAL BATHROOM SET,1,2010-03-11 10:30:00,7.62,,United Kingdom,7.62,2010
556575,23243,SET OF TEA COFFEE SUGAR TINS PANTRY,1,2011-06-13 13:44:00,4.95,17027.0,United Kingdom,4.95,2011
516631,22411,JUMBO SHOPPER VINTAGE RED PAISLEY,10,2010-07-22 10:24:00,1.95,13399.0,United Kingdom,19.5,2010
526707,22467,GUMBALL COAT RACK,6,2010-10-12 16:23:00,2.55,13485.0,United Kingdom,15.299999999999999,2010
542906,18094C,WHITE AND BLUE CERAMIC OIL BURNER,2,2011-02-01 15:12:00,2.46,,United Kingdom,4.92,2011
515287,22472,TV DINNER TRAY DOLLY GIRL,1,2010-07-09 14:58:00,11.02,,United Kingdom,11.02,2010
572550,22278,OVERNIGHT BAG VINTAGE ROSE PAISLEY,1,2011-10-24 17:06:00,10.79,,United Kingdom,10.79,2011
518232,22507,MEMO BOARD RETROSPOT  DESIGN,4,2010-08-05 15:46:00,4.95,18226.0,United Kingdom,19.8,2010
517529,85066,CREAM SWEETHEART MINI CHEST,2,2010-07-29 14:57:00,12.75,16992.0,United Kingdom,25.5,2010
571069,23333,IVORY WICKER HEART MEDIUM,6,2011-10-13 15:15:00,1.25,13668.0,United Kingdom,7.5,2011
525952,84949,SILVER HANGING T-LIGHT HOLDER,12,2010-10-07 19:03:00,1.65,14525.0,United Kingdom,19.799999999999997,2010
512532,11001,ASSTD DESIGN RACING CAR PEN,16,2010-06-16 12:01:00,1.69,16253.0,United Kingdom,27.04,2010
526892,22466,FAIRY TALE COTTAGE NIGHTLIGHT,12,2010-10-13 14:46:00,1.95,13665.0,United Kingdom,23.4,2010
548010,22037,ROBOT BIRTHDAY CARD,72,2011-03-29 11:04:00,0.42,14646.0,Netherlands,30.24,2011
562560,22831,WHITE BROCANTE SOAP DISH,4,2011-08-05 17:12:00,2.95,14156.0,EIRE,11.8,2011
578289,79321,CHILLI LIGHTS,24,2011-11-23 14:07:00,4.95,17841.0,United Kingdom,118.80000000000001,2011
555551,21262,WHITE GOOSE FEATHER CHRISTMAS TREE ,6,2011-06-05 13:32:00,2.95,14696.0,United Kingdom,17.700000000000003,2011
529082,22417,PACK OF 60 SPACEBOY CAKE CASES,1,2010-10-26 13:11:00,0.55,14546.0,United Kingdom,0.55,2010
492005,21931,JUMBO STORAGE BAG SUKI,200,2009-12-15 11:25:00,1.65,14607.0,United Kingdom,330.0,2009
577844,21668,RED STRIPE CERAMIC DRAWER KNOB,1,2011-11-22 10:41:00,3.29,,United Kingdom,3.29,2011
539958,85204,HANGING WOOD AND FELT FLOWER,2,2010-12-23 13:26:00,0.43,,United Kingdom,0.86,2010
517951,22272,FELTCRAFT DOLL MARIA,6,2010-08-03 11:53:00,2.95,12621.0,Germany,17.700000000000003,2010
501441,35921,EASTER BUNNY HANGING GARLAND,1,2010-03-16 13:44:00,5.06,,United Kingdom,5.06,2010
548373,21071,VINTAGE BILLBOARD DRINK ME MUG,4,2011-03-30 16:34:00,2.46,,United Kingdom,9.84,2011
539451,22940,FELTCRAFT CHRISTMAS FAIRY,1,2010-12-17 16:59:00,8.47,,United Kingdom,8.47,2010
514362,84884A,ANT WHITE WIRE HEART SPIRAL,5,2010-07-01 17:54:00,3.95,14154.0,United Kingdom,19.75,2010
575331,23207,LUNCH BAG ALPHABET DESIGN,10,2011-11-09 13:52:00,1.65,13209.0,United Kingdom,16.5,2011
581019,22174,PHOTO CUBE,24,2011-12-07 10:11:00,1.65,14794.0,United Kingdom,39.599999999999994,2011
502856,47502,POLKADOT CUTLERY 24 PCS IN TRAY,1,2010-03-28 15:05:00,12.75,14078.0,United Kingdom,12.75,2010
555276,21379,CAMPHOR WOOD PORTOBELLO MUSHROOM,1,2011-06-01 17:28:00,2.46,,United Kingdom,2.46,2011
545979,22052,VINTAGE CARAVAN GIFT WRAP,25,2011-03-08 12:30:00,0.42,12748.0,United Kingdom,10.5,2011
528888,21488,RED WHITE SCARF  HOT WATER BOTTLE,24,2010-10-25 12:34:00,3.45,13408.0,United Kingdom,82.80000000000001,2010
526091,20713,JUMBO BAG OWLS,10,2010-10-08 12:18:00,1.95,13564.0,United Kingdom,19.5,2010
524354,22188,BLACK HEART CARD HOLDER,8,2010-09-28 16:50:00,3.95,17048.0,United Kingdom,31.6,2010
566290,23188,VINTAGE  2 METER FOLDING RULER,1,2011-09-11 15:24:00,1.65,14456.0,United Kingdom,1.65,2011
526248,21754,HOME BUILDING BLOCK WORD,3,2010-10-11 10:15:00,5.95,13090.0,United Kingdom,17.85,2010
537240,22616,PACK OF 12 LONDON TISSUES ,2,2010-12-06 10:08:00,0.85,,United Kingdom,1.7,2010
531735,22833,HALL CABINET WITH 3 DRAWERS,1,2010-11-09 12:28:00,49.95,17428.0,United Kingdom,49.95,2010
562454,21098,CHRISTMAS TOILET ROLL,12,2011-08-05 10:31:00,1.25,15128.0,United Kingdom,15.0,2011
526679,21115,ROSE CARAVAN DOORSTOP,1,2010-10-12 16:08:00,6.75,17003.0,United Kingdom,6.75,2010
536039,22738,RIBBON REEL SNOWY VILLAGE,5,2010-11-29 17:19:00,1.65,17223.0,United Kingdom,8.25,2010
575739,22968,ROSE COTTAGE KEEPSAKE BOX ,4,2011-11-11 09:05:00,19.96,,United Kingdom,79.84,2011
547400,84970s,HANGING HEART ZINC T-LIGHT HOLDER,2,2011-03-22 16:56:00,2.08,,United Kingdom,4.16,2011
553997,22629,SPACEBOY LUNCH BOX ,64,2011-05-20 11:34:00,1.65,12656.0,France,105.6,2011
551004,21558,SKULL LUNCH BOX WITH CUTLERY ,2,2011-04-26 09:48:00,4.96,,United Kingdom,9.92,2011
507624,20718,RED SPOTTY SHOPPER BAG,10,2010-05-10 14:34:00,1.25,16873.0,United Kingdom,12.5,2010
558888,23144,ZINC T-LIGHT HOLDER STARS SMALL,6,2011-07-04 15:29:00,0.83,14056.0,United Kingdom,4.9799999999999995,2011
508228,21916,SET 12 RETRO WHITE CHALK STICKS,1,2010-05-13 16:49:00,0.81,,United Kingdom,0.81,2010
559128,21179,NO JUNK MAIL METAL SIGN,1,2011-07-06 12:39:00,0.39,17238.0,United Kingdom,0.39,2011
566400,23427,STOOL HOME SWEET HOME ,1,2011-09-12 13:16:00,12.5,17139.0,United Kingdom,12.5,2011
578247,22910,PAPER CHAIN KIT VINTAGE CHRISTMAS,1,2011-11-23 12:39:00,2.95,14581.0,United Kingdom,2.95,2011
526273,22837,HOT WATER BOTTLE BABUSHKA ,1,2010-10-11 11:34:00,4.65,16520.0,United Kingdom,4.65,2010
511808,21898,POTTING SHED ROSE CANDLE,1,2010-06-10 15:31:00,2.95,17377.0,United Kingdom,2.95,2010
529133,22091,EMPIRE TISSUE BOX,1,2010-10-26 14:47:00,2.51,,United Kingdom,2.51,2010
505681,21903,MAN FLU METAL SIGN,2,2010-04-23 16:02:00,2.1,15747.0,United Kingdom,4.2,2010
574733,23376,PACK OF 12 VINTAGE CHRISTMAS TISSUE,12,2011-11-06 15:17:00,0.39,17082.0,United Kingdom,4.68,2011
558478,22427,ENAMEL FLOWER JUG CREAM,1,2011-06-29 16:07:00,5.95,16775.0,United Kingdom,5.95,2011
578707,22595,GINGHAM HEART DECORATION,4,2011-11-25 11:20:00,0.85,17870.0,United Kingdom,3.4,2011
495310,20676,RED SPOTTY BOWL,8,2010-01-22 14:17:00,1.25,12531.0,Germany,10.0,2010
533737,21243,PINK  POLKADOT PLATE ,3,2010-11-18 13:55:00,3.36,,United Kingdom,10.08,2010
509001,21917,SET 12 KIDS  WHITE CHALK STICKS,3,2010-05-19 13:22:00,0.42,15581.0,United Kingdom,1.26,2010
565617,22734,SET OF 6 RIBBONS VINTAGE CHRISTMAS,1,2011-09-05 15:30:00,5.79,,United Kingdom,5.79,2011
550458,22260,FELT EGG COSY BLUE RABBIT ,6,2011-04-18 13:13:00,1.63,,United Kingdom,9.78,2011
491038,22220,CAKE STAND LOVEBIRD 2 TIER WHITE,2,2009-12-09 09:34:00,9.95,13097.0,United Kingdom,19.9,2009
537208,22746,POPPY'S PLAYHOUSE LIVINGROOM ,1,2010-12-05 15:12:00,2.1,15889.0,United Kingdom,2.1,2010
501906,20749,ASSORTED COLOUR MINI CASES,2,2010-03-21 16:02:00,7.95,17340.0,United Kingdom,15.9,2010
536054,84029G,KNITTED UNION FLAG HOT WATER BOTTLE,24,2010-11-30 09:52:00,3.39,17739.0,United Kingdom,81.36,2010
500857,22059,CERAMIC STRWBERRY DESIGN MUG,3,2010-03-10 12:23:00,1.49,15911.0,United Kingdom,4.47,2010
529573,22065,CHRISTMAS PUDDING TRINKET POT ,4,2010-10-28 18:54:00,1.45,16242.0,United Kingdom,5.8,2010
533000,21680,WOODLAND  STICKERS,6,2010-11-15 14:49:00,0.85,16686.0,United Kingdom,5.1,2010
560773,22082,RIBBON REEL STRIPES DESIGN ,1,2011-07-20 16:17:00,3.29,,United Kingdom,3.29,2011
509743,21581,SKULLS  DESIGN  COTTON TOTE BAG,1,2010-05-25 13:21:00,2.25,17841.0,United Kingdom,2.25,2010
563149,22178,VICTORIAN GLASS HANGING T-LIGHT,96,2011-08-12 11:41:00,1.06,13695.0,United Kingdom,101.76,2011
578515,21744,SNOWFLAKE PORTABLE TABLE LIGHT ,1,2011-11-24 13:40:00,2.95,16885.0,United Kingdom,2.95,2011
543470,22813,PACK 3 BOXES BIRD PANNETONE ,12,2011-02-08 14:58:00,1.95,16951.0,United Kingdom,23.4,2011
578088,84836,ZINC METAL HEART DECORATION,3,2011-11-22 16:47:00,1.25,16376.0,United Kingdom,3.75,2011
498291,85066,CREAM SWEETHEART MINI CHEST,4,2010-02-18 08:49:00,12.75,14322.0,United Kingdom,51.0,2010
534410,22365,DOORMAT RESPECTABLE HOUSE,2,2010-11-22 14:36:00,7.95,16812.0,United Kingdom,15.9,2010
528082,20682,RED RETROSPOT CHILDRENS UMBRELLA,1,2010-10-20 12:53:00,3.25,16521.0,United Kingdom,3.25,2010
568392,20996,JAZZ HEARTS ADDRESS BOOK,24,2011-09-27 10:08:00,0.19,14272.0,United Kingdom,4.5600000000000005,2011
528764,22726,ALARM CLOCK BAKELIKE GREEN,1,2010-10-24 16:03:00,3.75,16904.0,United Kingdom,3.75,2010
573585,22758,LARGE PURPLE BABUSHKA NOTEBOOK  ,4,2011-10-31 14:41:00,2.46,,United Kingdom,9.84,2011
530962,20958,PORCELAIN HANGING BELL LARGE,4,2010-11-04 19:12:00,1.95,17913.0,United Kingdom,7.8,2010
529339,22591,CARDHOLDER GINGHAM CHRISTMAS TREE,2,2010-10-27 16:23:00,2.55,16382.0,United Kingdom,5.1,2010
525448,22329,ROUND CONTAINER SET OF 5 RETROSPOT,1,2010-10-05 14:05:00,1.65,16938.0,United Kingdom,1.65,2010
568057,22771,CLEAR DRAWER KNOB ACRYLIC EDWARDIAN,6,2011-09-23 12:56:00,2.46,,United Kingdom,14.76,2011
576686,20914,SET/5 RED RETROSPOT LID GLASS BOWLS,3,2011-11-16 12:08:00,2.95,16916.0,United Kingdom,8.850000000000001,2011
553013,22383,LUNCH BAG SUKI DESIGN ,2,2011-05-12 18:19:00,4.13,,United Kingdom,8.26,2011
544812,22727,ALARM CLOCK BAKELIKE RED ,2,2011-02-23 15:58:00,7.46,,United Kingdom,14.92,2011
574561,22646,CERAMIC STRAWBERRY CAKE MONEY BANK,3,2011-11-04 15:52:00,3.29,,United Kingdom,9.870000000000001,2011
535322,22147,FELTCRAFT BUTTERFLY HEARTS,1,2010-11-25 15:19:00,3.36,,United Kingdom,3.36,2010
527044,22028,PENNY FARTHING BIRTHDAY CARD,24,2010-10-14 12:41:00,0.42,13756.0,United Kingdom,10.08,2010
491662,82616A,BUBBLE GUM SCARF KNITTING KIT,2,2009-12-13 11:16:00,2.95,15169.0,United Kingdom,5.9,2009
546910,22998,TRAVEL CARD WALLET KEEP CALM,2,2011-03-17 19:46:00,0.42,13969.0,United Kingdom,0.84,2011
501663,22219,LOVEBIRD HANGING DECORATION WHITE ,12,2010-03-18 14:09:00,0.85,12615.0,France,10.2,2010
549238,22569,FELTCRAFT CUSHION BUTTERFLY,1,2011-04-07 11:30:00,3.75,14667.0,United Kingdom,3.75,2011
560772,84875B,GREEN SQUARE COMPACT MIRROR,1,2011-07-20 16:12:00,2.46,,United Kingdom,2.46,2011
543803,22522,CHILDS GARDEN FORK BLUE ,5,2011-02-13 12:05:00,0.85,17126.0,United Kingdom,4.25,2011
508614,84406B,CREAM CUPID HEARTS COAT HANGER,2,2010-05-17 13:18:00,3.25,13432.0,United Kingdom,6.5,2010
521202,22356,CHARLOTTE BAG PINK WITH WHITE SPOTS,20,2010-09-02 17:52:00,1.66,,United Kingdom,33.199999999999996,2010
506615,37502,TEA TIME MUG IN GIFT BOX,5,2010-04-30 15:57:00,2.95,15808.0,United Kingdom,14.75,2010
576463,20961,STRAWBERRY BATH SPONGE ,1,2011-11-15 11:37:00,1.25,17974.0,United Kingdom,1.25,2011
559898,22652,TRAVEL SEWING KIT,1,2011-07-13 12:18:00,1.65,16225.0,United Kingdom,1.65,2011
544456,84306,S/3 PINK SQUARE PLANTERS ROSES,1,2011-02-20 13:21:00,10.95,14803.0,United Kingdom,10.95,2011
535953,20676,RED RETROSPOT BOWL,3,2010-11-29 12:13:00,1.25,15039.0,United Kingdom,3.75,2010
557595,21034,REX CASH+CARRY JUMBO SHOPPER,2,2011-06-21 11:19:00,0.95,15507.0,United Kingdom,1.9,2011
530346,22508,DOORSTOP RETROSPOT HEART,16,2010-11-02 15:42:00,3.39,14733.0,United Kingdom,54.24,2010
503986,22559,SEASIDE FRISBEE ,24,2010-04-09 10:12:00,1.25,16040.0,United Kingdom,30.0,2010
558563,84978,HANGING HEART JAR T-LIGHT HOLDER,12,2011-06-30 13:43:00,1.25,14561.0,United Kingdom,15.0,2011
578844,22129,PARTY CONES CANDY DECORATION,2,2011-11-25 16:14:00,2.46,,United Kingdom,4.92,2011
494381,46776C,WOVEN FROST CUSHION COVER,4,2010-01-13 17:44:00,4.21,,United Kingdom,16.84,2010
495698,21354,TOAST ITS - BEST MUM,6,2010-01-26 12:30:00,1.25,,United Kingdom,7.5,2010
529156,21755,LOVE BUILDING BLOCK WORD,1,2010-10-26 16:47:00,5.95,16549.0,United Kingdom,5.95,2010
521031,84912A,PINK ROSE WASHBAG,1,2010-09-01 17:17:00,3.36,,United Kingdom,3.36,2010
577051,35961,FOLKART ZINC HEART CHRISTMAS DEC,1,2011-11-17 14:02:00,0.85,14034.0,United Kingdom,0.85,2011
543660,22814,CARD PARTY GAMES ,1,2011-02-11 10:40:00,0.83,,United Kingdom,0.83,2011
522169,21670,BLUE SPOT CERAMIC DRAWER KNOB,4,2010-09-13 11:28:00,2.51,,United Kingdom,10.04,2010
531352,21333,CLASSIC WHITE FRAME,4,2010-11-07 13:45:00,2.95,13137.0,United Kingdom,11.8,2010
508800,21033,JUMBO BAG CHARLIE AND LOLA TOYS,1,2010-05-18 12:48:00,2.95,15311.0,United Kingdom,2.95,2010
569555,23330,DECORATIVE WICKER HEART MEDIUM,12,2011-10-05 08:17:00,1.25,17728.0,United Kingdom,15.0,2011
534319,22798,ANTIQUE GLASS DRESSING TABLE POT,3,2010-11-22 11:37:00,5.91,,United Kingdom,17.73,2010
546884,21658,GLASS  BEURRE DISH,1,2011-03-17 18:08:00,8.29,,United Kingdom,8.29,2011
527972,22602,CHRISTMAS RETROSPOT HEART WOOD,12,2010-10-20 10:10:00,0.85,15608.0,United Kingdom,10.2,2010
524490,21212,PACK OF 72 RETROSPOT CAKE CASES,2,2010-09-29 12:22:00,0.55,14451.0,United Kingdom,1.1,2010
574528,84519B,CARROT CHARLIE+LOLA COASTER SET,24,2011-11-04 14:03:00,1.25,16782.0,United Kingdom,30.0,2011
524446,22037,ROBOT BIRTHDAY CARD,12,2010-09-29 11:19:00,0.42,14049.0,United Kingdom,5.04,2010
543024,22842,BISCUIT TIN VINTAGE RED,1,2011-02-02 14:39:00,5.95,13777.0,United Kingdom,5.95,2011
513855,85099F,JUMBO BAG STRAWBERRY,20,2010-06-29 11:23:00,1.95,15078.0,United Kingdom,39.0,2010
563680,23294,SET OF 6 SNACK LOAF BAKING CASES,8,2011-08-18 12:06:00,0.83,18272.0,United Kingdom,6.64,2011
521357,79190B,RETRO PLASTIC POLKA TRAY,6,2010-09-03 16:04:00,0.85,,United Kingdom,5.1,2010
494685,20695,FLORAL BLUE MONSTER,1,2010-01-18 11:39:00,3.36,,United Kingdom,3.36,2010
534319,20878,SET/9 CHRISTMAS T-LIGHTS SCENTED ,1,2010-11-22 11:37:00,2.51,,United Kingdom,2.51,2010
520509,21527,RED RETROSPOT TRADITIONAL TEAPOT ,2,2010-08-26 13:09:00,7.95,12835.0,United Kingdom,15.9,2010
528968,22780,LIGHT GARLAND BUTTERFILES PINK,12,2010-10-26 10:22:00,3.75,14298.0,United Kingdom,45.0,2010
547993,21976,PACK OF 60 MUSHROOM CAKE CASES,24,2011-03-29 09:59:00,0.55,,EIRE,13.200000000000001,2011
538349,35610A,PINK CHRISTMAS FLOCK DROPLET ,1,2010-12-10 14:59:00,2.51,,United Kingdom,2.51,2010
575726,22568,FELTCRAFT CUSHION OWL,1,2011-11-10 19:12:00,3.75,16791.0,United Kingdom,3.75,2011
527124,22512,DOORSTOP RACING CAR DESIGN,10,2010-10-14 19:46:00,3.75,14088.0,United Kingdom,37.5,2010
510983,85186A,EASTER BUNNY GARLAND OF FLOWERS,2,2010-06-04 12:23:00,0.81,,United Kingdom,1.62,2010
527306,21844,RED RETROSPOT MUG,1,2010-10-15 14:45:00,2.95,13052.0,United Kingdom,2.95,2010
508003,85169D,PINK LOVE BIRD CANDLE,1,2010-05-12 11:49:00,1.25,15012.0,United Kingdom,1.25,2010
503940,21533,RETRO SPOT LARGE MILK JUG,1,2010-04-08 14:47:00,10.17,,United Kingdom,10.17,2010
528764,22570,FELTCRAFT CUSHION RABBIT,2,2010-10-24 16:03:00,3.75,16904.0,United Kingdom,7.5,2010
544657,22926,IVORY GIANT GARDEN THERMOMETER,2,2011-02-22 13:08:00,5.95,14895.0,United Kingdom,11.9,2011
491679,22147,FELTCRAFT BUTTERFLY HEARTS,1,2009-12-13 12:19:00,1.45,16127.0,United Kingdom,1.45,2009
557755,47566,PARTY BUNTING,16,2011-06-22 13:14:00,4.95,14733.0,United Kingdom,79.2,2011
572219,23343,JUMBO BAG VINTAGE CHRISTMAS ,2,2011-10-21 13:17:00,2.08,17463.0,United Kingdom,4.16,2011
574547,20728,LUNCH BAG CARS BLUE,3,2011-11-04 15:08:00,1.65,17841.0,United Kingdom,4.949999999999999,2011
493395,22098,BOUDOIR SQUARE TISSUE BOX,12,2009-12-23 13:41:00,1.25,12539.0,Spain,15.0,2009
567182,23439,HAND WARMER RED LOVE HEART,24,2011-09-18 15:21:00,2.1,13334.0,United Kingdom,50.400000000000006,2011
579167,21385,IVORY HANGING DECORATION  HEART,24,2011-11-28 14:06:00,0.85,16800.0,United Kingdom,20.4,2011
493965,90190A,SILVER/CRYSTAL DROP EARRINGS W LEAF,1,2010-01-08 16:34:00,2.95,14573.0,United Kingdom,2.95,2010
521646,22544,MINI JIGSAW SPACEBOY,5,2010-09-07 13:20:00,0.85,,United Kingdom,4.25,2010
496948,21238,RED SPOTTY CUP,8,2010-02-04 18:18:00,0.85,15810.0,United Kingdom,6.8,2010
490741,21723,ALPHABET HEARTS STICKER SHEET,1,2009-12-07 17:56:00,1.7,,United Kingdom,1.7,2009
503932,20728,LUNCH BAG CARS BLUE,1,2010-04-08 13:45:00,1.65,14562.0,United Kingdom,1.65,2010
549222,22432,WATERING CAN PINK BUNNY,6,2011-04-07 10:43:00,1.95,12347.0,Iceland,11.7,2011
540026,85066,CREAM SWEETHEART MINI CHEST,1,2011-01-04 13:25:00,25.49,,United Kingdom,25.49,2011
547042,84598,BOYS ALPHABET IRON ON PATCHES,12,2011-03-20 11:00:00,0.21,,United Kingdom,2.52,2011
495372,21220,SET/4 BADGES DOGS,12,2010-01-24 12:58:00,1.25,14396.0,United Kingdom,15.0,2010
546912,22344,PARTY PIZZA DISH PINK POLKADOT,6,2011-03-17 20:12:00,0.85,15861.0,United Kingdom,5.1,2011
577690,21479,WHITE SKULL HOT WATER BOTTLE ,6,2011-11-21 11:34:00,4.25,12856.0,United Kingdom,25.5,2011
579885,23490,T-LIGHT HOLDER HANGING LOVE BIRD,3,2011-11-30 17:37:00,3.75,15444.0,United Kingdom,11.25,2011
540540,22555,PLASTERS IN TIN STRONGMAN,2,2011-01-09 15:10:00,1.65,17218.0,United Kingdom,3.3,2011
540468,84970S,HANGING HEART ZINC T-LIGHT HOLDER,6,2011-01-07 13:55:00,2.13,,United Kingdom,12.78,2011
544129,22084,PAPER CHAIN KIT EMPIRE,36,2011-02-16 11:54:00,2.95,13199.0,United Kingdom,106.2,2011
500827,22245,"HOOK, 1 HANGER ,MAGIC GARDEN",1,2010-03-10 11:10:00,1.66,,United Kingdom,1.66,2010
528102,22768,FAMILY PHOTO FRAME CORNICE,2,2010-10-20 13:40:00,9.95,15572.0,United Kingdom,19.9,2010
494016,84832,ZINC WILLIE WINKIE  CANDLE STICK,3,2010-01-11 09:35:00,1.7,,United Kingdom,5.1,2010
501626,21590,KINGS CHOICE CIGAR BOX MATCHES ,1,2010-03-18 11:42:00,1.25,14651.0,United Kingdom,1.25,2010
533348,21815,STAR  T-LIGHT HOLDER ,1,2010-11-17 09:22:00,2.98,,United Kingdom,2.98,2010
556827,22595,GINGHAM HEART DECORATION,12,2011-06-15 10:29:00,0.85,15134.0,United Kingdom,10.2,2011
503169,20967,GREY FLORAL FELTCRAFT SHOULDER BAG,4,2010-03-30 13:33:00,3.75,16611.0,United Kingdom,15.0,2010
558814,23206,LUNCH BAG APPLE DESIGN,10,2011-07-04 11:47:00,1.65,14049.0,United Kingdom,16.5,2011
515888,20718,RED SPOTTY SHOPPER BAG,20,2010-07-15 12:09:00,1.25,16279.0,United Kingdom,25.0,2010
526708,21245,GREEN POLKADOT PLATE ,1,2010-10-12 16:25:00,1.69,17944.0,United Kingdom,1.69,2010
506435,84596J,MIXED NUTS LIGHT GREEN BOWL,16,2010-04-29 15:34:00,1.25,12377.0,Switzerland,20.0,2010
540355,20718,RED RETROSPOT SHOPPER BAG,10,2011-01-06 15:11:00,3.36,,United Kingdom,33.6,2011
573137,23004,TRAVEL CARD WALLET PANTRY,1,2011-10-27 17:15:00,0.83,,United Kingdom,0.83,2011
501810,85123A,WHITE HANGING HEART T-LIGHT HOLDER,18,2010-03-19 14:41:00,2.95,14911.0,EIRE,53.1,2010
541695,22136,LOVE HEART SOCK HANGER,1,2011-01-20 18:01:00,3.29,,United Kingdom,3.29,2011
553710,72807B,SET/3 OCEAN SCENT CANDLE JEWEL BOX,3,2011-05-18 15:35:00,4.25,17338.0,United Kingdom,12.75,2011
565430,22725,ALARM CLOCK BAKELIKE CHOCOLATE,2,2011-09-04 13:07:00,3.75,14335.0,Germany,7.5,2011
562999,22045,SPACEBOY GIFT WRAP,25,2011-08-11 11:51:00,0.42,15117.0,United Kingdom,10.5,2011
558886,23031,DOORKNOB CRACKED GLAZE PINK,6,2011-07-04 15:13:00,1.65,13267.0,United Kingdom,9.899999999999999,2011
506130,21745,GAOLERS KEYS DECORATIVE GARDEN ,4,2010-04-27 14:44:00,3.75,16011.0,United Kingdom,15.0,2010
515305,21527,RED RETROSPOT TRADITIONAL TEAPOT ,2,2010-07-09 15:48:00,7.95,14911.0,EIRE,15.9,2010
489865,22111,SCOTTIE DOG HOT WATER BOTTLE,3,2009-12-02 15:01:00,4.95,14080.0,United Kingdom,14.850000000000001,2009
560145,22962,JAM JAR WITH PINK LID,12,2011-07-15 11:04:00,0.85,13381.0,United Kingdom,10.2,2011
567328,23067,HANGING ENGRAVED METAL HEART,2,2011-09-19 14:43:00,4.15,14356.0,United Kingdom,8.3,2011
511301,22511,DOORSTOP RUSSIAN DOLL RETROSPOT,1,2010-06-07 15:32:00,3.75,14871.0,United Kingdom,3.75,2010
528105,22835,HOT WATER BOTTLE I AM SO POORLY,24,2010-10-20 13:43:00,4.25,15291.0,United Kingdom,102.0,2010
531972,22082,RIBBON REEL STRIPES DESIGN ,20,2010-11-10 12:26:00,1.65,15691.0,United Kingdom,33.0,2010
495815,22352,LUNCHBOX WITH CUTLERY RETROSPOT ,6,2010-01-27 10:35:00,2.55,12549.0,USA,15.299999999999999,2010
577179,21116,OWL DOORSTOP,12,2011-11-18 11:20:00,4.95,18061.0,United Kingdom,59.400000000000006,2011
544601,22440,BALLOON WATER BOMB PACK OF 35,20,2011-02-22 09:00:00,0.42,16638.0,United Kingdom,8.4,2011
566238,21621,VINTAGE UNION JACK BUNTING,2,2011-09-11 11:24:00,8.5,17377.0,United Kingdom,17.0,2011
541423,22078,RIBBON REEL LACE DESIGN ,1,2011-01-17 17:54:00,4.13,,United Kingdom,4.13,2011
527759,21100,CHARLIE AND LOLA CHARLOTTE BAG,2,2010-10-18 17:11:00,1.65,14572.0,United Kingdom,3.3,2010
567853,22045,SPACEBOY GIFT WRAP,25,2011-09-22 13:31:00,0.42,15484.0,United Kingdom,10.5,2011
577698,20869,GOLD FABRIC MIRROR,7,2011-11-21 12:05:00,0.39,14963.0,United Kingdom,2.73,2011
575482,23090,VINTAGE GLASS T-LIGHT HOLDER,12,2011-11-09 16:33:00,0.83,15916.0,United Kingdom,9.959999999999999,2011
545819,22457,NATURAL SLATE HEART CHALKBOARD ,6,2011-03-07 12:31:00,2.95,16356.0,United Kingdom,17.700000000000003,2011
501278,22056,CERAMIC PLATE LOVE HEART DESIGN,4,2010-03-15 14:01:00,1.49,17180.0,United Kingdom,5.96,2010
553074,23006,TRAVEL CARD WALLET FLOWER MEADOW,4,2011-05-13 11:45:00,0.42,15529.0,United Kingdom,1.68,2011
573580,22107,PIZZA PLATE IN BOX,1,2011-10-31 14:21:00,7.46,,United Kingdom,7.46,2011
548739,22222,CAKE PLATE LOVEBIRD WHITE,1,2011-04-04 11:28:00,4.95,15493.0,United Kingdom,4.95,2011
500341,22268,EASTER DECORATION SITTING BUNNY,1,2010-03-07 14:31:00,0.85,16466.0,United Kingdom,0.85,2010
541552,21975,PACK OF 60 DINOSAUR CAKE CASES,1,2011-01-19 11:15:00,0.55,15039.0,United Kingdom,0.55,2011
537369,21089,SET/6 GREEN SPRING PAPER CUPS,2,2010-12-06 12:41:00,0.65,17860.0,United Kingdom,1.3,2010
572309,22806,SET OF 6 T-LIGHTS WEDDING CAKE ,1,2011-10-23 15:29:00,2.95,14432.0,United Kingdom,2.95,2011
530709,21819,GLITTER CHRISTMAS STAR ,3,2010-11-04 11:29:00,0.85,16887.0,United Kingdom,2.55,2010
550651,21397,BLUE POLKADOT EGG CUP ,2,2011-04-19 16:52:00,0.39,15436.0,United Kingdom,0.78,2011
580615,23469,CARD HOLDER LOVE BIRD SMALL,6,2011-12-05 12:05:00,4.15,16873.0,United Kingdom,24.900000000000002,2011
545415,22661,CHARLOTTE BAG DOLLY GIRL DESIGN,10,2011-03-02 13:03:00,0.85,15641.0,United Kingdom,8.5,2011
518134,21390,FILIGRIS HEART WITH BUTTERFLY,24,2010-08-04 15:02:00,1.25,15064.0,United Kingdom,30.0,2010
553034,22418,10 COLOUR SPACEBOY PEN,120,2011-05-12 20:03:00,0.85,17970.0,United Kingdom,102.0,2011
540352,22074,6 RIBBONS SHIMMERING PINKS ,6,2011-01-06 14:27:00,0.85,,United Kingdom,5.1,2011
553463,22139,RETROSPOT TEA SET CERAMIC 11 PC ,3,2011-05-17 11:02:00,4.95,13488.0,United Kingdom,14.850000000000001,2011
559128,22383,LUNCH BAG SUKI DESIGN ,3,2011-07-06 12:39:00,1.65,17238.0,United Kingdom,4.949999999999999,2011
539631,21982,PACK OF 12 SUKI TISSUES ,1,2010-12-20 15:03:00,0.85,,United Kingdom,0.85,2010
535392,22219,LOVEBIRD HANGING DECORATION WHITE ,10,2010-11-26 10:19:00,0.85,17790.0,United Kingdom,8.5,2010
574837,22197,POPCORN HOLDER,100,2011-11-07 11:33:00,0.72,15785.0,United Kingdom,72.0,2011
535803,47563A,RETRO LONGBOARD IRONING BOARD COVER,3,2010-11-28 14:57:00,3.75,14410.0,United Kingdom,11.25,2010
541214,22926,IVORY GIANT GARDEN THERMOMETER,2,2011-01-14 13:41:00,5.95,15570.0,United Kingdom,11.9,2011
514339,22566,FELTCRAFT HAIRBAND PINK AND PURPLE,12,2010-07-01 14:49:00,0.85,15062.0,United Kingdom,10.2,2010
504810,22381,TOY TIDY PINK RETROSPOT  ,5,2010-04-16 12:43:00,2.1,15628.0,United Kingdom,10.5,2010
518062,22624,IVORY KITCHEN SCALES,2,2010-08-04 12:22:00,8.5,15757.0,United Kingdom,17.0,2010
493375,20982,12 PENCILS TALL TUBE SKULLS,1,2009-12-23 12:07:00,0.85,15514.0,United Kingdom,0.85,2009
532557,21080,SET/20 RED RETROSPOT PAPER NAPKINS ,6,2010-11-12 12:49:00,0.85,13032.0,United Kingdom,5.1,2010
533740,21232,STRAWBERRY CERAMIC TRINKET BOX,3,2010-11-18 14:07:00,2.51,,United Kingdom,7.529999999999999,2010
498441,21355,TOAST ITS - I LOVE YOU ,1,2010-02-19 09:37:00,2.51,,United Kingdom,2.51,2010
505178,21086,SET/6 RED SPOTTY PAPER CUPS,3,2010-04-20 13:48:00,0.65,17861.0,United Kingdom,1.9500000000000002,2010
525312,21340,CLASSIC METAL BIRDCAGE PLANT HOLDER,1,2010-10-05 10:41:00,12.75,15712.0,United Kingdom,12.75,2010
574059,20931,BLUE POT PLANT CANDLE ,1,2011-11-02 14:13:00,2.95,14646.0,Netherlands,2.95,2011
519396,82494L,WOODEN FRAME ANTIQUE WHITE ,1,2010-08-16 15:36:00,2.95,15039.0,United Kingdom,2.95,2010
533350,20724,RED RETROSPOT CHARLOTTE BAG,20,2010-11-17 09:41:00,0.85,14282.0,United Kingdom,17.0,2010
556812,21137,BLACK RECORD COVER FRAME,1,2011-06-14 17:25:00,7.46,,United Kingdom,7.46,2011
511972,21121,SET/10 RED SPOTTY PARTY CANDLES,1,2010-06-11 14:35:00,2.51,,United Kingdom,2.51,2010
523198,22112,CHOCOLATE HOT WATER BOTTLE,3,2010-09-21 09:17:00,4.95,14227.0,United Kingdom,14.850000000000001,2010
571360,21137,BLACK RECORD COVER FRAME,48,2011-10-17 11:51:00,3.39,16563.0,United Kingdom,162.72,2011
507275,21259,VICTORIAN SEWING BOX SMALL ,2,2010-05-07 12:56:00,5.95,13890.0,United Kingdom,11.9,2010
579531,22197,POPCORN HOLDER,100,2011-11-30 09:18:00,0.72,17017.0,United Kingdom,72.0,2011
532089,20726,LUNCH BAG WOODLAND,10,2010-11-10 15:38:00,1.65,16221.0,United Kingdom,16.5,2010
500091,21875,KINGS CHOICE MUG,2,2010-03-04 12:06:00,3.36,,United Kingdom,6.72,2010
569202,21260,FIRST AID TIN,1,2011-09-30 17:22:00,6.63,,United Kingdom,6.63,2011
553768,23182,TOILET SIGN OCCUPIED OR VACANT,3,2011-05-19 10:47:00,2.5,,United Kingdom,7.5,2011
537036,82580,BATHROOM METAL SIGN,1,2010-12-03 17:28:00,0.55,15545.0,United Kingdom,0.55,2010
520973,22379,RECYCLING BAG RETROSPOT ,5,2010-09-01 12:45:00,2.1,14175.0,United Kingdom,10.5,2010
519792,21432,SET OF 3 CASES WOODLAND DESIGN,2,2010-08-20 12:20:00,5.95,12865.0,Austria,11.9,2010
536551,22551,PLASTERS IN TIN SPACEBOY,1,2010-12-01 14:34:00,1.65,17346.0,United Kingdom,1.65,2010
579196,23205,CHARLOTTE BAG VINTAGE ALPHABET ,1,2011-11-28 15:54:00,1.63,14096.0,United Kingdom,1.63,2011
500751,21504,SKULLS GREETING CARD,12,2010-03-10 10:25:00,0.42,13081.0,United Kingdom,5.04,2010
548521,84596E,SMALL LICORICE DES PINK BOWL,24,2011-03-31 16:41:00,0.42,17735.0,United Kingdom,10.08,2011
552252,23194,GYMKHANA TREASURE BOOK BOX,8,2011-05-08 10:11:00,2.25,15227.0,United Kingdom,18.0,2011
540798,22713,CARD I LOVE LONDON ,12,2011-01-11 12:11:00,0.42,17365.0,United Kingdom,5.04,2011
569331,22952,60 CAKE CASES VINTAGE CHRISTMAS,24,2011-10-03 13:39:00,0.55,16875.0,United Kingdom,13.200000000000001,2011
535467,84946,ANTIQUE SILVER TEA GLASS ETCHED,12,2010-11-26 13:26:00,1.25,15081.0,United Kingdom,15.0,2010
575583,22335,HEART DECORATION PAINTED ZINC ,3,2011-11-10 11:55:00,0.65,14456.0,United Kingdom,1.9500000000000002,2011
553658,22295,HEART FILIGREE DOVE LARGE,12,2011-05-18 11:42:00,1.65,16818.0,United Kingdom,19.799999999999997,2011
564835,22979,PANTRY WASHING UP BRUSH,1,2011-08-30 12:31:00,3.29,,United Kingdom,3.29,2011
520179,22627,MINT KITCHEN SCALES,2,2010-08-24 13:46:00,8.5,16550.0,United Kingdom,17.0,2010
574700,21976,PACK OF 60 MUSHROOM CAKE CASES,1,2011-11-06 13:53:00,0.55,16033.0,United Kingdom,0.55,2011
506303,22077,6 RIBBONS RUSTIC CHARM,12,2010-04-29 10:43:00,1.65,14249.0,United Kingdom,19.799999999999997,2010
498352,21621,VINTAGE UNION JACK BUNTING,4,2010-02-18 12:36:00,8.5,12898.0,United Kingdom,34.0,2010
545216,22720,SET OF 3 CAKE TINS PANTRY DESIGN ,1,2011-02-28 16:50:00,10.79,,United Kingdom,10.79,2011
558532,23243,SET OF TEA COFFEE SUGAR TINS PANTRY,2,2011-06-30 11:32:00,4.95,15039.0,United Kingdom,9.9,2011
500378,20725,LUNCH BAG RED SPOTTY,40,2010-03-08 10:15:00,1.65,14404.0,United Kingdom,66.0,2010
567875,20996,JAZZ HEARTS ADDRESS BOOK,24,2011-09-22 14:29:00,0.19,16348.0,United Kingdom,4.5600000000000005,2011
537237,22403,MAGNETS PACK OF 4 VINTAGE LABELS ,1,2010-12-06 09:58:00,2.51,,United Kingdom,2.51,2010
557464,46000M,POLYESTER FILLER PAD 45x45cm,24,2011-06-20 13:06:00,1.55,15301.0,United Kingdom,37.2,2011
544795,23230,WRAP ALPHABET DESIGN,25,2011-02-23 13:21:00,0.42,15858.0,United Kingdom,10.5,2011
520528,84839,SWEETHEART KEY CABINET,2,2010-08-26 14:45:00,6.75,14221.0,United Kingdom,13.5,2010
573897,17012C,ORIGAMI LAVENDER INCENSE/CANDL SET ,3,2011-11-01 14:29:00,0.85,16729.0,United Kingdom,2.55,2011
535950,21787,RAIN PONCHO RETROSPOT,1,2010-11-29 12:03:00,0.85,15989.0,United Kingdom,0.85,2010
517402,84991,60 TEATIME FAIRY CAKE CASES,1,2010-07-29 10:43:00,1.28,,United Kingdom,1.28,2010
539050,22403,MAGNETS PACK OF 4 VINTAGE LABELS ,1,2010-12-15 16:21:00,1.25,12577.0,France,1.25,2010
580115,22694,WICKER STAR ,1,2011-12-01 16:22:00,4.13,,United Kingdom,4.13,2011
507417,22417,PACK OF 60 SPACEBOY CAKE CASES,24,2010-05-09 14:35:00,0.55,13425.0,United Kingdom,13.200000000000001,2010
529156,84836,ZINC METAL HEART DECORATION,6,2010-10-26 16:47:00,1.25,16549.0,United Kingdom,7.5,2010
539078,22910,PAPER CHAIN KIT VINTAGE CHRISTMAS,40,2010-12-16 08:10:00,2.55,13408.0,United Kingdom,102.0,2010
571213,23431,NATURAL HANGING QUILTED HEARTS ,12,2011-10-14 12:55:00,0.83,13995.0,United Kingdom,9.959999999999999,2011
538828,22969,HOMEMADE JAM SCENTED CANDLES,96,2010-12-14 13:00:00,1.25,14298.0,United Kingdom,120.0,2010
490297,47566,PARTY BUNTING,10,2009-12-04 13:59:00,4.65,13162.0,United Kingdom,46.5,2009
562574,22558,CLOTHES PEGS RETROSPOT PACK 24 ,2,2011-08-07 12:42:00,1.65,14903.0,United Kingdom,3.3,2011
566786,22411,JUMBO SHOPPER VINTAGE RED PAISLEY,10,2011-09-15 10:29:00,2.08,13518.0,United Kingdom,20.8,2011
541422,22222,CAKE PLATE LOVEBIRD WHITE,8,2011-01-17 17:48:00,4.13,,United Kingdom,33.04,2011
574856,21116,OWL DOORSTOP,3,2011-11-07 12:06:00,8.29,,United Kingdom,24.869999999999997,2011
495414,20728,LUNCH BAG CARS BLUE,1,2010-01-25 11:18:00,1.65,14519.0,United Kingdom,1.65,2010
522458,22149,FELTCRAFT 6 FLOWER FRIENDS,3,2010-09-14 15:55:00,2.1,12933.0,United Kingdom,6.300000000000001,2010
503350,21623,VINTAGE UNION JACK MEMOBOARD,2,2010-03-31 13:32:00,9.95,16847.0,United Kingdom,19.9,2010
547993,22587,FELTCRAFT HAIRBAND RED AND BLUE,12,2011-03-29 09:59:00,0.85,,EIRE,10.2,2011
492303,21504,SKULLS GREETING CARD,1,2009-12-16 11:57:00,0.86,,United Kingdom,0.86,2009
503981,84947,ANTIQUE SILVER TEA GLASS ENGRAVED,12,2010-04-09 09:14:00,1.25,13197.0,United Kingdom,15.0,2010
511972,21323,HANGING MEDINA LANTERN LARGE,1,2010-06-11 14:35:00,8.47,,United Kingdom,8.47,2010
558777,22037,ROBOT BIRTHDAY CARD,1,2011-07-04 10:23:00,0.83,,United Kingdom,0.83,2011
509117,21690,SILVER  CANDLEPOT JARDIN ,2,2010-05-20 11:56:00,3.75,17797.0,United Kingdom,7.5,2010
578347,20659,ECONOMY LUGGAGE TAG,1,2011-11-24 09:26:00,2.46,,United Kingdom,2.46,2011
501577,20703,BLUE PADDED SOFT MOBILE,6,2010-03-18 10:20:00,4.25,,Bermuda,25.5,2010
490149,22100,SKULLS SQUARE TISSUE BOX,2,2009-12-04 09:43:00,2.57,,United Kingdom,5.14,2009
536837,22470,HEART OF WICKER LARGE,3,2010-12-02 18:15:00,2.95,14395.0,United Kingdom,8.850000000000001,2010
519610,22273,FELTCRAFT DOLL MOLLY,1,2010-08-18 16:54:00,2.95,15494.0,United Kingdom,2.95,2010
542003,21754,HOME BUILDING BLOCK WORD,18,2011-01-25 11:07:00,5.45,15311.0,United Kingdom,98.10000000000001,2011
545217,21871,SAVE THE PLANET MUG,1,2011-02-28 16:59:00,3.29,,United Kingdom,3.29,2011
493877,21486,PINK HEART DOTS HOT WATER BOTTLE,24,2010-01-07 19:34:00,1.65,14911.0,EIRE,39.599999999999994,2010
545215,21903,MAN FLU METAL SIGN,1,2011-02-28 16:47:00,4.13,,United Kingdom,4.13,2011
519904,20969,RED FLORAL FELTCRAFT SHOULDER BAG,8,2010-08-22 13:28:00,3.75,16126.0,United Kingdom,30.0,2010
556926,21878,PACK OF 6 SANDCASTLE FLAGS ASSORTED,1,2011-06-15 14:26:00,0.85,16324.0,United Kingdom,0.85,2011
528775,22812,PACK 3 BOXES CHRISTMAS PANNETONE,96,2010-10-25 09:57:00,1.65,16133.0,United Kingdom,158.39999999999998,2010
499657,21867,PINK UNION JACK  LUGGAGE TAG,3,2010-03-01 14:54:00,1.25,14896.0,United Kingdom,3.75,2010
559052,51014A,"FEATHER PEN,HOT PINK",18,2011-07-05 16:53:00,0.83,,United Kingdom,14.94,2011
575943,20698,LITTLE PINK MONSTER SOFT TOY,2,2011-11-13 11:44:00,2.55,17920.0,United Kingdom,5.1,2011
581266,23560,SET OF 6 RIBBONS COUNTRY STYLE,12,2011-12-08 11:25:00,2.89,12621.0,Germany,34.68,2011
575739,20829,GLITTER HANGING BUTTERFLY STRING,2,2011-11-11 09:05:00,4.13,,United Kingdom,8.26,2011
561034,22412,METAL SIGN NEIGHBOURHOOD WITCH ,2,2011-07-24 11:45:00,2.1,15506.0,United Kingdom,4.2,2011
556578,22179,SET 10 NIGHT OWL LIGHTS,2,2011-06-13 14:13:00,6.75,12472.0,Germany,13.5,2011
508593,21896,POTTING SHED TWINE,6,2010-05-17 12:06:00,2.1,13488.0,United Kingdom,12.600000000000001,2010
577056,90160D,PINK BOUDICCA LARGE BRACELET,10,2011-11-17 14:24:00,6.95,17985.0,United Kingdom,69.5,2011
512250,22303,COFFEE MUG APPLES DESIGN,6,2010-06-14 12:46:00,2.55,16814.0,United Kingdom,15.299999999999999,2010
495225,22054,MINI CAKE STAND HANGING HEARTS,2,2010-01-21 17:43:00,1.65,17180.0,United Kingdom,3.3,2010
507176,20728,LUNCH BAG CARS BLUE,10,2010-05-06 15:05:00,1.65,17069.0,United Kingdom,16.5,2010
527375,21154,RED RETROSPOT OVEN GLOVE ,6,2010-10-17 12:34:00,1.25,14850.0,United Kingdom,7.5,2010
580317,22470,HEART OF WICKER LARGE,12,2011-12-02 15:29:00,2.95,13458.0,United Kingdom,35.400000000000006,2011
551734,22465,HANGING METAL STAR LANTERN,12,2011-05-04 10:15:00,1.65,18178.0,United Kingdom,19.799999999999997,2011
497958,85123A,WHITE HANGING HEART T-LIGHT HOLDER,32,2010-02-15 13:20:00,2.55,14680.0,United Kingdom,81.6,2010
577696,22654,DELUXE SEWING KIT ,1,2011-11-21 11:57:00,5.95,16406.0,United Kingdom,5.95,2011
566564,22661,CHARLOTTE BAG DOLLY GIRL DESIGN,2,2011-09-13 12:26:00,0.85,15522.0,United Kingdom,1.7,2011
567656,21791,VINTAGE HEADS AND TAILS CARD GAME ,2,2011-09-21 14:40:00,2.46,14096.0,United Kingdom,4.92,2011
562348,21086,SET/6 RED SPOTTY PAPER CUPS,96,2011-08-04 12:36:00,0.65,17511.0,United Kingdom,62.400000000000006,2011
500318,72741,GRAND CHOCOLATECANDLE,27,2010-03-07 12:01:00,1.45,17675.0,United Kingdom,39.15,2010
519907,90200C,BLUE SWEETHEART BRACELET,4,2010-08-22 13:40:00,4.25,15059.0,United Kingdom,17.0,2010
565934,22866,HAND WARMER SCOTTY DOG DESIGN,12,2011-09-08 10:45:00,2.1,18222.0,United Kingdom,25.200000000000003,2011
535780,22427,ENAMEL FLOWER JUG CREAM,1,2010-11-28 13:51:00,5.95,13435.0,United Kingdom,5.95,2010
525299,20956,PORCELAIN T-LIGHT HOLDERS ASSORTED,24,2010-10-05 09:38:00,1.25,18188.0,United Kingdom,30.0,2010
494217,72484,ROSES IN WHITE HEART CANDLE ,48,2010-01-12 12:12:00,0.38,16525.0,United Kingdom,18.240000000000002,2010
559923,22667,RECIPE BOX RETROSPOT ,1,2011-07-13 16:07:00,5.79,,United Kingdom,5.79,2011
525088,22315,200 RED + WHITE BENDY STRAWS,4,2010-10-03 16:04:00,1.25,17366.0,United Kingdom,5.0,2010
550474,22245,"HOOK, 1 HANGER ,MAGIC GARDEN",2,2011-04-18 13:58:00,1.63,,United Kingdom,3.26,2011
538007,22960,JAM MAKING SET WITH JARS,6,2010-12-09 12:16:00,4.25,14355.0,United Kingdom,25.5,2010
579508,20724,RED RETROSPOT CHARLOTTE BAG,3,2011-11-29 16:33:00,1.63,,United Kingdom,4.89,2011
547882,22331,WOODLAND PARTY BAG + STICKER SET,8,2011-03-28 07:53:00,1.65,14911.0,EIRE,13.2,2011
493442,79321,CHILLI LIGHTS,3,2010-01-04 13:36:00,4.95,13821.0,United Kingdom,14.850000000000001,2010
575176,90199B,5 STRAND GLASS NECKLACE AMETHYST,1,2011-11-08 18:29:00,6.23,,United Kingdom,6.23,2011
575177,23157,SET OF 6 NATIVITY MAGNETS ,1,2011-11-08 18:41:00,4.13,,United Kingdom,4.13,2011
498104,21500,PINK SPOTS  WRAP ,25,2010-02-16 13:49:00,0.42,13503.0,United Kingdom,10.5,2010
568423,23313,VINTAGE CHRISTMAS BUNTING,15,2011-09-27 11:24:00,4.95,17061.0,United Kingdom,74.25,2011
523161,22317,FIVE CATS HANGING DECORATION,6,2010-09-20 15:24:00,2.95,14146.0,United Kingdom,17.700000000000003,2010
578325,23570,TRADITIONAL PICK UP STICKS GAME ,3,2011-11-23 17:43:00,1.25,16343.0,United Kingdom,3.75,2011
524368,47566,PARTY BUNTING,4,2010-09-28 17:18:00,4.65,,United Kingdom,18.6,2010
491750,21624,VINTAGE UNION JACK DOORSTOP,2,2009-12-14 11:48:00,5.95,14527.0,United Kingdom,11.9,2009
556932,22477,WATERING CAN GARDEN MARKER,5,2011-06-15 15:41:00,2.46,,United Kingdom,12.3,2011
512289,22112,CHOCOLATE HOT WATER BOTTLE,1,2010-06-14 14:49:00,11.02,,United Kingdom,11.02,2010
567959,85099B,JUMBO BAG RED RETROSPOT,50,2011-09-23 09:13:00,2.08,12516.0,Germany,104.0,2011
497228,84992,72 SWEETHEART FAIRY CAKE CASES,24,2010-02-08 09:06:00,0.55,13004.0,United Kingdom,13.200000000000001,2010
528646,85123A,WHITE HANGING HEART T-LIGHT HOLDER,32,2010-10-24 12:24:00,2.55,14532.0,United Kingdom,81.6,2010
576339,21675,BUTTERFLIES STICKERS,1,2011-11-14 15:27:00,1.63,14096.0,United Kingdom,1.63,2011
514098,21927,BLUE/CREAM STRIPE CUSHION COVER ,2,2010-06-30 12:30:00,1.25,13097.0,United Kingdom,2.5,2010
560873,82582,AREA PATROLLED METAL SIGN,72,2011-07-21 14:52:00,1.85,13881.0,United Kingdom,133.20000000000002,2011
534006,22469,HEART OF WICKER SMALL,9,2010-11-19 14:29:00,4.21,,United Kingdom,37.89,2010
530559,22664,TOY TIDY DOLLY GIRL DESIGN,5,2010-11-03 13:44:00,2.1,13686.0,United Kingdom,10.5,2010
537775,22558,CLOTHES PEGS RETROSPOT PACK 24 ,12,2010-12-08 12:41:00,1.49,17722.0,United Kingdom,17.88,2010
547967,23126,FELTCRAFT GIRL AMELIE KIT,1,2011-03-28 15:49:00,10.79,,United Kingdom,10.79,2011
581439,22576,SWALLOW WOODEN CHRISTMAS DECORATION,2,2011-12-08 16:30:00,1.63,,United Kingdom,3.26,2011
490479,20989,URBAN CHIC CHOPSTICKS SET/5,20,2009-12-06 12:42:00,1.95,16779.0,United Kingdom,39.0,2009
533957,22076,6 RIBBONS EMPIRE  ,2,2010-11-19 12:51:00,1.65,16885.0,United Kingdom,3.3,2010
561513,22099,CARAVAN SQUARE TISSUE BOX,2,2011-07-27 15:12:00,2.46,,United Kingdom,4.92,2011
529309,48138,DOORMAT UNION FLAG,2,2010-10-27 12:57:00,7.95,14496.0,United Kingdom,15.9,2010
566949,48187,DOORMAT NEW ENGLAND,1,2011-09-15 16:32:00,15.79,,United Kingdom,15.79,2011
579161,22577,WOODEN HEART CHRISTMAS SCANDINAVIAN,5,2011-11-28 13:56:00,0.29,17379.0,United Kingdom,1.45,2011
528753,22728,ALARM CLOCK BAKELIKE PINK,2,2010-10-24 14:59:00,3.75,16655.0,United Kingdom,7.5,2010
581149,21535,RED RETROSPOT SMALL MILK JUG,2,2011-12-07 14:12:00,2.55,15471.0,United Kingdom,5.1,2011
556263,23202,JUMBO BAG VINTAGE LEAF,5,2011-06-09 18:41:00,2.08,13969.0,United Kingdom,10.4,2011
564818,21874,GIN AND TONIC MUG,1,2011-08-30 12:10:00,3.29,,United Kingdom,3.29,2011
556473,21902,"KEY FOB , FRONT  DOOR ",12,2011-06-12 12:00:00,0.65,17265.0,United Kingdom,7.800000000000001,2011
547026,21693,SMALL HAMMERED SILVER CANDLEPOT ,6,2011-03-18 17:07:00,2.95,14633.0,United Kingdom,17.700000000000003,2011
572053,20712,JUMBO BAG WOODLAND ANIMALS,10,2011-10-20 12:28:00,2.08,14495.0,United Kingdom,20.8,2011
514365,46000P,POLYESTER FILLER PAD 65CMx65CM,2,2010-07-01 18:25:00,4.25,13468.0,United Kingdom,8.5,2010
575176,20979,36 PENCILS TUBE RED RETROSPOT,1,2011-11-08 18:29:00,2.46,,United Kingdom,2.46,2011
537057,22617,BAKING SET SPACEBOY DESIGN,1,2010-12-05 11:49:00,4.95,15351.0,United Kingdom,4.95,2010
530571,22110,BIRD HOUSE HOT WATER BOTTLE,2,2010-11-03 14:22:00,2.55,15752.0,United Kingdom,5.1,2010
517457,21897,POTTING SHED CANDLE CITRONELLA,1,2010-07-29 11:23:00,2.95,16883.0,United Kingdom,2.95,2010
521405,20914,SET/5 RED SPOTTY LID GLASS BOWLS,6,2010-09-06 10:37:00,2.95,13785.0,United Kingdom,17.700000000000003,2010
506435,22314,OFFICE MUG WARMER CHOC+BLUE,8,2010-04-29 15:34:00,4.95,12377.0,Switzerland,39.6,2010
498101,20733,GOLD MINI TAPE MEASURE ,20,2010-02-16 13:32:00,0.85,12960.0,United Kingdom,17.0,2010
533759,84947,ANTIQUE SILVER TEA GLASS ENGRAVED,18,2010-11-18 14:45:00,1.25,14911.0,EIRE,22.5,2010
558614,22356,CHARLOTTE BAG PINK POLKADOT,5,2011-06-30 15:56:00,1.63,,United Kingdom,8.149999999999999,2011
566647,22632,HAND WARMER RED RETROSPOT,1,2011-09-14 11:21:00,2.1,18001.0,United Kingdom,2.1,2011
512915,84459B,YELLOW METAL CHICKEN HEART ,12,2010-06-18 15:42:00,1.49,14840.0,United Kingdom,17.88,2010
574536,22781,GUMBALL MAGAZINE RACK,1,2011-11-04 14:35:00,7.65,15707.0,United Kingdom,7.65,2011
520679,82552,WASHROOM METAL SIGN,12,2010-08-27 15:12:00,1.25,16539.0,United Kingdom,15.0,2010
520362,22671,FRENCH LAUNDRY SIGN BLUE METAL,1,2010-08-25 13:46:00,1.65,17841.0,United Kingdom,1.65,2010
524322,22629,SPACEBOY LUNCH BOX ,6,2010-09-28 14:33:00,1.95,16710.0,United Kingdom,11.7,2010
567183,23432,PRETTY HANGING QUILTED HEARTS,12,2011-09-18 15:32:00,0.83,14769.0,United Kingdom,9.959999999999999,2011
513248,72741,GRAND CHOCOLATECANDLE,9,2010-06-23 10:49:00,1.45,12792.0,Portugal,13.049999999999999,2010
564315,22768,FAMILY PHOTO FRAME CORNICE,1,2011-08-24 13:07:00,9.95,14730.0,United Kingdom,9.95,2011
574237,84755,COLOUR GLASS T-LIGHT HOLDER HANGING,8,2011-11-03 12:37:00,0.65,15551.0,United Kingdom,5.2,2011
579512,22754,SMALL RED BABUSHKA NOTEBOOK ,2,2011-11-29 16:47:00,1.63,,United Kingdom,3.26,2011
547385,22979,PANTRY WASHING UP BRUSH,1,2011-03-22 15:48:00,3.29,,United Kingdom,3.29,2011
573195,21912,VINTAGE SNAKES & LADDERS,4,2011-10-28 11:40:00,3.75,12432.0,Norway,15.0,2011
510777,21781,MA CAMPAGNE CUTLERY BOX,1,2010-06-03 14:57:00,14.95,13031.0,United Kingdom,14.95,2010
508731,82583,HOT BATHS METAL SIGN,12,2010-05-18 10:09:00,2.1,15227.0,United Kingdom,25.200000000000003,2010
560876,22042,CHRISTMAS CARD SINGING ANGEL,12,2011-07-21 15:14:00,0.42,12626.0,Germany,5.04,2011
578255,23345, DOLLY GIRL BEAKER,3,2011-11-23 12:58:00,1.25,14675.0,United Kingdom,3.75,2011
556208,84946,ANTIQUE SILVER T-LIGHT GLASS,36,2011-06-09 13:51:00,1.25,14040.0,United Kingdom,45.0,2011
570872,22355,CHARLOTTE BAG SUKI DESIGN,1,2011-10-12 16:40:00,1.63,,United Kingdom,1.63,2011
547884,22386,JUMBO BAG PINK POLKADOT,10,2011-03-28 09:07:00,1.95,13481.0,United Kingdom,19.5,2011
517062,84987,SET OF 36 TEATIME PAPER DOILIES,24,2010-07-26 13:38:00,1.45,16553.0,United Kingdom,34.8,2010
499765,22286,"DECORATION , WOBBLY RABBIT , METAL ",1,2010-03-02 13:15:00,3.36,,United Kingdom,3.36,2010
513788,22569,FELTCRAFT CUSHION BUTTERFLY,4,2010-06-28 15:19:00,3.75,13152.0,United Kingdom,15.0,2010
515166,20966,SANDWICH BATH SPONGE,1,2010-07-08 16:12:00,1.25,17920.0,United Kingdom,1.25,2010
525449,21135,VICTORIAN  METAL POSTCARD SPRING,8,2010-10-05 14:09:00,1.69,17097.0,Spain,13.52,2010
537666,84536A,ENGLISH ROSE NOTEBOOK A7 SIZE,1,2010-12-07 18:36:00,0.85,,United Kingdom,0.85,2010
504933,22356,"CHARLOTTE BAG , PINK/WHITE SPOTS",1,2010-04-19 11:13:00,1.66,,United Kingdom,1.66,2010
493325,37492D,PURPLE GREEN FLOWER PIGGY BANK,96,2009-12-23 07:57:00,1.65,13694.0,United Kingdom,158.39999999999998,2009
490391,22095,LADS ONLY TISSUE BOX,12,2009-12-05 15:27:00,1.25,15057.0,United Kingdom,15.0,2009
538843,22192,BLUE DINER WALL CLOCK,1,2010-12-14 13:18:00,8.5,16033.0,United Kingdom,8.5,2010
529201,21244,BLUE POLKADOT PLATE ,8,2010-10-27 09:52:00,1.69,12563.0,Italy,13.52,2010
534687,22212,FOUR HOOK  WHITE LOVEBIRDS,3,2010-11-23 15:07:00,2.1,13077.0,United Kingdom,6.300000000000001,2010
539290,22411,JUMBO SHOPPER VINTAGE RED PAISLEY,10,2010-12-16 16:36:00,1.95,16271.0,United Kingdom,19.5,2010
539492,21181,PLEASE ONE PERSON METAL SIGN,1,2010-12-20 10:14:00,2.09,,United Kingdom,2.09,2010
547248,22477,WATERING CAN GARDEN MARKER,1,2011-03-22 09:23:00,2.46,,United Kingdom,2.46,2011
575930,21942,SKULLS DESIGN FLANNEL,1,2011-11-11 17:58:00,1.63,,United Kingdom,1.63,2011
504547,22456,NATURAL SLATE CHALKBOARD LARGE ,2,2010-04-14 12:28:00,4.95,17682.0,United Kingdom,9.9,2010
546655,22719,GUMBALL MONOCHROME COAT RACK,4,2011-03-15 14:19:00,2.46,,United Kingdom,9.84,2011
520680,21706,"FOLDING UMBRELLA , RED/WHITE SPOT",4,2010-08-27 15:14:00,4.95,15480.0,Malta,19.8,2010
563928,22662,LUNCH BAG DOLLY GIRL DESIGN,3,2011-08-21 15:17:00,1.65,17059.0,United Kingdom,4.949999999999999,2011
501872,17091J,VANILLA INCENSE IN TIN,1,2010-03-21 12:26:00,1.25,17916.0,United Kingdom,1.25,2010
492548,21640,ASSORTED TUTTI FRUTTI  FOB NOTEBOOK,1,2009-12-17 14:14:00,0.85,,United Kingdom,0.85,2009
557466,22334,DINOSAUR PARTY BAG + STICKER SET,8,2011-06-20 13:08:00,1.65,13815.0,Germany,13.2,2011
532317,22418,10 COLOUR SPACEBOY PEN,24,2010-11-11 14:57:00,0.85,12803.0,Netherlands,20.4,2010
506263,21524,DOOR MAT SPOTTY HOME SWEET HOME,2,2010-04-28 14:52:00,7.49,14739.0,United Kingdom,14.98,2010
527061,21587,COSY HOUR GIANT TUBE MATCHES,1,2010-10-14 13:37:00,2.55,17796.0,United Kingdom,2.55,2010
572549,23002,TRAVEL CARD WALLET SKULLS,1,2011-10-24 17:03:00,0.83,,United Kingdom,0.83,2011
570491,22835,HOT WATER BOTTLE I AM SO POORLY,1,2011-10-10 17:26:00,4.95,14395.0,United Kingdom,4.95,2011
550280,22386,JUMBO BAG PINK POLKADOT,20,2011-04-15 13:31:00,2.08,13048.0,United Kingdom,41.6,2011
530514,22749,FELTCRAFT PRINCESS CHARLOTTE DOLL,48,2010-11-03 12:23:00,3.39,14646.0,Netherlands,162.72,2010
555524,20717,STRAWBERRY SHOPPER BAG,3,2011-06-05 11:37:00,1.25,16923.0,United Kingdom,3.75,2011
538418,72807C,SET/3 VANILLA SCENTED CANDLE IN BOX,2,2010-12-12 12:00:00,4.25,17372.0,United Kingdom,8.5,2010
570210,84580,MOUSE TOY WITH PINK T-SHIRT,3,2011-10-09 10:48:00,3.75,13259.0,United Kingdom,11.25,2011
532614,21700,BIG DOUGHNUT FRIDGE MAGNETS,1,2010-11-12 15:21:00,8.47,,United Kingdom,8.47,2010
544662,22094,RED RETROSPOT TISSUE BOX,1,2011-02-22 14:10:00,1.25,12845.0,United Kingdom,1.25,2011
492425,21260,FIRST AID TIN,1,2009-12-16 17:58:00,6.91,,United Kingdom,6.91,2009
551546,23050,RECYCLED ACAPULCO MAT GREEN,2,2011-05-03 09:34:00,8.25,18062.0,United Kingdom,16.5,2011
537434,21755,LOVE BUILDING BLOCK WORD,1,2010-12-06 16:57:00,11.87,,United Kingdom,11.87,2010
547551,21216,"SET 3 RETROSPOT TEA,COFFEE,SUGAR",1,2011-03-23 15:55:00,10.79,,United Kingdom,10.79,2011
520077,79321,CHILLI LIGHTS,48,2010-08-24 09:49:00,4.25,17553.0,United Kingdom,204.0,2010
522963,22628,PICNIC BOXES SET OF 3 RETROSPOT ,4,2010-09-19 12:40:00,4.95,16053.0,United Kingdom,19.8,2010
537646,22624,IVORY KITCHEN SCALES,1,2010-12-07 15:39:00,8.5,17591.0,United Kingdom,8.5,2010
489932,84347,ROTATING SILVER ANGELS T-LIGHT HLDR,6,2009-12-03 10:49:00,2.55,14347.0,United Kingdom,15.299999999999999,2009
550525,72351B,SET/6 PINK  BUTTERFLY T-LIGHTS,12,2011-04-19 10:19:00,2.1,14672.0,United Kingdom,25.200000000000003,2011
542115,21232,STRAWBERRY CERAMIC TRINKET BOX,1,2011-01-25 14:01:00,3.29,,United Kingdom,3.29,2011
537237,22141,CHRISTMAS CRAFT TREE TOP ANGEL,3,2010-12-06 09:58:00,4.21,,United Kingdom,12.629999999999999,2010
512289,22030,SWALLOWS GREETING CARD,1,2010-06-14 14:49:00,0.85,,United Kingdom,0.85,2010
507996,22422,TOOTHPASTE TUBE PEN,100,2010-05-12 10:56:00,0.55,17511.0,United Kingdom,55.00000000000001,2010
560271,22665,RECIPE BOX BLUE SKETCHBOOK DESIGN,1,2011-07-17 14:51:00,2.95,16474.0,United Kingdom,2.95,2011
565927,23299,FOOD COVER WITH BEADS SET 2 ,6,2011-09-08 10:08:00,3.75,,EIRE,22.5,2011
545060,37413,ICON MUG REVOLUTIONARY,6,2011-02-27 13:47:00,1.25,15547.0,United Kingdom,7.5,2011
554104,22046,TEA PARTY  WRAPPING PAPER ,25,2011-05-22 14:03:00,0.42,12705.0,Germany,10.5,2011
528399,84347,ROTATING SILVER ANGELS T-LIGHT HLDR,6,2010-10-22 08:51:00,2.55,14156.0,EIRE,15.299999999999999,2010
523515,21733,RED HANGING HEART T-LIGHT HOLDER,2,2010-09-22 12:44:00,2.95,15039.0,United Kingdom,5.9,2010
528764,21868,POTTING SHED TEA MUG,2,2010-10-24 16:03:00,1.25,16904.0,United Kingdom,2.5,2010
490963,84671B,CROCHET BEAR WITH BLUE STRIPES,1,2009-12-08 15:49:00,5.17,,United Kingdom,5.17,2009
553941,21899,"KEY FOB , GARAGE DESIGN",24,2011-05-20 10:37:00,0.65,14334.0,United Kingdom,15.600000000000001,2011
556917,23167,SMALL CERAMIC TOP STORAGE JAR ,96,2011-06-15 13:37:00,0.69,12415.0,Australia,66.24,2011
530085,21624,VINTAGE UNION JACK DOORSTOP,1,2010-11-01 13:26:00,5.95,17315.0,United Kingdom,5.95,2010
509471,85049B,LUSH GREENS RIBBONS,2,2010-05-24 11:11:00,1.25,17377.0,United Kingdom,2.5,2010
518673,22449,SILK PURSE RUSSIAN DOLL PINK,60,2010-08-10 16:10:00,2.95,14646.0,Netherlands,177.0,2010
555545,23200,JUMBO BAG PEARS,10,2011-06-05 13:08:00,2.08,17735.0,United Kingdom,20.8,2011
539453,22107,PIZZA PLATE IN BOX,2,2010-12-17 17:08:00,7.62,,United Kingdom,15.24,2010
509156,22411,JUMBO SHOPPER VINTAGE RED PAISLEY,2,2010-05-20 13:28:00,1.95,15025.0,United Kingdom,3.9,2010
514984,22476,EMPIRE UNION JACK TV DINNER TRAY,2,2010-07-07 13:50:00,4.95,17841.0,United Kingdom,9.9,2010
566625,35818P,"ACRYLIC JEWEL ICICLE, PINK",36,2011-09-14 09:38:00,0.38,14911.0,EIRE,13.68,2011
517708,21609,SET 12 LAVENDER  BOTANICAL T-LIGHTS,2,2010-08-01 10:09:00,2.95,17243.0,United Kingdom,5.9,2010
509115,21988,PACK OF 6 SKULL PAPER PLATES,24,2010-05-20 11:55:00,0.85,17716.0,United Kingdom,20.4,2010
516161,22040,BOTANICAL ROSE GIFT WRAP,25,2010-07-18 12:01:00,0.42,14563.0,United Kingdom,10.5,2010
528764,20669,RED HEART LUGGAGE TAG,1,2010-10-24 16:03:00,1.25,16904.0,United Kingdom,1.25,2010
519898,20728,LUNCH BAG CARS BLUE,10,2010-08-22 13:10:00,1.65,17578.0,United Kingdom,16.5,2010
576617,22819,"BIRTHDAY CARD, RETRO SPOT",1,2011-11-15 16:57:00,0.42,,United Kingdom,0.42,2011
574228,23515,EMBROIDERED RIBBON REEL DAISY ,6,2011-11-03 12:18:00,2.08,16678.0,United Kingdom,12.48,2011
496024,21506,"FANCY FONT BIRTHDAY CARD, ",12,2010-01-28 14:06:00,0.42,13089.0,United Kingdom,5.04,2010
538880,22900, SET 2 TEA TOWELS I LOVE LONDON ,1,2010-12-14 15:52:00,4.21,,United Kingdom,4.21,2010
550470,21147,JINGLE BELLS TREE DECORATION,1,2011-04-18 13:49:00,2.46,,United Kingdom,2.46,2011
576690,21484,CHICK GREY HOT WATER BOTTLE,1,2011-11-16 12:19:00,4.25,15900.0,United Kingdom,4.25,2011
566949,21175,GIN + TONIC DIET METAL SIGN,1,2011-09-15 16:32:00,4.96,,United Kingdom,4.96,2011
575918,23416,CHAMBRE HOOK,6,2011-11-11 16:58:00,1.65,17191.0,United Kingdom,9.899999999999999,2011
503838,22554,PLASTERS IN TIN WOODLAND ANIMALS,12,2010-04-07 16:22:00,1.65,17738.0,United Kingdom,19.799999999999997,2010
505173,21700,BIG DOUGHNUT FRIDGE MAGNETS,12,2010-04-20 12:58:00,0.85,12983.0,United Kingdom,10.2,2010
504896,20725,LUNCH BAG RED SPOTTY,4,2010-04-18 14:25:00,1.65,17041.0,United Kingdom,6.6,2010
571214,23200,JUMBO BAG PEARS,5,2011-10-14 12:56:00,2.08,14390.0,United Kingdom,10.4,2011
532642,21670,BLUE SPOT CERAMIC DRAWER KNOB,2,2010-11-12 17:00:00,2.51,,United Kingdom,5.02,2010
571281,82011B,BATHROOM SCALES RUBBER DUCKS,8,2011-10-16 13:23:00,2.95,14088.0,United Kingdom,23.6,2011
526610,22139,RETROSPOT TEA SET CERAMIC 11 PC ,3,2010-10-12 12:17:00,4.95,15208.0,United Kingdom,14.850000000000001,2010
527774,22567,20 DOLLY PEGS RETROSPOT,12,2010-10-19 10:41:00,1.25,12982.0,United Kingdom,15.0,2010
506673,22551,PLASTERS IN TIN SPACEBOY,2,2010-04-30 17:33:00,1.65,17602.0,United Kingdom,3.3,2010
548894,84968A,SET OF 16 VINTAGE ROSE CUTLERY,1,2011-04-04 16:01:00,24.96,,United Kingdom,24.96,2011
571441,21948,SET OF 6 CAKE CHOPSTICKS,1,2011-10-17 13:31:00,2.46,14096.0,United Kingdom,2.46,2011
575040,21212,PACK OF 72 RETROSPOT CAKE CASES,24,2011-11-08 11:58:00,0.55,13381.0,United Kingdom,13.200000000000001,2011
580136,23263,SET OF 3 WOODEN HEART DECORATIONS,12,2011-12-01 19:42:00,1.25,17841.0,United Kingdom,15.0,2011
527369,22371,AIRLINE BAG VINTAGE TOKYO 78,4,2010-10-17 11:38:00,4.25,16054.0,United Kingdom,17.0,2010
532180,84947,ANTIQUE SILVER TEA GLASS ENGRAVED,12,2010-11-11 12:23:00,1.25,13199.0,United Kingdom,15.0,2010
542353,22960,JAM MAKING SET WITH JARS,6,2011-01-27 12:19:00,4.25,16700.0,United Kingdom,25.5,2011
496615,22030,SWALLOWS GREETING CARD,1,2010-02-03 08:50:00,0.85,,United Kingdom,0.85,2010
538351,22730,ALARM CLOCK BAKELIKE IVORY,1,2010-12-10 15:17:00,8.47,,United Kingdom,8.47,2010
553389,22383,LUNCH BAG SUKI DESIGN ,1,2011-05-16 16:37:00,4.13,,United Kingdom,4.13,2011
568238,23445,ICE CREAM BUBBLES,20,2011-09-26 12:00:00,0.83,13927.0,United Kingdom,16.599999999999998,2011
574684,23122,PARTY CHARMS 50 PIECES,12,2011-11-06 12:56:00,0.83,17581.0,United Kingdom,9.959999999999999,2011
490745,90040D,MURANO STYLE GLASS BRACELET PINK,1,2009-12-07 18:02:00,3.9,,United Kingdom,3.9,2009
576052,21974,SET OF 36 PAISLEY FLOWER DOILIES,3,2011-11-13 14:48:00,1.45,15787.0,United Kingdom,4.35,2011
567653,84625A,PINK NEW BAROQUECANDLESTICK CANDLE,24,2011-09-21 14:35:00,0.85,12550.0,Spain,20.4,2011
545690,22296,HEART IVORY TRELLIS LARGE,1,2011-03-06 12:46:00,1.65,13263.0,United Kingdom,1.65,2011
538800,21166,COOK WITH WINE METAL SIGN ,12,2010-12-14 11:51:00,1.95,16458.0,United Kingdom,23.4,2010
545587,22616,PACK OF 12 LONDON TISSUES ,12,2011-03-04 09:46:00,0.29,14796.0,United Kingdom,3.4799999999999995,2011
570118,20971,PINK BLUE FELT CRAFT TRINKET BOX,24,2011-10-07 12:44:00,1.25,13276.0,United Kingdom,30.0,2011
563217,23302,KNEELING MAT HOUSEWORK  DESIGN,12,2011-08-14 13:21:00,1.65,13515.0,United Kingdom,19.799999999999997,2011
569843,22082,RIBBON REEL STRIPES DESIGN ,1,2011-10-06 13:29:00,1.65,14449.0,United Kingdom,1.65,2011
535655,21165,BEWARE OF THE CAT METAL SIGN ,2,2010-11-28 11:14:00,1.69,15059.0,United Kingdom,3.38,2010
545338,20796,SMALL BLUE PROVENCAL CERAMIC BALL,4,2011-03-01 17:32:00,1.65,17449.0,United Kingdom,6.6,2011
494640,85040A,S/4 PINK FLOWER CANDLES IN BOWL,12,2010-01-17 11:31:00,1.65,17801.0,United Kingdom,19.799999999999997,2010
508821,22366,DOOR MAT AIRMAIL ,10,2010-05-18 13:23:00,6.35,17044.0,United Kingdom,63.5,2010
504454,20777,CHRYSANTHEMUM NOTEBOOK,1,2010-04-13 15:34:00,1.65,16809.0,United Kingdom,1.65,2010
494920,21156,RED SPOTTY CHILDS APRON,8,2010-01-20 08:48:00,1.95,13457.0,United Kingdom,15.6,2010
560576,21098,CHRISTMAS TOILET ROLL,2,2011-07-19 14:59:00,1.25,17287.0,United Kingdom,2.5,2011
536982,20734,SILVER MINI TAPE MEASURE ,2,2010-12-03 14:27:00,2.51,,United Kingdom,5.02,2010
579002,20986,BLUE CALCULATOR RULER,2,2011-11-27 16:27:00,1.25,14093.0,United Kingdom,2.5,2011
562574,22991,GIRAFFE WOODEN RULER,3,2011-08-07 12:42:00,1.95,14903.0,United Kingdom,5.85,2011
573875,16161G,WRAP BAD HAIR DAY,25,2011-11-01 12:47:00,0.1,15018.0,United Kingdom,2.5,2011
573874,85099B,JUMBO BAG RED RETROSPOT,10,2011-11-01 12:45:00,2.08,13868.0,United Kingdom,20.8,2011
505203,20718,RED SPOTTY SHOPPER BAG,1,2010-04-20 16:24:00,2.51,,United Kingdom,2.51,2010
552013,23075,PARLOUR CERAMIC WALL HOOK,8,2011-05-05 17:34:00,4.15,12451.0,Switzerland,33.2,2011
548604,21901,"KEY FOB , BACK DOOR ",1,2011-04-01 10:58:00,0.65,,United Kingdom,0.65,2011
573143,23290,SPACEBOY CHILDRENS BOWL,8,2011-10-27 17:56:00,1.25,13098.0,United Kingdom,10.0,2011
544040,22722,SET OF 6 SPICE TINS PANTRY DESIGN,3,2011-02-15 11:40:00,3.95,14701.0,United Kingdom,11.850000000000001,2011
503426,22218,CAKE STAND LACE WHITE,1,2010-03-31 17:28:00,8.47,,United Kingdom,8.47,2010
555923,23109,LED TEA LIGHTS,4,2011-06-07 17:09:00,5.79,,United Kingdom,23.16,2011
497232,85180A,RED HEARTS LIGHT CHAIN ,1,2010-02-08 09:34:00,4.65,,United Kingdom,4.65,2010
496054,22367,CHILDS APRON SPACEBOY DESIGN,8,2010-01-28 14:39:00,1.95,15544.0,United Kingdom,15.6,2010
580536,22139,RETROSPOT TEA SET CERAMIC 11 PC ,6,2011-12-04 16:07:00,4.95,12490.0,France,29.700000000000003,2011
546388,21866,UNION JACK FLAG LUGGAGE TAG,2,2011-03-11 13:42:00,3.29,,United Kingdom,6.58,2011
580188,22112,CHOCOLATE HOT WATER BOTTLE,24,2011-12-02 12:02:00,4.25,16440.0,United Kingdom,102.0,2011
519834,22684,"FRENCH BLUE METAL DOOR SIGN, 9",10,2010-08-20 15:20:00,1.25,17675.0,United Kingdom,12.5,2010
573564,22112,CHOCOLATE HOT WATER BOTTLE,3,2011-10-31 13:58:00,4.95,16127.0,United Kingdom,14.850000000000001,2011
575840,22727,ALARM CLOCK BAKELIKE RED ,8,2011-11-11 11:56:00,3.75,13137.0,United Kingdom,30.0,2011
489786,20869,GOLD FABRIC MIRROR,1,2009-12-02 11:52:00,1.25,17019.0,United Kingdom,1.25,2009
573001,23301,GARDENERS KNEELING PAD KEEP CALM ,1,2011-10-27 12:08:00,1.65,12841.0,United Kingdom,1.65,2011
494495,90169,DAISY HAIR COMB,1,2010-01-14 17:43:00,2.54,,United Kingdom,2.54,2010
549262,15044D,RED PAPER PARASOL,1,2011-04-07 12:38:00,2.95,14465.0,United Kingdom,2.95,2011
511690,84676,BATH DUCK WATERING CAN,6,2010-06-09 16:28:00,2.95,17677.0,United Kingdom,17.700000000000003,2010
537642,21257,VICTORIAN SEWING BOX MEDIUM,3,2010-12-07 15:33:00,16.13,,United Kingdom,48.39,2010
527261,21009,ETCHED GLASS STAR TREE DECORATION,24,2010-10-15 12:44:00,1.25,13767.0,United Kingdom,30.0,2010
535978,22086,PAPER CHAIN KIT 50'S CHRISTMAS ,30,2010-11-29 13:00:00,2.95,17049.0,United Kingdom,88.5,2010
553172,23052,RECYCLED ACAPULCO MAT TURQUOISE,4,2011-05-13 17:15:00,8.25,14031.0,United Kingdom,33.0,2011
566577,21948,SET OF 6 CAKE CHOPSTICKS,1,2011-09-13 13:29:00,2.46,,United Kingdom,2.46,2011
514913,22069,BROWN  PIRATE TREASURE CHEST ,1,2010-07-07 11:17:00,3.36,,United Kingdom,3.36,2010
489460,21977,PACK OF 60 PINK PAISLEY CAKE CASES,24,2009-12-01 10:46:00,0.55,16167.0,United Kingdom,13.200000000000001,2009
575875,23100,SILVER BELLS TABLE DECORATION,1,2011-11-11 13:06:00,2.46,,United Kingdom,2.46,2011
494768,84991,60 TEATIME FAIRY CAKE CASES,24,2010-01-18 12:42:00,0.55,18057.0,United Kingdom,13.200000000000001,2010
580135,21485,RETROSPOT HEART HOT WATER BOTTLE,1,2011-12-01 19:33:00,4.95,14702.0,United Kingdom,4.95,2011
577029,84508C,BLUE CIRCLES DESIGN TEDDY,3,2011-11-17 12:59:00,2.55,15563.0,United Kingdom,7.6499999999999995,2011
499765,22189,CREAM HEART CARD HOLDER,1,2010-03-02 13:15:00,8.47,,United Kingdom,8.47,2010
567671,21352,EUCALYPTUS & PINECONE  WREATH,1,2011-09-21 15:34:00,5.79,,United Kingdom,5.79,2011
561076,84406B,CREAM CUPID HEARTS COAT HANGER,12,2011-07-24 15:52:00,4.15,17696.0,United Kingdom,49.800000000000004,2011
496972,21668,RED STRIPE CERAMIC DRAWER KNOB,6,2010-02-04 19:58:00,1.25,15031.0,United Kingdom,7.5,2010
570237,23032,DRAWER KNOB CRACKLE GLAZE IVORY,2,2011-10-09 14:48:00,1.65,13212.0,United Kingdom,3.3,2011
516018,84077,WORLD WAR 2 GLIDERS ASSTD DESIGNS,48,2010-07-16 10:21:00,0.21,17930.0,United Kingdom,10.08,2010
496130,22173,METAL 4 HOOK HANGER FRENCH CHATEAU,8,2010-01-29 11:12:00,2.95,14469.0,United Kingdom,23.6,2010
531768,22551,PLASTERS IN TIN SPACEBOY,1,2010-11-09 14:06:00,1.65,14170.0,United Kingdom,1.65,2010
537036,85135C,RED DRAGONFLY HELICOPTER,1,2010-12-03 17:28:00,7.95,15545.0,United Kingdom,7.95,2010
575873,23209,LUNCH BAG VINTAGE DOILY ,100,2011-11-11 12:53:00,1.45,17677.0,United Kingdom,145.0,2011
530422,21080,SET/20 RED RETROSPOT PAPER NAPKINS ,1,2010-11-03 09:36:00,1.66,,United Kingdom,1.66,2010
501009,21615,4 LAVENDER BOTANICAL DINNER CANDLES,6,2010-03-11 15:27:00,3.25,17448.0,United Kingdom,19.5,2010
559499,21212,PACK OF 72 RETROSPOT CAKE CASES,20,2011-07-08 14:22:00,2.08,,United Kingdom,41.6,2011
506705,90027A,GLASS BEAD HOOP EARRINGS BLACK,1,2010-05-02 14:28:00,2.95,17228.0,United Kingdom,2.95,2010
546659,22382,LUNCH BAG SPACEBOY DESIGN ,10,2011-03-15 14:25:00,1.65,16996.0,United Kingdom,16.5,2011
565117,22771,CLEAR DRAWER KNOB ACRYLIC EDWARDIAN,24,2011-09-01 11:33:00,1.25,13089.0,United Kingdom,30.0,2011
535998,72818,CHRISTMAS DECOUPAGE CANDLE,24,2010-11-29 13:59:00,0.85,16923.0,United Kingdom,20.4,2010
525571,21805,WHITE CHRISTMAS TREE DECORATION ,36,2010-10-06 10:04:00,0.42,13707.0,United Kingdom,15.12,2010
535835,22567,20 DOLLY PEGS RETROSPOT,1,2010-11-29 09:46:00,2.51,,United Kingdom,2.51,2010
544303,84378,SET OF 3 HEART COOKIE CUTTERS,2,2011-02-17 13:28:00,1.25,18116.0,United Kingdom,2.5,2011
489857,21162,TOXIC AREA  DOOR HANGER ,1,2009-12-02 14:43:00,3.43,,United Kingdom,3.43,2009
564372,23352,ROLL WRAP 50'S RED CHRISTMAS ,12,2011-08-25 09:55:00,1.25,12714.0,France,15.0,2011
511018,21669,BLUE STRIPE CERAMIC DRAWER KNOB,11,2010-06-04 15:50:00,2.51,,United Kingdom,27.61,2010
521588,22523,CHILDS GARDEN FORK PINK,12,2010-09-07 12:35:00,0.85,16832.0,United Kingdom,10.2,2010
500462,22431,WATERING CAN BLUE ELEPHANT,1,2010-03-08 12:40:00,4.21,,United Kingdom,4.21,2010
581166,23511,EMBROIDERED RIBBON REEL EMILY ,1,2011-12-07 14:43:00,2.08,15525.0,United Kingdom,2.08,2011
571080,23396,LE JARDIN BOTANIQUE CUSHION COVER,4,2011-10-13 15:19:00,3.75,13719.0,United Kingdom,15.0,2011
573345,23321,SMALL WHITE HEART OF WICKER,4,2011-10-30 12:14:00,1.65,17609.0,United Kingdom,6.6,2011
509569,79320,FLAMINGO LIGHTS,1,2010-05-24 13:26:00,4.95,15518.0,United Kingdom,4.95,2010
522337,21915,RED  HARMONICA IN BOX ,12,2010-09-14 10:34:00,1.25,13440.0,United Kingdom,15.0,2010
566602,22815,CARD PSYCHEDELIC APPLES,1,2011-09-13 16:05:00,0.42,,United Kingdom,0.42,2011
557502,22963,JAM JAR WITH GREEN LID,4,2011-06-20 15:32:00,1.63,,United Kingdom,6.52,2011
503062,21972,SET OF 36 DINOSAUR PAPER DOILIES,1,2010-03-29 16:48:00,1.45,14606.0,United Kingdom,1.45,2010
555149,22997,TRAVEL CARD WALLET UNION JACK,1,2011-05-31 15:49:00,0.83,,United Kingdom,0.83,2011
566451,22385,JUMBO BAG SPACEBOY DESIGN,1,2011-09-12 16:14:00,2.08,18069.0,United Kingdom,2.08,2011
575211,22111,SCOTTIE DOG HOT WATER BOTTLE,2,2011-11-09 10:39:00,4.95,17377.0,United Kingdom,9.9,2011
506556,22189,CREAM HEART CARD HOLDER,1,2010-04-30 11:28:00,3.95,14994.0,United Kingdom,3.95,2010
504623,15056N,EDWARDIAN PARASOL NATURAL,1,2010-04-15 12:10:00,5.95,14656.0,United Kingdom,5.95,2010
551005,47591d,PINK FAIRY CAKE CHILDRENS APRON,1,2011-04-26 09:48:00,4.96,,United Kingdom,4.96,2011
524836,21587,COSY HOUR GIANT TUBE MATCHES,2,2010-09-30 17:30:00,2.55,,United Kingdom,5.1,2010
530437,16235,RECYCLED PENCIL WITH RABBIT ERASER,3,2010-11-03 11:13:00,0.21,15915.0,United Kingdom,0.63,2010
540821,21110,LARGE CAKE TOWEL PINK SPOTS,4,2011-01-11 13:16:00,4.21,,United Kingdom,16.84,2011
544824,22778,GLASS CLOCHE SMALL,4,2011-02-24 09:32:00,3.95,17139.0,United Kingdom,15.8,2011
505076,22275,WEEKEND BAG VINTAGE ROSE PAISLEY,6,2010-04-20 09:29:00,7.65,17850.0,United Kingdom,45.900000000000006,2010
500273,48116,DOOR MAT MULTICOLOUR STRIPE,2,2010-03-05 14:42:00,13.57,,United Kingdom,27.14,2010
519816,22441,GROW YOUR OWN BASIL IN ENAMEL MUG,8,2010-08-20 13:10:00,2.1,15322.0,United Kingdom,16.8,2010
532965,22357,KINGS CHOICE BISCUIT TIN,1,2010-11-15 12:50:00,4.25,15466.0,United Kingdom,4.25,2010
570872,21811,HANGING HEART WITH BELL,3,2011-10-12 16:40:00,0.83,,United Kingdom,2.4899999999999998,2011
522987,90214E,"LETTER ""E"" BLING KEY RING",1,2010-09-19 14:51:00,1.25,17625.0,United Kingdom,1.25,2010
494015,90204,PAIR OF ENAMEL BUTTERFLY HAIRCLIP,1,2010-01-11 09:34:00,3.46,,United Kingdom,3.46,2010
532670,22825,DECORATIVE PLANT POT WITH FRIEZE,2,2010-11-14 11:46:00,7.95,16687.0,United Kingdom,15.9,2010
559774,23321,SMALL WHITE HEART OF WICKER,4,2011-07-12 11:37:00,1.65,18122.0,United Kingdom,6.6,2011
546428,20702,PINK PADDED MOBILE,6,2011-03-13 14:55:00,4.25,12681.0,France,25.5,2011
571286,21770,OPEN CLOSED METAL SIGN,1,2011-10-16 14:35:00,4.95,14547.0,United Kingdom,4.95,2011
517931,21928,JUMBO BAG SCANDINAVIAN PAISLEY,8,2010-08-03 10:42:00,1.95,16161.0,United Kingdom,15.6,2010
492405,21589,SWALLOW GIANT TUBE MATCHES,1,2009-12-16 15:48:00,2.55,15055.0,United Kingdom,2.55,2009
493695,21934,SKULL SHOULDER BAG,1,2010-01-05 13:23:00,1.65,14606.0,United Kingdom,1.65,2010
540458,85014B,RED RETROSPOT UMBRELLA,3,2011-01-07 12:28:00,5.95,12501.0,Germany,17.85,2011
557643,20711,JUMBO BAG TOYS ,2,2011-06-21 16:36:00,4.13,,United Kingdom,8.26,2011
562932,84970S,HANGING HEART ZINC T-LIGHT HOLDER,4,2011-08-10 16:39:00,0.85,16904.0,United Kingdom,3.4,2011
549742,22148,EASTER CRAFT 4 CHICKS ,12,2011-04-12 10:01:00,1.95,12910.0,United Kingdom,23.4,2011
516583,84380,SET OF 3 BUTTERFLY COOKIE CUTTERS,12,2010-07-21 13:22:00,1.25,16416.0,United Kingdom,15.0,2010
570121,21980,PACK OF 12 RED RETROSPOT TISSUES ,24,2011-10-07 12:49:00,0.39,13419.0,United Kingdom,9.36,2011
562417,22384,LUNCH BAG PINK POLKADOT,1,2011-08-04 16:32:00,4.13,,United Kingdom,4.13,2011
567174,21107,CREAM SLICE FLANNEL PINK SPOT ,3,2011-09-18 13:31:00,2.95,16438.0,United Kingdom,8.850000000000001,2011
544839,22241,GARLAND WOODEN HAPPY EASTER,12,2011-02-24 10:50:00,1.25,14841.0,United Kingdom,15.0,2011
578842,23569,TRADTIONAL ALPHABET STAMP SET,1,2011-11-25 16:10:00,4.95,,United Kingdom,4.95,2011
526230,21488,RED WHITE SCARF  HOT WATER BOTTLE,4,2010-10-10 15:27:00,3.95,13362.0,United Kingdom,15.8,2010
502977,48197,DOOR MAT BIRD ON THE WIRE,1,2010-03-29 14:54:00,13.57,,United Kingdom,13.57,2010
564825,22819,"BIRTHDAY CARD, RETRO SPOT",1,2011-08-30 12:26:00,0.42,,United Kingdom,0.42,2011
574076,21509,COWBOYS AND INDIANS BIRTHDAY CARD ,1,2011-11-02 15:38:00,0.83,,United Kingdom,0.83,2011
497876,82494L,WOODEN FRAME ANTIQUE WHITE ,6,2010-02-14 11:04:00,2.95,13050.0,United Kingdom,17.700000000000003,2010
510983,22494,EMERGENCY FIRST AID TIN ,2,2010-06-04 12:23:00,2.51,,United Kingdom,5.02,2010
519115,22596,CHRISTMAS STAR WISH LIST CHALKBOARD,12,2010-08-13 11:59:00,0.85,17639.0,United Kingdom,10.2,2010
539079,22835,HOT WATER BOTTLE I AM SO POORLY,8,2010-12-16 08:39:00,4.65,17496.0,United Kingdom,37.2,2010
501938,21621,VINTAGE UNION JACK BUNTING,30,2010-03-22 11:49:00,8.5,15523.0,United Kingdom,255.0,2010
530652,22502,PICNIC BASKET WICKER SMALL,1,2010-11-04 09:38:00,8.47,,United Kingdom,8.47,2010
577768,90003D,CRYSTAL PAIR HEART HAIR SLIDES,1,2011-11-21 15:18:00,3.73,,United Kingdom,3.73,2011
521495,21278,VINTAGE KITCHEN PRINT PUDDINGS,6,2010-09-06 14:10:00,2.55,13050.0,United Kingdom,15.299999999999999,2010
579132,22555,PLASTERS IN TIN STRONGMAN,2,2011-11-28 12:35:00,1.65,15022.0,United Kingdom,3.3,2011
493404,84902,PINK KNITTED COW STUFFED TOY,1,2009-12-23 15:30:00,4.3,,United Kingdom,4.3,2009
569693,21166,COOK WITH WINE METAL SIGN ,2,2011-10-05 15:18:00,2.08,17837.0,United Kingdom,4.16,2011
563448,22943,CHRISTMAS LIGHTS 10 VINTAGE BAUBLES,6,2011-08-16 14:28:00,4.95,15220.0,United Kingdom,29.700000000000003,2011
493695,84993B,75 BLACK PETIT FOUR CASES,1,2010-01-05 13:23:00,0.42,14606.0,United Kingdom,0.42,2010
527201,22667,RECIPE BOX RETROSPOT ,6,2010-10-15 11:49:00,2.95,13233.0,United Kingdom,17.700000000000003,2010
573380,22585,PACK OF 6 BIRDY GIFT TAGS,9,2011-10-30 14:04:00,1.25,14572.0,United Kingdom,11.25,2011
540468,22317,FIVE CATS HANGING DECORATION,2,2011-01-07 13:55:00,2.51,,United Kingdom,5.02,2011
559636,47590B,PINK HAPPY BIRTHDAY BUNTING,3,2011-07-11 12:01:00,5.45,13058.0,United Kingdom,16.35,2011
526621,21137,BLACK RECORD COVER FRAME,312,2010-10-12 12:31:00,3.39,13777.0,United Kingdom,1057.68,2010
572674,22845,VINTAGE CREAM CAT FOOD CONTAINER,1,2011-10-25 13:17:00,6.35,14173.0,United Kingdom,6.35,2011
509447,22556,PLASTERS IN TIN CIRCUS PARADE ,24,2010-05-24 09:07:00,1.65,12632.0,Germany,39.599999999999994,2010
537219,85036C,ROSE 1 WICK MORRIS BOXED CANDLE,1,2010-12-05 15:47:00,4.25,14081.0,United Kingdom,4.25,2010
547658,85152,HAND OVER THE CHOCOLATE   SIGN ,2,2011-03-24 13:04:00,2.1,13736.0,United Kingdom,4.2,2011
540500,22423,REGENCY CAKESTAND 3 TIER,16,2011-01-09 10:26:00,10.95,15465.0,United Kingdom,175.2,2011
552695,21705,BAG 500g SWIRLY MARBLES,12,2011-05-10 15:31:00,1.65,16320.0,Unspecified,19.799999999999997,2011
502610,22423,REGENCY CAKESTAND 3 TIER,8,2010-03-25 14:06:00,12.75,13408.0,United Kingdom,102.0,2010
517124,22418,10 COLOUR SPACEBOY PEN,24,2010-07-27 09:38:00,0.85,12801.0,Sweden,20.4,2010
509408,22477,WATERING CAN GARDEN MARKER,10,2010-05-23 11:46:00,1.25,16290.0,United Kingdom,12.5,2010
509580,21172,PARTY METAL SIGN ,22,2010-05-24 14:28:00,1.45,17155.0,United Kingdom,31.9,2010
543492,22859,EASTER TIN BUNNY BOUQUET,6,2011-02-09 10:41:00,1.65,12720.0,Germany,9.899999999999999,2011
550452,84559B,3D SHEET OF CAT STICKERS,1,2011-04-18 12:56:00,0.85,14525.0,United Kingdom,0.85,2011
521646,47367B,PAIR PADDED HANGERS PINK CHECK,1,2010-09-07 13:20:00,3.36,,United Kingdom,3.36,2010
540418,37446,MINI CAKE STAND WITH HANGING CAKES,2,2011-01-07 11:04:00,3.36,,United Kingdom,6.72,2011
556812,23112,PARISIENNE CURIO CABINET,1,2011-06-14 17:25:00,14.96,,United Kingdom,14.96,2011
514530,21068,VINTAGE BILLBOARD LOVE/HATE MUG,12,2010-07-05 09:59:00,1.06,17850.0,United Kingdom,12.72,2010
561820,21356,TOAST ITS - FAIRY FLOWER,1,2011-07-29 16:00:00,2.46,,United Kingdom,2.46,2011
520500,22079,RIBBON REEL HEARTS DESIGN ,1,2010-08-26 12:35:00,3.36,,United Kingdom,3.36,2010
555573,22557,PLASTERS IN TIN VINTAGE PAISLEY ,1,2011-06-05 15:46:00,1.65,15349.0,United Kingdom,1.65,2011
524128,21174,POTTERING IN THE SHED METAL SIGN,12,2010-09-27 14:36:00,1.95,13013.0,United Kingdom,23.4,2010
522620,21527,RED RETROSPOT TRADITIONAL TEAPOT ,1,2010-09-15 15:14:00,16.98,,United Kingdom,16.98,2010
533088,22866,HAND WARMER SCOTTY DOG DESIGN,96,2010-11-16 10:05:00,1.85,12357.0,Switzerland,177.60000000000002,2010
578344,22638,SET OF 4 NAPKIN CHARMS CROWNS ,2,2011-11-24 09:21:00,4.96,,United Kingdom,9.92,2011
534238,17084N,FAIRY DREAMS INCENSE ,25,2010-11-22 10:41:00,0.21,17730.0,United Kingdom,5.25,2010
509188,21557,SET OF 6 FUNKY BEAKERS,6,2010-05-20 17:04:00,2.95,12422.0,Switzerland,17.700000000000003,2010
520506,21143,ANTIQUE GLASS HEART DECORATION ,12,2010-08-26 12:52:00,1.95,14911.0,EIRE,23.4,2010
580997,20956,PORCELAIN T-LIGHT HOLDERS ASSORTED,12,2011-12-06 17:23:00,1.25,15023.0,United Kingdom,15.0,2011
517859,21403,BLUE EGG  SPOON,3,2010-08-02 14:02:00,0.42,13357.0,United Kingdom,1.26,2010
523838,C2,CARRIAGE,1,2010-09-24 12:08:00,50.0,14934.0,Channel Islands,50.0,2010
574561,21479,WHITE SKULL HOT WATER BOTTLE ,1,2011-11-04 15:52:00,8.29,,United Kingdom,8.29,2011
522169,21974,SET OF 36 PAISLEY FLOWER DOILIES,3,2010-09-13 11:28:00,2.98,,United Kingdom,8.94,2010
577358,23083,SET 6 PAPER TABLE LANTERN STARS ,3,2011-11-18 15:59:00,7.46,,United Kingdom,22.38,2011
553013,22778,GLASS CLOCHE SMALL,1,2011-05-12 18:19:00,8.29,,United Kingdom,8.29,2011
519358,22393,PAPERWEIGHT VINTAGE COLLAGE,1,2010-08-16 12:36:00,5.06,,United Kingdom,5.06,2010
529156,22756,LARGE YELLOW BABUSHKA NOTEBOOK ,2,2010-10-26 16:47:00,1.25,16549.0,United Kingdom,2.5,2010
501080,21931,JUMBO STORAGE BAG SUKI,1,2010-03-12 11:19:00,4.21,,United Kingdom,4.21,2010
511051,15056N,EDWARDIAN PARASOL NATURAL,1,2010-06-06 12:13:00,5.95,12911.0,United Kingdom,5.95,2010
557787,22174,PHOTO CUBE,1,2011-06-22 16:16:00,1.65,15041.0,United Kingdom,1.65,2011
535423,20668,DISCO BALL CHRISTMAS DECORATION,24,2010-11-26 11:53:00,0.12,17283.0,United Kingdom,2.88,2010
500891,21004,ROSE DU SUD CHILDS APRON,1,2010-03-10 16:24:00,8.47,,United Kingdom,8.47,2010
517856,21257,VICTORIAN SEWING BOX MEDIUM,1,2010-08-02 13:49:00,16.13,,United Kingdom,16.13,2010
531439,21917,SET 12 KIDS  WHITE CHALK STICKS,2,2010-11-08 12:22:00,0.42,12748.0,United Kingdom,0.84,2010
509115,21989,PACK OF 20 SKULL PAPER NAPKINS,24,2010-05-20 11:55:00,0.85,17716.0,United Kingdom,20.4,2010
576062,23508,MINI PLAYING CARDS DOLLY GIRL ,15,2011-11-13 15:30:00,0.42,12867.0,United Kingdom,6.3,2011
558475,21977,PACK OF 60 PINK PAISLEY CAKE CASES,1,2011-06-29 15:58:00,1.25,,United Kingdom,1.25,2011
503823,84509A,SET OF 4 ENGLISH ROSE PLACEMATS,1,2010-04-07 14:59:00,7.62,,United Kingdom,7.62,2010
496801,21173,LOO ROLL  METAL SIGN ,1,2010-02-03 17:06:00,4.21,,United Kingdom,4.21,2010
496032,72728,ROSE SCENT CANDLES IN GLASS,9,2010-01-28 14:16:00,0.85,,United Kingdom,7.6499999999999995,2010
541523,22629,SPACEBOY LUNCH BOX ,1,2011-01-19 10:09:00,1.95,17708.0,United Kingdom,1.95,2011
493761,79323LP,LIGHT PINK CHERRY LIGHTS,24,2010-01-06 14:54:00,5.45,14258.0,United Kingdom,130.8,2010
559807,22979,PANTRY WASHING UP BRUSH,4,2011-07-12 14:48:00,1.45,17841.0,United Kingdom,5.8,2011
522995,85040B,SET/4 BLUE FLOWER CANDLES IN BOWL,2,2010-09-19 15:40:00,1.65,14606.0,United Kingdom,3.3,2010
496232,21936,RED/WHITE SPOT PICNIC BAG,5,2010-01-29 14:21:00,2.95,14249.0,United Kingdom,14.75,2010
526916,84406B,CREAM CUPID HEARTS COAT HANGER,10,2010-10-13 16:20:00,3.25,,United Kingdom,32.5,2010
564754,21820,GLITTER HEART GARLAND WITH BELLS ,3,2011-08-30 10:29:00,7.46,,United Kingdom,22.38,2011
539739,22355,CHARLOTTE BAG SUKI DESIGN,20,2010-12-21 15:19:00,2.51,,United Kingdom,50.199999999999996,2010
508175,21547,CERAMIC BIRDHOUSE CRESTED TIT SMALL,1,2010-05-13 11:58:00,2.95,14714.0,United Kingdom,2.95,2010
565244,23202,JUMBO BAG VINTAGE LEAF,10,2011-09-02 10:21:00,2.08,16735.0,United Kingdom,20.8,2011
509867,21610,SET 12 PEAR BOTANICAL T-LIGHTS,6,2010-05-26 10:41:00,2.95,15750.0,United Kingdom,17.700000000000003,2010
565928,22907,PACK OF 20 NAPKINS PANTRY DESIGN,12,2011-09-08 10:09:00,0.85,,EIRE,10.2,2011
526405,22951,60 CAKE CASES DOLLY GIRL DESIGN,3,2010-10-11 13:53:00,1.28,,United Kingdom,3.84,2010
506384,20972,PINK CREAM FELT CRAFT TRINKET BOX ,7,2010-04-29 12:37:00,1.25,14680.0,United Kingdom,8.75,2010
569396,22604,SET OF 4 NAPKIN CHARMS CUTLERY,10,2011-10-03 17:48:00,2.55,16441.0,United Kingdom,25.5,2011
572037,23661,MILK MAIDS MUG ,4,2011-10-20 12:07:00,1.65,17365.0,United Kingdom,6.6,2011
578811,23291,DOLLY GIRL CHILDRENS CUP,8,2011-11-25 13:28:00,1.25,12438.0,Norway,10.0,2011
499638,90184A,AMBER CHUNKY BEAD BRACELET W STRAP,1,2010-03-01 13:45:00,9.34,,United Kingdom,9.34,2010
579508,22082,RIBBON REEL STRIPES DESIGN ,5,2011-11-29 16:33:00,3.29,,United Kingdom,16.45,2011
540496,22718,CARD CAT AND TREE ,12,2011-01-07 17:18:00,0.42,15485.0,United Kingdom,5.04,2011
498446,21498,RED SPOTS  WRAP ,25,2010-02-19 10:16:00,0.42,13093.0,United Kingdom,10.5,2010
491435,21232,STRAWBERRY CERAMIC TRINKET BOX,2,2009-12-11 10:10:00,1.25,14606.0,United Kingdom,2.5,2009
563450,23201,JUMBO BAG ALPHABET,30,2011-08-16 14:33:00,2.08,16523.0,United Kingdom,62.400000000000006,2011
534389,82482,WOODEN PICTURE FRAME WHITE FINISH,15,2010-11-22 13:02:00,2.55,,United Kingdom,38.25,2010
512589,20670,VIP HOLIDAY PURSE,1,2010-06-16 16:04:00,2.51,,United Kingdom,2.51,2010
519805,20985,HEART CALCULATOR,12,2010-08-20 12:31:00,1.25,15124.0,United Kingdom,15.0,2010
572887,23009,I LOVE LONDON BABY GIFT SET,1,2011-10-26 13:47:00,16.95,12362.0,Belgium,16.95,2011
507292,85165,CANDY PINK FRENCH BOUDOIR CLOCK,1,2010-05-07 14:28:00,8.47,,United Kingdom,8.47,2010
533506,22706,WRAP COWBOYS  ,25,2010-11-17 14:20:00,0.42,14152.0,United Kingdom,10.5,2010
571912,23035,DRAWER KNOB CERAMIC IVORY,12,2011-10-19 15:26:00,1.45,17512.0,United Kingdom,17.4,2011
543546,21192,WHITE BELL HONEYCOMB PAPER ,11,2011-02-09 16:52:00,3.29,,United Kingdom,36.19,2011
554920,22983,CARD BILLBOARD FONT,12,2011-05-27 12:41:00,0.42,16275.0,United Kingdom,5.04,2011
550274,22088,PAPER BUNTING COLOURED LACE,6,2011-04-15 12:23:00,2.95,15498.0,United Kingdom,17.700000000000003,2011
577019,22865,HAND WARMER OWL DESIGN,12,2011-11-17 12:30:00,2.1,14112.0,United Kingdom,25.200000000000003,2011
566729,21430,SET/3 RED GINGHAM ROSE STORAGE BOX,12,2011-09-14 13:23:00,3.75,14562.0,United Kingdom,45.0,2011
568519,22621,TRADITIONAL KNITTING NANCY,12,2011-09-27 12:57:00,1.65,16607.0,United Kingdom,19.799999999999997,2011
556792,21329,DINOSAURS  WRITING SET ,1,2011-06-14 13:52:00,1.65,17043.0,United Kingdom,1.65,2011
564371,20726,LUNCH BAG WOODLAND,10,2011-08-25 09:53:00,1.65,17705.0,United Kingdom,16.5,2011
509018,84692,BOX OF 24 COCKTAIL PARASOLS,10,2010-05-19 14:00:00,0.42,12748.0,United Kingdom,4.2,2010
513574,22457,NATURAL SLATE HEART CHALKBOARD ,3,2010-06-25 15:13:00,5.91,,United Kingdom,17.73,2010
578998,22470,HEART OF WICKER LARGE,1,2011-11-27 16:05:00,2.95,15436.0,United Kingdom,2.95,2011
580482,23035,DRAWER KNOB CERAMIC IVORY,6,2011-12-04 12:44:00,1.45,16033.0,United Kingdom,8.7,2011
490490,21901,"KEY FOB , BACK DOOR ",4,2009-12-06 13:10:00,0.65,14546.0,United Kingdom,2.6,2009
503433,21672,WHITE SPOT RED CERAMIC DRAWER KNOB,12,2010-04-01 08:43:00,1.25,12609.0,Germany,15.0,2010
549628,84596B,SMALL DOLLY MIX DESIGN ORANGE BOWL,144,2011-04-11 11:43:00,0.42,13798.0,United Kingdom,60.48,2011
502236,35004C,SET OF 3 COLOURED  FLYING DUCKS,12,2010-03-23 12:44:00,4.65,14160.0,United Kingdom,55.800000000000004,2010
495343,22273,FELTCRAFT DOLL MOLLY,1,2010-01-22 18:05:00,5.91,,United Kingdom,5.91,2010
499173,35809A,ENAMEL PINK TEA CONTAINER,18,2010-02-25 10:06:00,2.1,18268.0,United Kingdom,37.800000000000004,2010
509161,22558,CLOTHES PEGS RETROSPOT PACK 24 ,5,2010-05-20 13:42:00,1.25,14850.0,United Kingdom,6.25,2010
538421,22746,POPPY'S PLAYHOUSE LIVINGROOM ,1,2010-12-12 12:08:00,2.1,17917.0,United Kingdom,2.1,2010
569261,23079,TOADSTOOL BEDSIDE LIGHT ,1,2011-10-03 11:34:00,8.95,17321.0,United Kingdom,8.95,2011
534438,20984,12 PENCILS TALL TUBE POSY,1,2010-11-22 15:08:00,0.85,17894.0,United Kingdom,0.85,2010
547826,22412,METAL SIGN NEIGHBOURHOOD WITCH ,12,2011-03-25 15:08:00,2.1,18078.0,United Kingdom,25.200000000000003,2011
520700,22297,HEART IVORY TRELLIS SMALL,4,2010-08-29 11:31:00,1.25,15976.0,United Kingdom,5.0,2010
521617,22408,MONEY BOX CONFECTIONERY DESIGN,24,2010-09-07 12:53:00,1.25,16336.0,United Kingdom,30.0,2010
556092,84509a,SET OF 4 ENGLISH ROSE PLACEMATS,1,2011-06-08 15:25:00,7.46,,United Kingdom,7.46,2011
507478,21763,VINTAGE WOODEN BAR STOOL,1,2010-05-10 11:32:00,29.95,14911.0,EIRE,29.95,2010
515192,85099B,JUMBO BAG RED RETROSPOT,70,2010-07-09 10:26:00,1.95,18225.0,United Kingdom,136.5,2010
544766,15056n,EDWARDIAN PARASOL NATURAL,1,2011-02-23 11:09:00,12.46,,United Kingdom,12.46,2011
578015,22577,WOODEN HEART CHRISTMAS SCANDINAVIAN,48,2011-11-22 12:58:00,0.29,12971.0,United Kingdom,13.919999999999998,2011
553874,23134,LARGE ZINC HEART WALL ORGANISER,2,2011-05-19 14:44:00,8.25,15660.0,United Kingdom,16.5,2011
580980,22865,HAND WARMER OWL DESIGN,24,2011-12-06 15:43:00,2.1,17730.0,United Kingdom,50.400000000000006,2011
562652,22845,VINTAGE CREAM CAT FOOD CONTAINER,2,2011-08-08 13:34:00,6.35,14844.0,United Kingdom,12.7,2011
578211,20777,CHRYSANTHEMUM NOTEBOOK,1,2011-11-23 11:47:00,1.65,12748.0,United Kingdom,1.65,2011
573814,15036,ASSORTED COLOURS SILK FAN,12,2011-11-01 11:31:00,0.83,13268.0,United Kingdom,9.959999999999999,2011
502592,22276,WASH BAG VINTAGE ROSE PAISLEY,6,2010-03-25 13:02:00,2.55,13995.0,United Kingdom,15.299999999999999,2010
576889,23265,SET OF 3 WOODEN TREE DECORATIONS,1,2011-11-16 17:24:00,1.25,12748.0,United Kingdom,1.25,2011
581023,84997d,CHILDRENS CUTLERY POLKADOT PINK,1,2011-12-07 10:35:00,8.29,,United Kingdom,8.29,2011
543201,22668,PINK BABY BUNTING,1,2011-02-04 13:03:00,5.79,,United Kingdom,5.79,2011
575117,22470,HEART OF WICKER LARGE,1,2011-11-08 14:22:00,2.95,12748.0,United Kingdom,2.95,2011
541516,21670,BLUE SPOT CERAMIC DRAWER KNOB,2,2011-01-18 17:34:00,2.46,,United Kingdom,4.92,2011
512270,85103,SILVER T-LIGHT SETTING,12,2010-06-14 13:27:00,5.95,15361.0,United Kingdom,71.4,2010
512585,21830,ASSORTED CREEPY CRAWLIES,24,2010-06-16 15:27:00,0.42,15867.0,United Kingdom,10.08,2010
559894,22327,ROUND SNACK BOXES SET OF 4 SKULLS,1,2011-07-13 12:06:00,2.95,14159.0,United Kingdom,2.95,2011
543182,22398,MAGNETS PACK OF 4 SWALLOWS,2,2011-02-04 10:40:00,2.46,,United Kingdom,4.92,2011
554365,22024,RAINY LADIES BIRTHDAY CARD,12,2011-05-24 10:22:00,0.42,13089.0,United Kingdom,5.04,2011
566452,23157,SET OF 6 NATIVITY MAGNETS ,1,2011-09-12 16:14:00,2.08,14901.0,United Kingdom,2.08,2011
549102,21212,PACK OF 72 RETROSPOT CAKE CASES,24,2011-04-06 11:34:00,0.55,13266.0,United Kingdom,13.200000000000001,2011
579124,23439,HAND WARMER RED LOVE HEART,2,2011-11-28 12:14:00,2.1,15721.0,United Kingdom,4.2,2011
579430,22151,PLACE SETTING WHITE HEART,2,2011-11-29 13:06:00,0.42,12748.0,United Kingdom,0.84,2011
575917,22866,HAND WARMER SCOTTY DOG DESIGN,12,2011-11-11 16:57:00,2.1,13895.0,United Kingdom,25.200000000000003,2011
531825,22147,FELTCRAFT BUTTERFLY HEARTS,12,2010-11-09 17:41:00,1.45,16571.0,United Kingdom,17.4,2010
580730,22541,MINI JIGSAW LEAP FROG,1,2011-12-05 17:28:00,0.83,,United Kingdom,0.83,2011
548706,22189,CREAM HEART CARD HOLDER,12,2011-04-03 11:51:00,3.95,13408.0,United Kingdom,47.400000000000006,2011
498517,21710,FOLDING UMBRELLA  PINK/WHITE  SPOT,4,2010-02-19 12:34:00,4.95,15808.0,United Kingdom,19.8,2010
571920,37468,HARDMAN MUG 3 ASSORTED,1,2011-10-19 16:16:00,0.39,14799.0,United Kingdom,0.39,2011
543182,22639,SET OF 4 NAPKIN CHARMS HEARTS,3,2011-02-04 10:40:00,4.96,,United Kingdom,14.879999999999999,2011
549360,23050,RECYCLED ACAPULCO MAT GREEN,2,2011-04-08 11:23:00,8.25,17035.0,United Kingdom,16.5,2011
521024,21918,SET 12 KIDS COLOUR  CHALK STICKS,24,2010-09-01 15:21:00,0.42,,United Arab Emirates,10.08,2010
514391,21974,SET OF 36 PAISLEY FLOWER DOILIES,12,2010-07-02 11:59:00,1.45,12921.0,United Kingdom,17.4,2010
538149,21658,GLASS  BEURRE DISH,1,2010-12-09 16:27:00,8.47,,United Kingdom,8.47,2010
576618,23697,A PRETTY THANK YOU CARD,1,2011-11-15 17:00:00,0.83,,United Kingdom,0.83,2011
572676,22728,ALARM CLOCK BAKELIKE PINK,8,2011-10-25 13:30:00,3.75,16258.0,United Kingdom,30.0,2011
540278,82583,HOT BATHS METAL SIGN,2,2011-01-06 12:31:00,2.1,15719.0,United Kingdom,4.2,2011
492303,84371,BIG PINK POODLE,1,2009-12-16 11:57:00,21.7,,United Kingdom,21.7,2009
560883,84857B,BLUE MONTE CARLO HANDBAG,24,2011-07-21 16:10:00,1.95,13694.0,United Kingdom,46.8,2011
508188,22188,BLACK HEART CARD HOLDER,4,2010-05-13 13:10:00,3.95,15597.0,United Kingdom,15.8,2010
525764,22357,KINGS CHOICE BISCUIT TIN,4,2010-10-07 10:39:00,4.25,12511.0,Greece,17.0,2010
490080,44230,SQUARE MIRROR CURTAIN,4,2009-12-03 15:20:00,7.95,13531.0,United Kingdom,31.8,2009
556179,22984,CARD GINGHAM ROSE ,36,2011-06-09 11:27:00,0.42,13756.0,United Kingdom,15.12,2011
557627,22728,ALARM CLOCK BAKELIKE PINK,4,2011-06-21 14:30:00,3.75,12583.0,France,15.0,2011
559518,22652,TRAVEL SEWING KIT,1,2011-07-08 16:11:00,4.13,,United Kingdom,4.13,2011
537823,22646,CERAMIC STRAWBERRY CAKE MONEY BANK,2,2010-12-08 14:25:00,3.36,,United Kingdom,6.72,2010
491043,84578,ELEPHANT TOY WITH BLUE T-SHIRT,2,2009-12-09 09:51:00,4.3,,United Kingdom,8.6,2009
526759,22158,3 HEARTS HANGING DECORATION RUSTIC,8,2010-10-13 10:46:00,2.95,18075.0,United Kingdom,23.6,2010
518333,22423,REGENCY CAKESTAND 3 TIER,16,2010-08-06 12:41:00,10.95,15808.0,United Kingdom,175.2,2010
522291,22449,SILK PURSE BABUSHKA PINK,6,2010-09-13 14:26:00,3.35,16625.0,United Kingdom,20.1,2010
532382,85036A,GARDENIA 1 WICK MORRIS BOXED CANDLE,3,2010-11-11 18:24:00,4.25,16081.0,United Kingdom,12.75,2010
581219,84580,MOUSE TOY WITH PINK T-SHIRT,1,2011-12-08 09:28:00,4.13,,United Kingdom,4.13,2011
580983,72799E,IVORY PILLAR CANDLE SILVER FLOCK,2,2011-12-06 16:26:00,3.29,,United Kingdom,6.58,2011
539581,21041,RED RETROSPOT OVEN GLOVE DOUBLE,6,2010-12-20 12:51:00,2.95,16143.0,United Kingdom,17.700000000000003,2010
501469,21623,VINTAGE UNION JACK MEMOBOARD,2,2010-03-16 16:01:00,9.95,14399.0,United Kingdom,19.9,2010
580893,23301,GARDENERS KNEELING PAD KEEP CALM ,1,2011-12-06 12:38:00,1.65,17290.0,United Kingdom,1.65,2011
552724,22028,PENNY FARTHING BIRTHDAY CARD,12,2011-05-11 10:29:00,0.42,13418.0,United Kingdom,5.04,2011
495239,46776A,WOVEN BUBBLE GUM CUSHION COVER,5,2010-01-22 10:01:00,4.21,,United Kingdom,21.05,2010
547651,21770,OPEN CLOSED METAL SIGN,2,2011-03-24 12:11:00,4.95,16904.0,United Kingdom,9.9,2011
504093,22449,SILK PURSE RUSSIAN DOLL PINK,6,2010-04-09 13:07:00,3.35,13080.0,United Kingdom,20.1,2010
574023,21810,CHRISTMAS HANGING STAR WITH BELL,48,2011-11-02 12:20:00,0.39,14390.0,United Kingdom,18.72,2011
550541,85150,LADIES & GENTLEMEN METAL SIGN,1,2011-04-19 11:33:00,4.96,,United Kingdom,4.96,2011
537215,85062,PEARL CRYSTAL PUMPKIN T-LIGHT HLDR,24,2010-12-05 15:38:00,1.65,12747.0,United Kingdom,39.599999999999994,2010
567183,23426,METAL SIGN DROP YOUR PANTS,3,2011-09-18 15:32:00,2.89,14769.0,United Kingdom,8.67,2011
580632,21212,PACK OF 72 RETROSPOT CAKE CASES,3,2011-12-05 12:16:00,0.55,16360.0,United Kingdom,1.6500000000000001,2011
535104,72351B,SET/6 PINK  BUTTERFLY T-LIGHTS,72,2010-11-25 11:04:00,1.69,16684.0,United Kingdom,121.67999999999999,2010
509444,82578,KITCHEN METAL SIGN,12,2010-05-24 08:34:00,0.55,18060.0,United Kingdom,6.6000000000000005,2010
519188,21755,LOVE BUILDING BLOCK WORD,5,2010-08-13 16:17:00,5.95,14693.0,United Kingdom,29.75,2010
554096,85032C,CURIOUS IMAGES GIFT WRAP SET,24,2011-05-22 12:51:00,0.65,14921.0,United Kingdom,15.600000000000001,2011
542276,22606,WOODEN SKITTLES GARDEN SET,8,2011-01-27 10:19:00,12.75,12764.0,Lebanon,102.0,2011
515916,21731,RED TOADSTOOL LED NIGHT LIGHT,1,2010-07-15 13:32:00,1.65,15542.0,United Kingdom,1.65,2010
545188,22522,CHILDS GARDEN FORK BLUE ,2,2011-02-28 15:19:00,0.85,14056.0,United Kingdom,1.7,2011
525458,22197,SMALL POPCORN HOLDER,2,2010-10-05 14:45:00,1.66,,United Kingdom,3.32,2010
513732,84077,WORLD WAR 2 GLIDERS ASSTD DESIGNS,48,2010-06-28 12:04:00,0.21,15791.0,United Kingdom,10.08,2010
545545,84520B,PACK 20 ENGLISH ROSE PAPER NAPKINS,2,2011-03-03 15:02:00,0.85,17841.0,United Kingdom,1.7,2011
578364,22620,4 TRADITIONAL SPINNING TOPS,24,2011-11-24 10:42:00,1.45,13588.0,United Kingdom,34.8,2011
557770,22219,LOVEBIRD HANGING DECORATION WHITE ,12,2011-06-22 14:41:00,0.85,14643.0,United Kingdom,10.2,2011
502866,20669,RED HEART LUGGAGE TAG,2,2010-03-28 15:45:00,1.25,16549.0,United Kingdom,2.5,2010
548984,21181,PLEASE ONE PERSON METAL SIGN,6,2011-04-05 12:37:00,2.1,14546.0,United Kingdom,12.600000000000001,2011
549554,21936,RED RETROSPOT PICNIC BAG,5,2011-04-10 12:36:00,2.95,16779.0,United Kingdom,14.75,2011
551162,84375,SET OF 20 KIDS COOKIE CUTTERS,12,2011-04-26 15:45:00,1.85,12901.0,United Kingdom,22.200000000000003,2011
503344,22149,FELTCRAFT 6 FLOWER FRIENDS,2,2010-03-31 13:15:00,2.1,15454.0,United Kingdom,4.2,2010
556447,21878,PACK OF 6 SANDCASTLE FLAGS ASSORTED,48,2011-06-10 15:37:00,0.85,15632.0,United Kingdom,40.8,2011
528113,79144B,PAINTED LIGHTBULB STAR+ MOON,6,2010-10-20 14:22:00,0.42,16642.0,United Kingdom,2.52,2010
508508,21116,OWL DOORSTOP,3,2010-05-17 09:03:00,4.95,14112.0,United Kingdom,14.850000000000001,2010
504933,21272,SALLE DE BAIN HOOK,2,2010-04-19 11:13:00,2.51,,United Kingdom,5.02,2010
574260,22114,HOT WATER BOTTLE TEA AND SYMPATHY,4,2011-11-03 13:58:00,4.25,13014.0,United Kingdom,17.0,2011
568531,22750,FELTCRAFT PRINCESS LOLA DOLL,1,2011-09-27 13:49:00,3.75,16713.0,United Kingdom,3.75,2011
504677,22411,JUMBO SHOPPER VINTAGE RED PAISLEY,5,2010-04-15 15:33:00,1.95,15898.0,United Kingdom,9.75,2010
539451,22722,SET OF 6 SPICE TINS PANTRY DESIGN,10,2010-12-17 16:59:00,8.47,,United Kingdom,84.7,2010
534870,21888,BINGO SET,1,2010-11-24 14:29:00,3.75,17601.0,United Kingdom,3.75,2010
489682,22273,FELTCRAFT DOLL MOLLY,6,2009-12-02 10:08:00,2.95,15759.0,United Kingdom,17.700000000000003,2009
501795,21534,DAIRY MAID LARGE MILK JUG,1,2010-03-19 13:41:00,4.95,16508.0,United Kingdom,4.95,2010
571035,23284,DOORMAT KEEP CALM AND COME IN,2,2011-10-13 12:50:00,8.25,12446.0,RSA,16.5,2011
526230,21415,CLAM SHELL SMALL ,6,2010-10-10 15:27:00,2.1,13362.0,United Kingdom,12.600000000000001,2010
571714,35970,ZINC FOLKART SLEIGH BELLS,2,2011-10-18 17:00:00,4.13,,United Kingdom,8.26,2011
553462,22423,REGENCY CAKESTAND 3 TIER,8,2011-05-17 10:57:00,12.75,17147.0,United Kingdom,102.0,2011
553747,23110,PARISIENNE KEY CABINET ,2,2011-05-19 09:47:00,5.75,13627.0,United Kingdom,11.5,2011
560234,23203,JUMBO BAG DOILEY PATTERNS,100,2011-07-17 11:21:00,1.79,16180.0,United Kingdom,179.0,2011
571732,22726,ALARM CLOCK BAKELIKE GREEN,4,2011-10-19 09:58:00,3.75,16298.0,United Kingdom,15.0,2011
568672,20972,PINK CREAM FELT CRAFT TRINKET BOX ,12,2011-09-28 13:17:00,1.25,15348.0,United Kingdom,15.0,2011
494147,82567,"AIRLINE LOUNGE,METAL SIGN",2,2010-01-11 14:39:00,1.66,,United Kingdom,3.32,2010
576329,23271,CHRISTMAS TABLE SILVER CANDLE SPIKE,2,2011-11-14 15:22:00,1.63,,United Kingdom,3.26,2011
542255,21035,SET/2 RED RETROSPOT TEA TOWELS ,1,2011-01-26 16:43:00,5.79,,United Kingdom,5.79,2011
518562,22139,RETRO SPOT TEA SET CERAMIC 11 PC ,3,2010-08-10 10:29:00,4.95,13476.0,United Kingdom,14.850000000000001,2010
570091,16008,SMALL FOLDING SCISSOR(POINTED EDGE),24,2011-10-07 11:47:00,0.12,15632.0,United Kingdom,2.88,2011
551058,22697,GREEN REGENCY TEACUP AND SAUCER,1,2011-04-26 12:07:00,2.95,14606.0,United Kingdom,2.95,2011
513816,85099F,JUMBO BAG STRAWBERRY,10,2010-06-29 10:06:00,1.95,16835.0,United Kingdom,19.5,2010
544161,22813,PACK 3 BOXES BIRD PANNETONE ,12,2011-02-16 12:59:00,1.95,16875.0,United Kingdom,23.4,2011
572735,22720,SET OF 3 CAKE TINS PANTRY DESIGN ,3,2011-10-25 15:36:00,4.95,15630.0,United Kingdom,14.850000000000001,2011
520366,20717,STRAWBERRY SHOPPER BAG,5,2010-08-25 14:20:00,1.25,,United Kingdom,6.25,2010
525902,22591,CARDHOLDER GINGHAM CHRISTMAS TREE,6,2010-10-07 15:44:00,2.55,16166.0,United Kingdom,15.299999999999999,2010
541800,20676,RED RETROSPOT BOWL,8,2011-01-21 14:38:00,1.25,15235.0,United Kingdom,10.0,2011
568044,23319,BOX OF 6 MINI 50'S CRACKERS,6,2011-09-23 12:10:00,2.49,15763.0,United Kingdom,14.940000000000001,2011
550320,20977,36 PENCILS TUBE WOODLAND,4,2011-04-17 12:38:00,1.25,12748.0,United Kingdom,5.0,2011
575840,20914,SET/5 RED RETROSPOT LID GLASS BOWLS,3,2011-11-11 11:56:00,2.95,13137.0,United Kingdom,8.850000000000001,2011
568346,90087,CRYSTAL SEA HORSE PHONE CHARM,1,2011-09-26 15:28:00,1.63,14096.0,United Kingdom,1.63,2011
576837,23234,BISCUIT TIN VINTAGE CHRISTMAS,2,2011-11-16 15:16:00,5.79,,United Kingdom,11.58,2011
504916,22359,GLASS JAR KINGS CHOICE,1,2010-04-19 10:28:00,5.91,,United Kingdom,5.91,2010
552671,22352,LUNCH BOX WITH CUTLERY RETROSPOT ,1,2011-05-10 15:06:00,4.96,,United Kingdom,4.96,2011
513292,20983,12 PENCILS TALL TUBE RED SPOTTY,12,2010-06-23 14:14:00,0.85,14621.0,United Kingdom,10.2,2010
507149,21130,COLOURFUL STANDING GNOME,12,2010-05-06 13:12:00,3.45,13102.0,United Kingdom,41.400000000000006,2010
564725,22097,SWALLOW SQUARE TISSUE BOX,1,2011-08-28 12:28:00,0.39,18041.0,United Kingdom,0.39,2011
536012,21844,RED RETROSPOT MUG,6,2010-11-29 15:23:00,2.95,12351.0,Unspecified,17.700000000000003,2010
577869,22892,SET OF SALT AND PEPPER TOADSTOOLS,6,2011-11-22 11:34:00,1.25,13268.0,United Kingdom,7.5,2011
501539,21357,TOAST ITS - DINOSAUR,6,2010-03-17 14:05:00,1.25,13275.0,United Kingdom,7.5,2010
562444,21916,SET 12 RETRO WHITE CHALK STICKS,6,2011-08-04 18:44:00,0.42,14713.0,United Kingdom,2.52,2011
551516,21791,VINTAGE HEADS AND TAILS CARD GAME ,2,2011-05-01 11:10:00,1.25,14800.0,United Kingdom,2.5,2011
524330,22904,CALENDAR PAPER CUT DESIGN,1,2010-09-28 15:23:00,2.95,13110.0,United Kingdom,2.95,2010
520952,22682,"FRENCH BLUE METAL DOOR SIGN, 7",6,2010-09-01 11:43:00,1.25,14901.0,United Kingdom,7.5,2010
547934,20676,RED RETROSPOT BOWL,8,2011-03-28 14:07:00,1.25,12474.0,Germany,10.0,2011
571212,23263,SET OF 3 WOODEN HEART DECORATIONS,3,2011-10-14 12:53:00,1.25,12856.0,United Kingdom,3.75,2011
491097,20985,HEART CALCULATOR,1,2009-12-09 14:01:00,1.25,17296.0,United Kingdom,1.25,2009
538149,21192,WHITE BELL HONEYCOMB PAPER ,2,2010-12-09 16:27:00,3.36,,United Kingdom,6.72,2010
556080,21484,CHICK GREY HOT WATER BOTTLE,4,2011-06-08 15:21:00,8.29,,United Kingdom,33.16,2011
534859,22030,SWALLOWS GREETING CARD,1,2010-11-24 13:56:00,0.85,,United Kingdom,0.85,2010
494382,21509,COWBOYS AND INDIANS BIRTHDAY CARD ,1,2010-01-13 17:51:00,0.84,,United Kingdom,0.84,2010
526659,21484,CHICK GREY HOT WATER BOTTLE,1,2010-10-12 15:04:00,3.45,15570.0,United Kingdom,3.45,2010
516194,82616A,BUBBLE GUM SCARF KNITTING KIT,48,2010-07-19 10:04:00,1.25,13881.0,United Kingdom,60.0,2010
572461,23198,PANTRY MAGNETIC  SHOPPING LIST,1,2011-10-24 12:56:00,1.45,17344.0,United Kingdom,1.45,2011
501625,22176,BLUE OWL SOFT TOY,1,2010-03-18 11:40:00,2.95,15918.0,United Kingdom,2.95,2010
579751,23493,VINTAGE DOILY TRAVEL SEWING KIT,10,2011-11-30 14:46:00,3.29,,United Kingdom,32.9,2011
531437,22652,TRAVEL SEWING KIT,10,2010-11-08 12:20:00,1.65,13377.0,United Kingdom,16.5,2010
529988,22581,WOOD STOCKING CHRISTMAS SCANDISPOT,12,2010-10-31 15:58:00,0.85,18226.0,United Kingdom,10.2,2010
543467,22171,3 HOOK PHOTO SHELF ANTIQUE WHITE,1,2011-02-08 14:35:00,16.63,,United Kingdom,16.63,2011
570225,22745,POPPY'S PLAYHOUSE BEDROOM ,1,2011-10-09 13:15:00,2.1,16595.0,United Kingdom,2.1,2011
575853,23457,LARGE PARLOUR FRAME,3,2011-11-11 12:18:00,4.95,16912.0,United Kingdom,14.850000000000001,2011
552446,21746,SMALL RED RETROSPOT WINDMILL,2,2011-05-09 13:28:00,1.25,16729.0,United Kingdom,2.5,2011
577010,22436,12 COLOURED PARTY BALLOONS,3,2011-11-17 12:11:00,0.65,15506.0,United Kingdom,1.9500000000000002,2011
500336,21033,JUMBO BAG CHARLIE AND LOLA TOYS,2,2010-03-07 13:48:00,2.95,17589.0,United Kingdom,5.9,2010
504934,22382,LUNCH BAG SPACEBOY DESIGN ,6,2010-04-19 11:15:00,1.45,17850.0,United Kingdom,8.7,2010
496313,47599A,PINK PARTY BAGS,3,2010-01-31 12:15:00,2.1,15013.0,United Kingdom,6.300000000000001,2010
579692,23165,LARGE CERAMIC TOP STORAGE JAR,48,2011-11-30 14:05:00,1.45,12433.0,Norway,69.6,2011
539403,21272,SALLE DE BAIN HOOK,12,2010-12-17 12:21:00,1.25,12647.0,Germany,15.0,2010
491659,20914,SET/5 RED SPOTTY LID GLASS BOWLS,6,2009-12-13 11:11:00,2.95,13317.0,United Kingdom,17.700000000000003,2009
571306,23373,VINTAGE CHRISTMAS PAPER GIFT BAG,30,2011-10-17 09:57:00,0.82,16701.0,United Kingdom,24.599999999999998,2011
531260,22747,POPPY'S PLAYHOUSE BATHROOM,4,2010-11-07 11:44:00,2.1,18083.0,United Kingdom,8.4,2010
568719,23293,SET OF 12 FAIRY CAKE BAKING CASES,2,2011-09-28 16:19:00,2.46,,United Kingdom,4.92,2011
496487,21669,BLUE STRIPE CERAMIC DRAWER KNOB,1,2010-02-01 17:13:00,2.51,,United Kingdom,2.51,2010
550464,21380,WOODEN HAPPY BIRTHDAY GARLAND,4,2011-04-18 13:30:00,2.95,16550.0,United Kingdom,11.8,2011
567668,23300,GARDENERS KNEELING PAD CUP OF TEA ,2,2011-09-21 15:29:00,3.29,,United Kingdom,6.58,2011
566194,21976,PACK OF 60 MUSHROOM CAKE CASES,1,2011-09-09 13:42:00,0.55,14711.0,United Kingdom,0.55,2011
492794,21109,"LARGE CAKE TOWEL, CHOCOLATE SPOTS",2,2009-12-20 10:41:00,6.75,13847.0,United Kingdom,13.5,2009
522995,35970,ZINC FOLKART SLEIGH BELLS,6,2010-09-19 15:40:00,1.69,14606.0,United Kingdom,10.14,2010
577768,22978,PANTRY ROLLING PIN,1,2011-11-21 15:18:00,7.46,,United Kingdom,7.46,2011
568780,22492,MINI PAINT SET VINTAGE ,36,2011-09-29 08:27:00,0.65,18235.0,United Kingdom,23.400000000000002,2011
574914,22187,GREEN CHRISTMAS TREE CARD HOLDER,3,2011-11-07 16:16:00,1.95,17109.0,United Kingdom,5.85,2011
491738,21913,VINTAGE SEASIDE JIGSAW PUZZLES,4,2009-12-14 10:49:00,3.75,12472.0,Germany,15.0,2009
511976,22358,KINGS CHOICE TEA CADDY ,1,2010-06-11 14:37:00,2.95,17191.0,United Kingdom,2.95,2010
531371,84879,ASSORTED COLOUR BIRD ORNAMENT,16,2010-11-07 15:31:00,1.69,12867.0,United Kingdom,27.04,2010
540352,21043,APRON MODERN VINTAGE COTTON,2,2011-01-06 14:27:00,4.21,,United Kingdom,8.42,2011
525291,84580,MOUSE TOY WITH PINK T-SHIRT,8,2010-10-05 08:50:00,3.75,15241.0,United Kingdom,30.0,2010
497501,22056,CERAMIC PLATE LOVE HEART DESIGN,1,2010-02-10 11:14:00,1.49,14606.0,United Kingdom,1.49,2010
546136,20733,GOLD MINI TAPE MEASURE ,1,2011-03-09 16:32:00,0.83,,United Kingdom,0.83,2011
579196,84596F,SMALL MARSHMALLOWS PINK BOWL,30,2011-11-28 15:54:00,0.83,14096.0,United Kingdom,24.9,2011
524969,22025,RING OF ROSES BIRTHDAY CARD,72,2010-10-01 14:38:00,0.36,14646.0,Netherlands,25.919999999999998,2010
553547,22661,CHARLOTTE BAG DOLLY GIRL DESIGN,10,2011-05-17 15:48:00,0.85,12474.0,Germany,8.5,2011
552149,22423,REGENCY CAKESTAND 3 TIER,4,2011-05-06 12:00:00,12.75,13365.0,United Kingdom,51.0,2011
522461,21329,DINOSAURS  WRITING SET ,3,2010-09-14 16:15:00,1.65,14381.0,United Kingdom,4.949999999999999,2010
580679,22920,HERB MARKER BASIL,12,2011-12-05 14:49:00,0.65,18198.0,United Kingdom,7.800000000000001,2011
540688,22222,CAKE PLATE LOVEBIRD WHITE,24,2011-01-11 07:57:00,1.95,12736.0,France,46.8,2011
551393,22827,RUSTIC  SEVENTEEN DRAWER SIDEBOARD,2,2011-04-28 12:22:00,145.0,14973.0,United Kingdom,290.0,2011
552353,85132A,CHARLIE + LOLA BISCUITS TINS,12,2011-05-09 12:14:00,1.95,17612.0,United Kingdom,23.4,2011
489723,21231,SWEETHEART CERAMIC TRINKET BOX,72,2009-12-02 10:58:00,1.06,14299.0,United Kingdom,76.32000000000001,2009
531789,22664,TOY TIDY DOLLY GIRL DESIGN,1,2010-11-09 15:07:00,2.1,15570.0,United Kingdom,2.1,2010
541855,22767,TRIPLE PHOTO FRAME CORNICE ,2,2011-01-23 14:59:00,9.95,13742.0,United Kingdom,19.9,2011
501877,22357,KINGS CHOICE BISCUIT TIN,2,2010-03-21 13:14:00,4.25,17611.0,United Kingdom,8.5,2010
533338,37450,CERAMIC CAKE BOWL + HANGING CAKES,1,2010-11-16 18:18:00,2.95,,United Kingdom,2.95,2010
514163,20725,LUNCH BAG RED SPOTTY,6,2010-06-30 15:34:00,1.65,16283.0,United Kingdom,9.899999999999999,2010
522982,22037,ROBOT BIRTHDAY CARD,12,2010-09-19 14:03:00,0.42,12867.0,United Kingdom,5.04,2010
578814,23209,LUNCH BAG VINTAGE DOILY ,2,2011-11-25 13:40:00,1.65,12748.0,United Kingdom,3.3,2011
530847,21348,PINK SPOTS CHOCOLATE NESTING BOXES ,4,2010-11-04 14:39:00,2.95,16707.0,United Kingdom,11.8,2010
510360,85099B,JUMBO BAG RED RETROSPOT,2,2010-05-28 16:11:00,1.95,14104.0,United Kingdom,3.9,2010
538145,22763,KEY CABINET MA CAMPAGNE,2,2010-12-09 16:08:00,9.95,15211.0,United Kingdom,19.9,2010
577314,22630,DOLLY GIRL LUNCH BOX,12,2011-11-18 13:23:00,1.95,12444.0,Norway,23.4,2011
511506,84989b,75 BLACK FAIRY CAKE CASES,2,2010-06-08 15:24:00,1.28,,United Kingdom,2.56,2010
489683,21534,DAIRY MAID LARGE MILK JUG,3,2009-12-02 10:09:00,4.95,16131.0,United Kingdom,14.850000000000001,2009
578344,22586,FELTCRAFT HAIRBAND PINK AND BLUE,1,2011-11-24 09:21:00,1.63,,United Kingdom,1.63,2011
573137,21843,RED RETROSPOT CAKE STAND,1,2011-10-27 17:15:00,20.79,,United Kingdom,20.79,2011
548708,22425,ENAMEL COLANDER CREAM,3,2011-04-03 12:41:00,4.95,13269.0,United Kingdom,14.850000000000001,2011
577517,84946,ANTIQUE SILVER T-LIGHT GLASS,6,2011-11-20 13:16:00,1.25,16710.0,United Kingdom,7.5,2011
542227,21314,SMALL GLASS HEART TRINKET POT,8,2011-01-26 13:33:00,2.1,14243.0,United Kingdom,16.8,2011
520538,20998,ROSE DU SUD OVEN GLOVE,6,2010-08-26 15:54:00,2.95,17730.0,United Kingdom,17.700000000000003,2010
527561,10135,COLOURING PENCILS BROWN TUBE,1,2010-10-18 13:30:00,1.25,14606.0,United Kingdom,1.25,2010
512096,84946,ANTIQUE SILVER TEA GLASS ETCHED,6,2010-06-13 13:19:00,1.25,17969.0,United Kingdom,7.5,2010
579350,85123A,WHITE HANGING HEART T-LIGHT HOLDER,32,2011-11-29 11:48:00,2.55,15218.0,United Kingdom,81.6,2011
498340,22381,TOY TIDY PINK RETROSPOT  ,5,2010-02-18 11:00:00,2.1,16143.0,United Kingdom,10.5,2010
535478,21892,TRADITIONAL WOODEN CATCH CUP GAME ,2,2010-11-26 14:22:00,1.25,17757.0,United Kingdom,2.5,2010
567670,22537,MAGIC DRAWING SLATE DINOSAUR,1,2011-09-21 15:32:00,0.83,,United Kingdom,0.83,2011
491421,21389,IVORY HANGING DECORATION  BIRD,1,2009-12-10 19:35:00,0.85,16798.0,United Kingdom,0.85,2009
578928,23353,6 GIFT TAGS VINTAGE CHRISTMAS ,36,2011-11-27 12:29:00,0.83,15443.0,United Kingdom,29.88,2011
500575,48189,DOOR MAT FRIENDSHIP ,1,2010-03-08 16:53:00,13.57,,United Kingdom,13.57,2010
508194,21975,PACK OF 60 DINOSAUR CAKE CASES,24,2010-05-13 13:25:00,0.55,14648.0,United Kingdom,13.200000000000001,2010
492134,21593,SWALLOW CIGAR BOX MATCHES ,1,2009-12-15 14:19:00,1.25,,United Kingdom,1.25,2009
562085,23128,FELTCRAFT BOY JEAN-PAUL KIT,4,2011-08-02 12:27:00,4.95,15228.0,United Kingdom,19.8,2011
511960,16052,TEATIME PUSH DOWN RUBBER,24,2010-06-11 13:23:00,0.42,14727.0,United Kingdom,10.08,2010
513574,21381,MINI WOODEN HAPPY BIRTHDAY GARLAND,3,2010-06-25 15:13:00,3.36,,United Kingdom,10.08,2010
533549,20978,36 PENCILS TUBE SKULLS,2,2010-11-17 16:59:00,1.25,14606.0,United Kingdom,2.5,2010
580727,21028,NINJA RABBIT BLACK,2,2011-12-05 17:17:00,2.46,14096.0,United Kingdom,4.92,2011
553013,20711,JUMBO BAG TOYS ,1,2011-05-12 18:19:00,4.13,,United Kingdom,4.13,2011
511282,47592A,CAROUSEL DES CHILD'S OVERALL,1,2010-06-07 14:22:00,1.66,,United Kingdom,1.66,2010
568783,23355,HOT WATER BOTTLE KEEP CALM,12,2011-09-29 09:03:00,4.95,17739.0,United Kingdom,59.400000000000006,2011
546136,90115,SUMMER BUTTERFLIES BAG CHARM,1,2011-03-09 16:32:00,2.46,,United Kingdom,2.46,2011
507707,22411,JUMBO SHOPPER VINTAGE RED PAISLEY,10,2010-05-11 11:17:00,1.95,17428.0,United Kingdom,19.5,2010
578065,22713,CARD I LOVE LONDON ,1,2011-11-22 15:41:00,0.83,,United Kingdom,0.83,2011
553226,23168,CLASSIC SUGAR DISPENSER,12,2011-05-16 10:43:00,1.25,16912.0,United Kingdom,15.0,2011
558774,20898,VINTAGE NOTEBOOK TRAVELOGUE,1,2011-07-04 10:17:00,2.46,,United Kingdom,2.46,2011
504257,47566B,TEA TIME PARTY BUNTING,5,2010-04-12 13:50:00,4.65,12982.0,United Kingdom,23.25,2010
532826,22142,CHRISTMAS CRAFT WHITE FAIRY ,1,2010-11-15 09:32:00,3.36,,United Kingdom,3.36,2010
567280,22383,LUNCH BAG SUKI DESIGN ,100,2011-09-19 11:46:00,1.45,14646.0,Netherlands,145.0,2011
565901,82583,HOT BATHS METAL SIGN,72,2011-09-07 15:34:00,1.85,13798.0,United Kingdom,133.20000000000002,2011
543448,20727,LUNCH BAG  BLACK SKULL.,7,2011-02-08 12:12:00,4.96,,United Kingdom,34.72,2011
502779,21238,RED SPOTTY CUP,8,2010-03-26 14:38:00,0.85,16807.0,United Kingdom,6.8,2010
526227,21216,"SET 3 RED SPOT TIN TEA,COFFEE,SUGAR",4,2010-10-10 15:08:00,4.95,15785.0,United Kingdom,19.8,2010
569215,23296,SET OF 6 TEA TIME BAKING CASES,4,2011-10-02 12:30:00,1.25,13571.0,United Kingdom,5.0,2011
575177,20659,ECONOMY LUGGAGE TAG,2,2011-11-08 18:41:00,2.46,,United Kingdom,4.92,2011
545016,22986,GINGHAM ROSE WRAP,25,2011-02-25 13:51:00,0.42,16473.0,United Kingdom,10.5,2011
525412,22138,BAKING SET 9 PIECE RETROSPOT ,3,2010-10-05 12:38:00,4.95,13964.0,United Kingdom,14.850000000000001,2010
559704,20674,GREEN POLKADOT BOWL,8,2011-07-12 09:54:00,1.25,12669.0,France,10.0,2011
541421,22165,"DIAMANTE HEART SHAPED WALL MIRROR, ",1,2011-01-17 17:44:00,10.79,,United Kingdom,10.79,2011
514136,22138,BAKING SET 9 PIECE RETROSPOT ,3,2010-06-30 13:41:00,4.95,16071.0,United Kingdom,14.850000000000001,2010
490137,21931,JUMBO STORAGE BAG SUKI,2,2009-12-03 19:22:00,1.95,14713.0,United Kingdom,3.9,2009
561531,21932,SCANDINAVIAN PAISLEY PICNIC BAG,20,2011-07-28 09:27:00,1.65,14364.0,United Kingdom,33.0,2011
559289,23301,GARDENERS KNEELING PAD KEEP CALM ,3,2011-07-07 12:22:00,1.65,15719.0,United Kingdom,4.949999999999999,2011
553013,84006,MAGIC TREE -PAPER FLOWERS,14,2011-05-12 18:19:00,1.63,,United Kingdom,22.82,2011
511522,22536,MAGIC DRAWING SLATE PURDEY,1,2010-06-08 16:47:00,0.42,16072.0,United Kingdom,0.42,2010
541873,22374,AIRLINE BAG VINTAGE JET SET RED,4,2011-01-24 09:52:00,4.25,14368.0,United Kingdom,17.0,2011
556776,23234,BISCUIT TIN VINTAGE CHRISTMAS,1,2011-06-14 12:24:00,2.89,14730.0,United Kingdom,2.89,2011
499382,21976,PACK OF 60 MUSHROOM CAKE CASES,1,2010-02-26 12:08:00,0.55,14646.0,Netherlands,0.55,2010
579168,22577,WOODEN HEART CHRISTMAS SCANDINAVIAN,15,2011-11-28 14:12:00,0.29,17806.0,United Kingdom,4.35,2011
523709,48138,DOORMAT UNION FLAG,10,2010-09-23 15:12:00,6.75,12731.0,France,67.5,2010
534743,22111,SCOTTIE DOG HOT WATER BOTTLE,6,2010-11-24 09:37:00,4.95,17894.0,United Kingdom,29.700000000000003,2010
577548,23006,TRAVEL CARD WALLET FLOWER MEADOW,5,2011-11-20 14:50:00,0.42,16710.0,United Kingdom,2.1,2011
567882,22945,CHRISTMAS METAL TAGS ASSORTED ,12,2011-09-22 15:03:00,0.85,12906.0,United Kingdom,10.2,2011
494387,85186A,EASTER BUNNY GARLAND OF FLOWERS,1,2010-01-14 09:46:00,0.81,,United Kingdom,0.81,2010
491692,21908,CHOCOLATE THIS WAY METAL SIGN,5,2009-12-13 13:21:00,2.1,14514.0,United Kingdom,10.5,2009
528769,22157,ANGEL DECORATION WITH LACE PADDED,24,2010-10-25 09:08:00,0.85,15260.0,United Kingdom,20.4,2010
559057,22030,SWALLOWS GREETING CARD,12,2011-07-06 09:46:00,0.42,13089.0,United Kingdom,5.04,2011
503071,21495,SKULLS WRAP,25,2010-03-30 10:55:00,0.42,14469.0,United Kingdom,10.5,2010
549235,22149,FELTCRAFT 6 FLOWER FRIENDS,3,2011-04-07 11:16:00,2.1,15530.0,United Kingdom,6.300000000000001,2011
543125,85163A,WHITE BAROQUE WALL CLOCK ,1,2011-02-03 14:41:00,12.75,17214.0,United Kingdom,12.75,2011
554836,21621,VINTAGE UNION JACK BUNTING,2,2011-05-26 16:25:00,8.5,13015.0,United Kingdom,17.0,2011
513653,21094,SET/6 RED SPOTTY PAPER PLATES,576,2010-06-28 09:55:00,0.64,16754.0,United Kingdom,368.64,2010
544937,21931,JUMBO STORAGE BAG SUKI,10,2011-02-25 10:09:00,1.95,12839.0,United Kingdom,19.5,2011
498717,21091,SET/6 WOODLAND PAPER PLATES,3,2010-02-22 13:38:00,0.85,17259.0,United Kingdom,2.55,2010
492418,84006,MAGIC TREE -PAPER FLOWERS,72,2009-12-16 17:27:00,0.85,15498.0,United Kingdom,61.199999999999996,2009
581146,21213,PACK OF 72 SKULL CAKE CASES,24,2011-12-07 13:53:00,0.55,17602.0,United Kingdom,13.200000000000001,2011
500999,22250,DECORATION  BUTTERFLY  MAGIC GARDEN,4,2010-03-11 13:46:00,0.85,16933.0,United Kingdom,3.4,2010
534184,22333,RETROSPOT PARTY BAG + STICKER SET,8,2010-11-21 13:59:00,1.65,12705.0,Germany,13.2,2010
501085,84970L,SINGLE HEART ZINC T-LIGHT HOLDER,12,2010-03-12 11:48:00,0.95,17289.0,United Kingdom,11.399999999999999,2010
567616,23344,JUMBO BAG 50'S CHRISTMAS ,10,2011-09-21 12:23:00,2.08,14911.0,EIRE,20.8,2011
546922,21174,POTTERING IN THE SHED METAL SIGN,12,2011-03-18 09:59:00,2.08,14110.0,United Kingdom,24.96,2011
547370,22822,CREAM WALL PLANTER HEART SHAPED,1,2011-03-22 13:32:00,5.95,14711.0,United Kingdom,5.95,2011
543125,22088,PAPER BUNTING COLOURED LACE,1,2011-02-03 14:41:00,2.95,17214.0,United Kingdom,2.95,2011
500917,22169,FAMILY ALBUM WHITE PICTURE FRAME,6,2010-03-11 10:26:00,7.65,13599.0,United Kingdom,45.900000000000006,2010
494507,21791,VINTAGE HEADS AND TAILS CARD GAME ,3,2010-01-14 19:50:00,1.25,15031.0,United Kingdom,3.75,2010
545897,79191D,RETRO PLASTIC DAISY TRAY,1,2011-03-07 17:22:00,1.63,,United Kingdom,1.63,2011
565401,84870C,GREEN GEISHA GIRL ,1,2011-09-02 17:38:00,3.75,16686.0,United Kingdom,3.75,2011
524828,85049E,SCANDINAVIAN REDS RIBBONS,12,2010-09-30 17:05:00,1.25,12705.0,Germany,15.0,2010
557007,84249A,"GREETING CARD,SQUARE, DOUGHNUTS",12,2011-06-16 11:30:00,0.42,12484.0,Spain,5.04,2011
510936,22568,FELTCRAFT CUSHION OWL,4,2010-06-04 10:35:00,3.75,12701.0,Germany,15.0,2010
525882,20902,VINTAGE KEEPSAKE BOX PARIS DAYS,1,2010-10-07 14:28:00,12.72,,United Kingdom,12.72,2010
553146,22960,JAM MAKING SET WITH JARS,6,2011-05-13 13:52:00,4.25,14873.0,United Kingdom,25.5,2011
566290,23175,REGENCY MILK JUG PINK ,1,2011-09-11 15:24:00,3.25,14456.0,United Kingdom,3.25,2011
579751,23382,BOX OF 6 CHRISTMAS CAKE DECORATIONS,1,2011-11-30 14:46:00,7.46,,United Kingdom,7.46,2011
511362,84795B,SUNSET CHECK HAMMOCK,2,2010-06-08 11:14:00,7.95,15039.0,United Kingdom,15.9,2010
498222,37491D,PURPLE/BLUE CERAMIC CANDLE HOLDER,1,2010-02-17 14:01:00,1.65,14584.0,United Kingdom,1.65,2010
556953,84968A,SET OF 16 VINTAGE ROSE CUTLERY,3,2011-06-16 08:16:00,12.75,14911.0,EIRE,38.25,2011
521972,21930,JUMBO STORAGE BAG SKULLS,10,2010-09-09 19:36:00,1.95,13875.0,United Kingdom,19.5,2010
528875,20966,SANDWICH BATH SPONGE,20,2010-10-25 12:02:00,1.25,13102.0,United Kingdom,25.0,2010
527963,20752,BLUE POLKADOT WASHING UP GLOVES,2,2010-10-20 09:41:00,2.1,17894.0,United Kingdom,4.2,2010
573171,22386,JUMBO BAG PINK POLKADOT,10,2011-10-28 10:00:00,2.08,14218.0,United Kingdom,20.8,2011
541878,21679,SKULLS  STICKERS,1,2011-01-24 10:28:00,1.63,,United Kingdom,1.63,2011
552039,22662,LUNCH BAG DOLLY GIRL DESIGN,20,2011-05-06 08:10:00,1.65,13081.0,United Kingdom,33.0,2011
512120,18097C,WHITE TALL PORCELAIN T-LIGHT HOLDER,1,2010-06-13 15:48:00,2.55,14581.0,United Kingdom,2.55,2010
567095,85099B,JUMBO BAG RED RETROSPOT,20,2011-09-16 13:03:00,2.08,17049.0,United Kingdom,41.6,2011
533448,22141,CHRISTMAS CRAFT TREE TOP ANGEL,6,2010-11-17 11:41:00,2.1,18260.0,United Kingdom,12.600000000000001,2010
525995,37474,SET/4 2 TONE EGG SHAPE MIXING BOWLS,1,2010-10-08 11:31:00,9.95,17196.0,United Kingdom,9.95,2010
566482,21985,PACK OF 12 HEARTS DESIGN TISSUES ,24,2011-09-13 09:43:00,0.39,16609.0,United Kingdom,9.36,2011
560773,21974,SET OF 36 PAISLEY FLOWER DOILIES,1,2011-07-20 16:17:00,2.92,,United Kingdom,2.92,2011
562717,22199,FRYING PAN RED RETROSPOT,1,2011-08-08 15:42:00,8.29,,United Kingdom,8.29,2011
503542,21122,SET/10 PINK SPOTTY PARTY CANDLES,144,2010-04-01 14:19:00,1.25,14646.0,Netherlands,180.0,2010
496730,85189,HANGING BUTTERFLY  EGG,24,2010-02-03 14:24:00,0.85,16834.0,United Kingdom,20.4,2010
560547,84792,ENCHANTED BIRD COATHANGER 5 HOOK,4,2011-07-19 12:39:00,4.65,17419.0,United Kingdom,18.6,2011
500166,22052,VINTAGE CARAVAN GIFT WRAP,25,2010-03-05 09:09:00,0.42,15203.0,United Kingdom,10.5,2010
572758,90165A,PINK ROSEBUD PEARL EARRINGS,1,2011-10-25 18:39:00,2.48,,United Kingdom,2.48,2011
491622,72771B,BURG FLOCK GOLD CUP/CANDLE ,6,2009-12-11 14:20:00,0.42,13415.0,United Kingdom,2.52,2009
562606,23293,SET OF 12 FAIRY CAKE BAKING CASES,24,2011-08-08 11:28:00,0.83,13552.0,United Kingdom,19.919999999999998,2011
577791,23192,BUNDLE OF 3 ALPHABET EXERCISE BOOKS,12,2011-11-21 16:36:00,1.65,17100.0,United Kingdom,19.799999999999997,2011
565729,21181,PLEASE ONE PERSON METAL SIGN,12,2011-09-06 12:01:00,2.1,17716.0,United Kingdom,25.200000000000003,2011
506461,72779,SET/6 BLACK ROSE T-LIGHT CANDLES,6,2010-04-29 20:05:00,1.69,17021.0,United Kingdom,10.14,2010
496303,21710,FOLDING UMBRELLA  PINK/WHITE  SPOT,1,2010-01-31 11:14:00,4.95,16923.0,United Kingdom,4.95,2010
501789,48129,DOOR MAT TOPIARY,1,2010-03-19 13:01:00,7.49,15768.0,United Kingdom,7.49,2010
535677,22809,SET OF 6 T-LIGHTS SANTA,2,2010-11-28 12:15:00,2.95,14546.0,United Kingdom,5.9,2010
572675,22333,RETROSPOT PARTY BAG + STICKER SET,1,2011-10-25 13:20:00,1.65,17917.0,United Kingdom,1.65,2011
542641,20749,ASSORTED COLOUR MINI CASES,12,2011-01-31 11:25:00,6.35,17314.0,United Kingdom,76.19999999999999,2011
497233,20717,STRAWBERRY SHOPPER BAG,10,2010-02-08 09:38:00,1.25,14227.0,United Kingdom,12.5,2010
571779,22153,ANGEL DECORATION STARS ON DRESS,7,2011-10-19 11:27:00,0.42,12748.0,United Kingdom,2.94,2011
541279,20679,EDWARDIAN PARASOL RED,3,2011-01-17 11:55:00,5.95,18223.0,United Kingdom,17.85,2011
561036,22908,PACK OF 20 NAPKINS RED APPLES,1,2011-07-24 11:54:00,0.85,13137.0,United Kingdom,0.85,2011
542797,20674,GREEN POLKADOT BOWL,3,2011-02-01 11:08:00,1.25,17884.0,United Kingdom,3.75,2011
534167,20749,ASSORTED COLOUR MINI CASES,12,2010-11-21 13:23:00,6.35,16979.0,United Kingdom,76.19999999999999,2010
506830,22386,JUMBO BAG PINK WITH WHITE SPOTS,5,2010-05-04 13:19:00,1.95,13542.0,United Kingdom,9.75,2010
493261,22195,LARGE HEART MEASURING SPOONS,1,2009-12-22 14:48:00,3.43,,United Kingdom,3.43,2009
551423,82486,WOOD S/3 CABINET ANT WHITE FINISH,1,2011-04-28 14:31:00,8.95,,United Kingdom,8.95,2011
535437,84030E,ENGLISH ROSE HOT WATER BOTTLE,48,2010-11-26 12:44:00,3.75,15903.0,United Kingdom,180.0,2010
509871,21621,VINTAGE UNION JACK BUNTING,20,2010-05-26 11:03:00,8.5,14025.0,United Kingdom,170.0,2010
517300,22470,HEART OF WICKER LARGE,6,2010-07-28 10:47:00,2.95,17419.0,United Kingdom,17.700000000000003,2010
501907,85217,ASSORTED ICE CREAM FRIDGE MAGNETS,12,2010-03-21 16:13:00,0.65,13451.0,United Kingdom,7.800000000000001,2010
500356,35911A,MULTICOLOUR RABBIT EGG WARMER,1,2010-03-07 15:34:00,2.1,16984.0,United Kingdom,2.1,2010
507377,82582,AREA PATROLLED METAL SIGN,3,2010-05-09 11:35:00,2.1,13571.0,United Kingdom,6.300000000000001,2010
492303,21715,GIRLS VINTAGE TIN SEASIDE BUCKET,2,2009-12-16 11:57:00,5.17,,United Kingdom,10.34,2009
560433,21936,RED RETROSPOT PICNIC BAG,1,2011-07-18 15:49:00,5.79,,United Kingdom,5.79,2011
568721,20963,APPLE BATH SPONGE,2,2011-09-28 16:24:00,2.46,,United Kingdom,4.92,2011
560718,47566,PARTY BUNTING,60,2011-07-20 13:30:00,4.15,17677.0,United Kingdom,249.00000000000003,2011
536378,84997B,RED 3 PIECE RETROSPOT CUTLERY SET,12,2010-12-01 09:37:00,3.75,14688.0,United Kingdom,45.0,2010
577595,23341,PINK DINER WALL CLOCK,1,2011-11-20 16:12:00,8.5,16399.0,United Kingdom,8.5,2011
552857,21012,ANTIQUE ALL GLASS CANDLESTICK,2,2011-05-11 15:34:00,2.46,,United Kingdom,4.92,2011
495688,82580,BATHROOM METAL SIGN,2,2010-01-26 12:22:00,0.55,14527.0,United Kingdom,1.1,2010
581217,23616,SET 10 CARDS JINGLE BELLS 17217,1,2011-12-08 09:20:00,2.49,,United Kingdom,2.49,2011
511481,21787,RAIN PONCHO WITH RED SPOTS,3,2010-06-08 14:00:00,0.85,15353.0,United Kingdom,2.55,2010
499895,20725,LUNCH BAG RED SPOTTY,1,2010-03-03 11:51:00,1.65,14593.0,United Kingdom,1.65,2010
526239,85099C,JUMBO  BAG BAROQUE BLACK WHITE,200,2010-10-11 09:04:00,1.65,15769.0,United Kingdom,330.0,2010
537034,22418,10 COLOUR SPACEBOY PEN,24,2010-12-03 17:20:00,0.85,13081.0,United Kingdom,20.4,2010
557995,21988,PACK OF 6 SKULL PAPER PLATES,2,2011-06-24 10:44:00,0.85,17979.0,United Kingdom,1.7,2011
507669,21930,JUMBO STORAGE BAG SKULLS,10,2010-05-11 08:59:00,1.95,15078.0,United Kingdom,19.5,2010
573346,79190D,RETRO PLASTIC DAISY TRAY,1,2011-10-30 12:18:00,0.42,17255.0,United Kingdom,0.42,2011
534285,22191,IVORY DINER WALL CLOCK,6,2010-11-22 11:24:00,8.5,16424.0,United Kingdom,51.0,2010
501161,21539,RETRO SPOTS BUTTER DISH,1,2010-03-15 09:28:00,10.17,,United Kingdom,10.17,2010
538668,22086,PAPER CHAIN KIT 50'S CHRISTMAS ,40,2010-12-13 16:17:00,2.55,13211.0,United Kingdom,102.0,2010
560299,22508,DOORSTOP RETROSPOT HEART,4,2011-07-18 10:28:00,3.75,17593.0,United Kingdom,15.0,2011
491125,72780,BLACK SILOUETTE CANDLE PLATE,96,2009-12-09 15:28:00,0.72,15311.0,United Kingdom,69.12,2009
577844,23301,GARDENERS KNEELING PAD KEEP CALM ,6,2011-11-22 10:41:00,4.13,,United Kingdom,24.78,2011
541659,47566,PARTY BUNTING,5,2011-01-20 12:16:00,4.65,15262.0,United Kingdom,23.25,2011
579187,22739,RIBBON REEL CHRISTMAS SOCK BAUBLE,1,2011-11-28 15:31:00,3.29,,United Kingdom,3.29,2011
553940,23204,CHARLOTTE BAG APPLES DESIGN,10,2011-05-20 10:36:00,0.85,14112.0,United Kingdom,8.5,2011
517352,21210,SET OF 72 RETRO SPOT PAPER  DOILIES,12,2010-07-28 14:45:00,1.45,13796.0,United Kingdom,17.4,2010
566408,21790,VINTAGE SNAP CARDS,3,2011-09-12 13:43:00,0.85,16984.0,United Kingdom,2.55,2011
535088,21231,SWEETHEART CERAMIC TRINKET BOX,12,2010-11-25 10:05:00,1.25,17167.0,United Kingdom,15.0,2010
515027,15058A,BLUE WHITE SPOTS GARDEN PARASOL,2,2010-07-08 10:24:00,7.95,17519.0,United Kingdom,15.9,2010
570984,23026,DRAWER KNOB VINTAGE GLASS STAR,6,2011-10-13 11:58:00,2.08,17279.0,United Kingdom,12.48,2011
565840,37450,CERAMIC CAKE BOWL + HANGING CAKES,1,2011-09-07 12:02:00,5.79,,United Kingdom,5.79,2011
495225,22063,CERAMIC BOWL WITH STRAWBERRY DESIGN,2,2010-01-21 17:43:00,2.95,17180.0,United Kingdom,5.9,2010
555471,84971S,SMALL HEART FLOWERS HOOK ,10,2011-06-03 11:42:00,0.85,16117.0,United Kingdom,8.5,2011
513789,21541,DINOSAURS WATER TRANSFER TATTOOS ,12,2010-06-28 15:22:00,0.85,12485.0,Sweden,10.2,2010
565930,23295,SET OF 12 MINI LOAF BAKING CASES,8,2011-09-08 10:32:00,0.83,12685.0,France,6.64,2011
510983,84678,CLASSICAL ROSE SMALL VASE,1,2010-06-04 12:23:00,5.06,,United Kingdom,5.06,2010
534658,84898F,YELLOW FLOWERS FELT HANDBAG KIT,1,2010-11-23 13:36:00,2.1,18118.0,United Kingdom,2.1,2010
577029,46000S,POLYESTER FILLER PAD 40x40cm,25,2011-11-17 12:59:00,1.45,15563.0,United Kingdom,36.25,2011
576686,22897,OVEN MITT APPLES DESIGN,3,2011-11-16 12:08:00,1.45,16916.0,United Kingdom,4.35,2011
572552,22197,POPCORN HOLDER,17,2011-10-24 17:07:00,1.63,14096.0,United Kingdom,27.709999999999997,2011
545717,84997a,CHILDRENS CUTLERY POLKADOT GREEN ,3,2011-03-07 10:15:00,8.29,,United Kingdom,24.869999999999997,2011
514809,22629,SPACEBOY LUNCH BOX ,72,2010-07-06 11:44:00,1.65,12678.0,France,118.8,2010
521353,47590B,PINK HAPPY BIRTHDAY BUNTING,3,2010-09-03 14:41:00,5.45,18036.0,United Kingdom,16.35,2010
550178,22320,BIRDS MOBILE VINTAGE DESIGN,3,2011-04-14 17:25:00,5.95,12662.0,Germany,17.85,2011
549368,22551,PLASTERS IN TIN SPACEBOY,4,2011-04-08 11:26:00,1.65,18036.0,United Kingdom,6.6,2011
551868,21915,RED  HARMONICA IN BOX ,36,2011-05-04 16:29:00,1.25,12540.0,Spain,45.0,2011
577772,23504,PLAYING CARDS JUBILEE UNION JACK,24,2011-11-21 15:53:00,1.25,18139.0,United Kingdom,30.0,2011
524878,84836,ZINC METAL HEART DECORATION,24,2010-10-01 10:43:00,1.25,12696.0,Finland,30.0,2010
505579,79321,CHILLI LIGHTS,4,2010-04-23 12:13:00,4.25,17448.0,United Kingdom,17.0,2010
516196,22302,COFFEE MUG PEARS  DESIGN,12,2010-07-19 10:07:00,2.55,14758.0,United Kingdom,30.599999999999998,2010
575848,22355,CHARLOTTE BAG SUKI DESIGN,2,2011-11-11 12:10:00,0.85,14178.0,United Kingdom,1.7,2011
581497,22898,CHILDRENS APRON APPLES DESIGN,2,2011-12-09 10:23:00,4.96,,United Kingdom,9.92,2011
578075,22144,CHRISTMAS CRAFT LITTLE FRIENDS,2,2011-11-22 16:11:00,2.1,15039.0,United Kingdom,4.2,2011
522169,84568,GIRLS ALPHABET IRON ON PATCHES ,16,2010-09-13 11:28:00,0.43,,United Kingdom,6.88,2010
490479,21867,PINK UNION JACK  LUGGAGE TAG,6,2009-12-06 12:42:00,1.25,16779.0,United Kingdom,7.5,2009
525801,21559,STRAWBERRY LUNCH BOX WITH CUTLERY,1,2010-10-07 11:33:00,2.55,17249.0,United Kingdom,2.55,2010
538901,20724,RED RETROSPOT CHARLOTTE BAG,10,2010-12-15 09:58:00,0.85,17629.0,United Kingdom,8.5,2010
545338,84406B,CREAM CUPID HEARTS COAT HANGER,2,2011-03-01 17:32:00,4.15,17449.0,United Kingdom,8.3,2011
578817,85032A,ROMANTIC IMAGES GIFT WRAP SET,1,2011-11-25 13:45:00,0.65,16764.0,United Kingdom,0.65,2011
497873,22377,BOTTLE BAG RETROSPOT ,2,2010-02-12 17:03:00,4.21,,United Kingdom,8.42,2010
525054,84279P,CHERRY BLOSSOM  DECORATIVE FLASK,2,2010-10-03 13:47:00,3.75,17126.0,United Kingdom,7.5,2010
557311,82551,LAUNDRY 15C METAL SIGN,2,2011-06-19 15:36:00,1.45,15700.0,United Kingdom,2.9,2011
552108,20725,LUNCH BAG RED RETROSPOT,2,2011-05-06 11:36:00,1.65,17841.0,United Kingdom,3.3,2011
533795,22662,LUNCH BAG DOLLY GIRL DESIGN,20,2010-11-18 18:23:00,1.65,17735.0,United Kingdom,33.0,2010
539750,22423,REGENCY CAKESTAND 3 TIER,79,2010-12-21 15:40:00,25.49,,United Kingdom,2013.7099999999998,2010
579512,23241,TREASURE TIN GYMKHANA DESIGN,1,2011-11-29 16:47:00,4.13,,United Kingdom,4.13,2011
536971,22961,JAM MAKING SET PRINTED,12,2010-12-03 13:40:00,1.45,12779.0,Poland,17.4,2010
528769,22119,PEACE WOODEN BLOCK LETTERS,24,2010-10-25 09:08:00,6.35,15260.0,United Kingdom,152.39999999999998,2010
567667,23204,CHARLOTTE BAG APPLES DESIGN,1,2011-09-21 15:24:00,1.63,,United Kingdom,1.63,2011
512569,21497,FANCY FONTS BIRTHDAY WRAP,25,2010-06-16 14:47:00,0.42,17990.0,United Kingdom,10.5,2010
544214,22327,ROUND SNACK BOXES SET OF 4 SKULLS,3,2011-02-17 11:19:00,6.63,,United Kingdom,19.89,2011
574923,22676,FRENCH BLUE METAL DOOR SIGN 1,4,2011-11-07 16:40:00,1.25,17757.0,United Kingdom,5.0,2011
509939,85232b,SET/3 RUSSIAN DOLL STACKING TINS,1,2010-05-26 12:39:00,10.17,,United Kingdom,10.17,2010
572091,22720,SET OF 3 CAKE TINS PANTRY DESIGN ,3,2011-10-20 14:40:00,4.95,15129.0,United Kingdom,14.850000000000001,2011
566534,21240,BLUE POLKADOT CUP,4,2011-09-13 11:32:00,1.63,,United Kingdom,6.52,2011
561223,21679,SKULLS  STICKERS,12,2011-07-26 09:51:00,0.85,15358.0,United Kingdom,10.2,2011
563070,23281,FOLDING BUTTERFLY MIRROR RED  ,7,2011-08-11 15:34:00,0.83,14099.0,United Kingdom,5.81,2011
521893,37448,CERAMIC CAKE DESIGN SPOTTED MUG,12,2010-09-09 12:14:00,1.49,13305.0,United Kingdom,17.88,2010
491719,21380,WOODEN HAPPY BIRTHDAY GARLAND,4,2009-12-13 16:03:00,2.95,17799.0,United Kingdom,11.8,2009
508228,21716,BOYS VINTAGE TIN SEASIDE BUCKET,6,2010-05-13 16:49:00,5.06,,United Kingdom,30.36,2010
566274,85123A,WHITE HANGING HEART T-LIGHT HOLDER,5,2011-09-11 13:58:00,2.95,13884.0,United Kingdom,14.75,2011
517106,20974,12 PENCILS SMALL TUBE SKULL,5,2010-07-26 15:17:00,0.65,12867.0,United Kingdom,3.25,2010
531489,82599,FANNY'S REST STOPMETAL SIGN,2,2010-11-08 15:02:00,4.21,,United Kingdom,8.42,2010
539434,10125,MINI FUNKY DESIGN TAPES,1,2010-12-17 14:41:00,1.66,,United Kingdom,1.66,2010
559979,22418,10 COLOUR SPACEBOY PEN,24,2011-07-14 11:20:00,0.85,14862.0,United Kingdom,20.4,2011
541696,21111,"SWISS ROLL TOWEL, CHOCOLATE  SPOTS",2,2011-01-20 18:08:00,2.46,,United Kingdom,4.92,2011
560225,85078,SCANDINAVIAN 3 HEARTS NAPKIN RING,3,2011-07-15 16:27:00,1.63,,United Kingdom,4.89,2011
570082,22579,WOODEN TREE CHRISTMAS SCANDINAVIAN,24,2011-10-07 11:19:00,0.29,12524.0,Germany,6.959999999999999,2011
538153,22699,ROSES REGENCY TEACUP AND SAUCER ,2,2010-12-09 16:31:00,5.91,,United Kingdom,11.82,2010
494382,21328,BALLOONS  WRITING SET ,4,2010-01-13 17:51:00,3.36,,United Kingdom,13.44,2010
559418,22976,CIRCUS PARADE CHILDRENS EGG CUP ,12,2011-07-08 11:36:00,1.25,12681.0,France,15.0,2011
535407,22502,PICNIC BASKET WICKER SMALL,1,2010-11-26 11:20:00,8.47,,United Kingdom,8.47,2010
502113,21122,SET/10 PINK SPOTTY PARTY CANDLES,4,2010-03-23 11:01:00,1.25,15998.0,United Kingdom,5.0,2010
523346,21116,OWL DOORSTOP,1,2010-09-21 16:06:00,8.47,,United Kingdom,8.47,2010
531480,22943,CHRISTMAS LIGHTS 10 VINTAGE BAUBLES,6,2010-11-08 14:25:00,4.95,13485.0,United Kingdom,29.700000000000003,2010
546648,22074,6 RIBBONS SHIMMERING PINKS ,2,2011-03-15 14:15:00,2.46,,United Kingdom,4.92,2011
555092,21890,S/6 WOODEN SKITTLES IN COTTON BAG,3,2011-05-31 13:08:00,3.25,16483.0,United Kingdom,9.75,2011
567612,22579,WOODEN TREE CHRISTMAS SCANDINAVIAN,12,2011-09-21 11:48:00,0.85,17164.0,United Kingdom,10.2,2011
581498,21942,SKULLS DESIGN FLANNEL,1,2011-12-09 10:26:00,1.63,,United Kingdom,1.63,2011
510772,85159A,"BLACK TEA,COFFEE,SUGAR JARS",1,2010-06-03 14:02:00,12.72,,United Kingdom,12.72,2010
508038,21902,"KEY FOB , FRONT  DOOR ",24,2010-05-12 12:17:00,0.65,14854.0,United Kingdom,15.600000000000001,2010
499422,22064,PINK DOUGHNUT TRINKET POT ,1,2010-02-26 16:33:00,3.36,,United Kingdom,3.36,2010
527399,22149,FELTCRAFT 6 FLOWER FRIENDS,6,2010-10-17 13:58:00,2.1,15590.0,United Kingdom,12.600000000000001,2010
503667,22362,GLASS JAR PEACOCK BATH SALTS,1,2010-04-06 11:42:00,2.95,15493.0,United Kingdom,2.95,2010
525577,22562,MONSTERS STENCIL CRAFT,24,2010-10-06 10:41:00,1.25,16253.0,United Kingdom,30.0,2010
508879,84858C,PINK RIVIERA HANDBAG,2,2010-05-18 16:31:00,5.95,16326.0,United Kingdom,11.9,2010
529569,90147,CHUNKY SILVER NECKLACE PASTEL FLOWE,2,2010-10-28 18:41:00,9.95,16713.0,United Kingdom,19.9,2010
562916,22372,AIRLINE BAG VINTAGE WORLD CHAMPION ,1,2011-08-10 13:41:00,4.25,,United Kingdom,4.25,2011
490808,35981C,WHITE SNOW SCANDINAVIAN STOCKING ,5,2009-12-08 12:25:00,1.25,17371.0,United Kingdom,6.25,2009
555923,21041,RED RETROSPOT OVEN GLOVE DOUBLE,1,2011-06-07 17:09:00,5.79,,United Kingdom,5.79,2011
558769,90058A,CRYSTAL STUD EARRINGS CLEAR DISPLAY,36,2011-07-03 14:58:00,0.38,17899.0,United Kingdom,13.68,2011
561206,21733,RED HANGING HEART T-LIGHT HOLDER,6,2011-07-25 16:18:00,2.95,13110.0,United Kingdom,17.700000000000003,2011
529694,21015,DARK BIRD HOUSE TREE DECORATION,12,2010-10-29 12:48:00,0.85,16836.0,United Kingdom,10.2,2010
544813,22084,PAPER CHAIN KIT EMPIRE,10,2011-02-23 16:23:00,2.95,15984.0,United Kingdom,29.5,2011
579401,23189,SET OF 12 FORK CANDLES,4,2011-11-29 12:12:00,2.89,14550.0,United Kingdom,11.56,2011
508073,84755,COLOUR GLASS T-LIGHT HOLDER HANGING,16,2010-05-12 15:56:00,0.65,15405.0,United Kingdom,10.4,2010
549247,20802,SMALL GLASS SUNDAE DISH CLEAR,6,2011-04-07 12:04:00,1.65,13752.0,United Kingdom,9.899999999999999,2011
521324,22169,FAMILY ALBUM WHITE PICTURE FRAME,2,2010-09-03 12:21:00,8.5,18109.0,United Kingdom,17.0,2010
576855,21218,RED SPOTTY BISCUIT TIN,1,2011-11-16 15:51:00,3.75,17757.0,United Kingdom,3.75,2011
490963,84347,ROTATING SILVER ANGELS T-LIGHT HLDR,5,2009-12-08 15:49:00,5.17,,United Kingdom,25.85,2009
574076,22074,6 RIBBONS SHIMMERING PINKS ,1,2011-11-02 15:38:00,1.25,,United Kingdom,1.25,2011
531922,22556,PLASTERS IN TIN CIRCUS PARADE ,2,2010-11-10 12:09:00,1.65,17974.0,United Kingdom,3.3,2010
519904,22568,FELTCRAFT CUSHION OWL,4,2010-08-22 13:28:00,3.75,16126.0,United Kingdom,15.0,2010
536562,22187,GREEN CHRISTMAS TREE CARD HOLDER,4,2010-12-01 15:08:00,4.25,13468.0,United Kingdom,17.0,2010
558570,21832,CHOCOLATE CALCULATOR,6,2011-06-30 14:38:00,1.65,17673.0,United Kingdom,9.899999999999999,2011
574661,23404,HOME SWEET HOME BLACKBOARD,6,2011-11-06 11:56:00,4.95,13447.0,United Kingdom,29.700000000000003,2011
515418,47568,ENGLISH ROSE DESIGN PEG BAG,1,2010-07-12 13:11:00,2.1,17841.0,United Kingdom,2.1,2010
579777,21174,POTTERING IN THE SHED METAL SIGN,1,2011-11-30 15:13:00,4.13,,United Kingdom,4.13,2011
540551,22247,BUNNY DECORATION MAGIC GARDEN,9,2011-01-10 09:43:00,0.81,,United Kingdom,7.290000000000001,2011
579512,85048,15CM CHRISTMAS GLASS BALL 20 LIGHTS,2,2011-11-29 16:47:00,16.63,,United Kingdom,33.26,2011
532826,22340,NOEL GARLAND PAINTED ZINC ,1,2010-11-15 09:32:00,3.36,,United Kingdom,3.36,2010
523768,22584,PACK OF 6 PANNETONE GIFT BOXES,48,2010-09-24 10:29:00,2.55,14134.0,United Kingdom,122.39999999999999,2010
553013,21671,RED SPOT CERAMIC DRAWER KNOB,2,2011-05-12 18:19:00,3.29,,United Kingdom,6.58,2011
519938,21790,VINTAGE SNAP CARDS,12,2010-08-23 09:23:00,0.85,15260.0,United Kingdom,10.2,2010
577800,22532,MAGIC DRAWING SLATE LEAP FROG ,24,2011-11-21 17:00:00,0.42,15484.0,United Kingdom,10.08,2011
563070,17012B,ORIGAMI JASMINE INCENSE/CANDLE SET,8,2011-08-11 15:34:00,0.85,14099.0,United Kingdom,6.8,2011
535679,22693,GROW A FLYTRAP OR SUNFLOWER IN TIN,24,2010-11-28 12:23:00,1.25,15625.0,United Kingdom,30.0,2010
556477,85183A,CHARLIE & LOLA WASTEPAPER BIN BLUE,1,2011-06-12 12:20:00,1.25,12841.0,United Kingdom,1.25,2011
553754,22762,CUPBOARD 3 DRAWER MA CAMPAGNE,1,2011-05-19 10:25:00,14.95,16175.0,United Kingdom,14.95,2011
530422,84029E,RED WOOLLY HOTTIE WHITE HEART.,2,2010-11-03 09:36:00,7.62,,United Kingdom,15.24,2010
496471,72779,SET/6 BLACK ROSE T-LIGHT CANDLES,4,2010-02-01 15:32:00,1.69,17905.0,United Kingdom,6.76,2010
578270,90087,CRYSTAL SEA HORSE PHONE CHARM,2,2011-11-23 13:39:00,1.63,14096.0,United Kingdom,3.26,2011
501832,21739,COSY SLIPPER SHOES SMALL GREEN,1,2010-03-19 16:43:00,5.91,,United Kingdom,5.91,2010
546084,22968,ROSE COTTAGE KEEPSAKE BOX ,2,2011-03-09 11:28:00,9.95,14112.0,United Kingdom,19.9,2011
536162,22584,PACK OF 6 PANNETONE GIFT BOXES,6,2010-11-30 12:07:00,2.1,15939.0,United Kingdom,12.600000000000001,2010
535345,84879,ASSORTED COLOUR BIRD ORNAMENT,8,2010-11-25 16:39:00,1.69,15936.0,United Kingdom,13.52,2010
500751,21213,PACK OF 72 SKULL CAKE CASES,24,2010-03-10 10:25:00,0.55,13081.0,United Kingdom,13.200000000000001,2010
524437,20828,GLITTER BUTTERFLY CLIPS,48,2010-09-29 10:57:00,2.1,17511.0,United Kingdom,100.80000000000001,2010
548215,22385,JUMBO BAG SPACEBOY DESIGN,10,2011-03-30 09:19:00,1.95,15674.0,United Kingdom,19.5,2011
513265,22475,SKULL DESIGN TV DINNER TRAY,3,2010-06-23 11:39:00,4.95,14725.0,United Kingdom,14.850000000000001,2010
493073,79303B,BLUE STAR BLOCK TABLE LAMP,1,2009-12-22 09:41:00,6.04,,United Kingdom,6.04,2009
494147,21278,VINTAGE KITCHEN PRINT PUDDINGS,1,2010-01-11 14:39:00,5.06,,United Kingdom,5.06,2010
535585,22469,HEART OF WICKER SMALL,12,2010-11-26 15:51:00,1.65,18226.0,United Kingdom,19.799999999999997,2010
500010,84472,PINK AND LILAC QUILTED THROW ,1,2010-03-04 10:06:00,45.95,13377.0,United Kingdom,45.95,2010
568428,21328,BALLOONS  WRITING SET ,2,2011-09-27 11:27:00,1.65,14419.0,United Kingdom,3.3,2011
498019,22046,TEA PARTY  WRAPPING PAPER ,25,2010-02-15 16:57:00,0.42,13089.0,United Kingdom,10.5,2010
544059,22353,LUNCH BOX WITH CUTLERY FAIRY CAKES ,4,2011-02-15 13:00:00,2.55,14534.0,United Kingdom,10.2,2011
562608,22986,WRAP GINGHAM ROSE ,25,2011-08-08 11:45:00,0.42,15502.0,United Kingdom,10.5,2011
536324,20717,STRAWBERRY SHOPPER BAG,100,2010-11-30 16:25:00,1.06,14646.0,Netherlands,106.0,2010
494918,84378,SET OF 3 HEART COOKIE CUTTERS,2,2010-01-19 17:49:00,2.51,,United Kingdom,5.02,2010
581456,21889,WOODEN BOX OF DOMINOES,3,2011-12-08 18:42:00,1.25,17530.0,United Kingdom,3.75,2011
574700,21980,PACK OF 12 RED RETROSPOT TISSUES ,5,2011-11-06 13:53:00,0.39,16033.0,United Kingdom,1.9500000000000002,2011
501175,84692,BOX OF 24 COCKTAIL PARASOLS,400,2010-03-15 11:00:00,0.32,13946.0,United Kingdom,128.0,2010
571943,23318,BOX OF 6 MINI VINTAGE CRACKERS,6,2011-10-20 10:10:00,2.49,14638.0,United Kingdom,14.940000000000001,2011
567074,85071A,BLUE CHARLIE+LOLA PERSONAL DOORSIGN,10,2011-09-16 12:22:00,0.39,17068.0,United Kingdom,3.9000000000000004,2011
492643,21484,CHICK GREY HOT WATER BOTTLE,3,2009-12-17 16:58:00,3.45,17576.0,United Kingdom,10.350000000000001,2009
567153,22616,PACK OF 12 LONDON TISSUES ,12,2011-09-16 16:25:00,0.39,14056.0,United Kingdom,4.68,2011
555278,22244,3 HOOK HANGER MAGIC GARDEN,1,2011-06-01 17:33:00,4.13,,United Kingdom,4.13,2011
578533,21821,GLITTER STAR GARLAND WITH BELLS ,6,2011-11-24 14:42:00,3.75,17767.0,United Kingdom,22.5,2011
489572,85014D,PINK/BROWN DOTS RUFFLED UMBRELLA,1,2009-12-01 13:29:00,5.95,17611.0,United Kingdom,5.95,2009
532063,21913,VINTAGE SEASIDE JIGSAW PUZZLES,1,2010-11-10 14:48:00,7.62,,United Kingdom,7.62,2010
547919,21357,TOAST ITS - DINOSAUR,1,2011-03-28 12:52:00,1.25,13760.0,United Kingdom,1.25,2011
576070,20914,SET/5 RED RETROSPOT LID GLASS BOWLS,1,2011-11-13 15:58:00,2.95,13451.0,United Kingdom,2.95,2011
548768,22699,ROSES REGENCY TEACUP AND SAUCER ,2,2011-04-04 12:34:00,2.95,17886.0,United Kingdom,5.9,2011
563439,22728,ALARM CLOCK BAKELIKE PINK,2,2011-08-16 13:05:00,8.29,,United Kingdom,16.58,2011
507445,22525,CHILDRENS GARDEN GLOVES PINK,12,2010-05-10 09:38:00,1.25,14329.0,United Kingdom,15.0,2010
534006,22687,DOORMAT CHRISTMAS VILLAGE,2,2010-11-19 14:29:00,16.98,,United Kingdom,33.96,2010
555076,21231,SWEETHEART CERAMIC TRINKET BOX,12,2011-05-31 12:11:00,1.25,13900.0,United Kingdom,15.0,2011
558198,16168M,FUNKY MONKEY GIFT BAG MEDIUM,12,2011-06-27 12:49:00,0.42,14104.0,United Kingdom,5.04,2011
562370,22328,ROUND SNACK BOXES SET OF 4 FRUITS ,24,2011-08-04 14:20:00,2.95,12626.0,Germany,70.80000000000001,2011
531243,22423,REGENCY CAKESTAND 3 TIER,3,2010-11-07 10:46:00,12.75,16889.0,United Kingdom,38.25,2010
561217,84249A,"GREETING CARD,SQUARE, DOUGHNUTS",1,2011-07-25 17:09:00,0.83,,United Kingdom,0.83,2011
534459,22602,CHRISTMAS RETROSPOT HEART WOOD,2,2010-11-23 09:12:00,1.66,,United Kingdom,3.32,2010
503823,20983,12 PENCILS TALL TUBE RED SPOTTY,2,2010-04-07 14:59:00,1.66,,United Kingdom,3.32,2010
492875,85123A,WHITE HANGING HEART T-LIGHT HOLDER,18,2009-12-21 11:52:00,2.95,16282.0,United Kingdom,53.1,2009
504868,21153,RED SPOTTY TABLECLOTH ,2,2010-04-18 12:31:00,10.65,13044.0,United Kingdom,21.3,2010
521922,84997D,PINK 3 PIECE MINI DOTS CUTLERY SET,6,2010-09-09 14:49:00,3.75,12631.0,Finland,22.5,2010
552554,21900,"KEY FOB , SHED",6,2011-05-10 11:04:00,0.65,12843.0,United Kingdom,3.9000000000000004,2011
530657,22113,GREY HEART HOT WATER BOTTLE,1,2010-11-04 10:13:00,3.75,12933.0,United Kingdom,3.75,2010
562113,22269,EGG CUP NATURAL CHICKEN,1,2011-08-02 16:11:00,0.83,,United Kingdom,0.83,2011
561600,22343,PARTY PIZZA DISH RED RETROSPOT,3,2011-07-28 11:29:00,0.85,15861.0,United Kingdom,2.55,2011
555523,22492,MINI PAINT SET VINTAGE ,36,2011-06-05 11:36:00,0.65,12468.0,Germany,23.400000000000002,2011
541260,22241,GARLAND WOODEN HAPPY EASTER,4,2011-01-16 15:44:00,1.25,16059.0,United Kingdom,5.0,2011
551173,21224,SET/4 SKULL BADGES,1,2011-04-26 16:54:00,0.83,,United Kingdom,0.83,2011
551983,22845,VINTAGE CREAM CAT FOOD CONTAINER,2,2011-05-05 14:32:00,6.35,17735.0,United Kingdom,12.7,2011
579901,22398,MAGNETS PACK OF 4 SWALLOWS,12,2011-12-01 08:35:00,0.39,12569.0,Germany,4.68,2011
524119,71053,WHITE METAL LANTERN,48,2010-09-27 14:03:00,3.39,16827.0,United Kingdom,162.72,2010
548614,22563,HAPPY STENCIL CRAFT,4,2011-04-01 11:47:00,1.25,14419.0,United Kingdom,5.0,2011
537391,22955,36 FOIL STAR CAKE CASES ,6,2010-12-06 13:53:00,2.1,16550.0,United Kingdom,12.600000000000001,2010
509453,22329,ROUND CONTAINER SET OF 5 RETROSPOT,12,2010-05-24 09:49:00,1.65,13381.0,United Kingdom,19.799999999999997,2010
561933,20982,12 PENCILS TALL TUBE SKULLS,12,2011-08-01 12:56:00,0.85,12949.0,United Kingdom,10.2,2011
545585,21975,PACK OF 60 DINOSAUR CAKE CASES,24,2011-03-04 09:32:00,0.55,12541.0,Spain,13.200000000000001,2011
566294,85040A,S/4 PINK FLOWER CANDLES IN BOWL,4,2011-09-11 15:41:00,1.65,15533.0,United Kingdom,6.6,2011
561595,23203,JUMBO BAG DOILEY PATTERNS,10,2011-07-28 11:22:00,2.08,12853.0,United Kingdom,20.8,2011
534230,22834,HAND WARMER BABUSHKA DESIGN,12,2010-11-22 09:57:00,2.1,16156.0,United Kingdom,25.200000000000003,2010
489866,21523,FANCY FONT HOME SWEET HOME DOORMAT,4,2009-12-02 15:04:00,6.75,16200.0,United Kingdom,27.0,2009
537642,22525,CHILDRENS GARDEN GLOVES PINK,3,2010-12-07 15:33:00,3.36,,United Kingdom,10.08,2010
538149,22188,BLACK HEART CARD HOLDER,1,2010-12-09 16:27:00,8.47,,United Kingdom,8.47,2010
578067,23302,KNEELING MAT HOUSEWORK  DESIGN,2,2011-11-22 15:43:00,3.29,,United Kingdom,6.58,2011
531208,72799F,IVORY PILLAR CANDLE GOLD FLOCK,4,2010-11-05 16:03:00,2.95,,Unspecified,11.8,2010
544812,22729,ALARM CLOCK BAKELIKE ORANGE,1,2011-02-23 15:58:00,7.46,,United Kingdom,7.46,2011
574686,23300,GARDENERS KNEELING PAD CUP OF TEA ,2,2011-11-06 13:00:00,1.65,17608.0,United Kingdom,3.3,2011
528082,22746,POPPY'S PLAYHOUSE LIVINGROOM ,1,2010-10-20 12:53:00,2.1,16521.0,United Kingdom,2.1,2010
540373,20725,LUNCH BAG RED RETROSPOT,10,2011-01-06 17:10:00,1.65,13280.0,United Kingdom,16.5,2011
509165,21471,STRAWBERRY RAFFIA FOOD COVER,6,2010-05-20 14:06:00,3.75,15559.0,United Kingdom,22.5,2010
579623,47566,PARTY BUNTING,4,2011-11-30 12:15:00,4.95,16062.0,United Kingdom,19.8,2011
530648,22633,HAND WARMER UNION JACK,24,2010-11-04 08:41:00,2.1,14062.0,United Kingdom,50.400000000000006,2010
558777,21680,WOODLAND  STICKERS,1,2011-07-04 10:23:00,1.63,,United Kingdom,1.63,2011
566869,22662,LUNCH BAG DOLLY GIRL DESIGN,10,2011-09-15 13:20:00,1.65,13658.0,United Kingdom,16.5,2011
556917,23192,BUNDLE OF 3 ALPHABET EXERCISE BOOKS,144,2011-06-15 13:37:00,1.45,12415.0,Australia,208.79999999999998,2011
498114,21485,RED SPOT HEART HOT WATER BOTTLE,24,2010-02-16 14:32:00,4.25,15311.0,United Kingdom,102.0,2010
504586,47566B,TEA TIME PARTY BUNTING,5,2010-04-15 09:45:00,4.65,18190.0,United Kingdom,23.25,2010
499765,20747,PICCADILLY TEA SET,31,2010-03-02 13:15:00,12.72,,United Kingdom,394.32,2010
571716,21915,RED  HARMONICA IN BOX ,1,2011-10-18 17:05:00,2.46,,United Kingdom,2.46,2011
567190,23355,HOT WATER BOTTLE KEEP CALM,24,2011-09-19 09:14:00,4.15,18226.0,United Kingdom,99.60000000000001,2011
538177,21232,STRAWBERRY CERAMIC TRINKET BOX,3,2010-12-10 09:51:00,2.51,,United Kingdom,7.529999999999999,2010
507216,21673,WHITE SPOT BLUE CERAMIC DRAWER KNOB,12,2010-05-06 18:01:00,1.25,16126.0,United Kingdom,15.0,2010
578347,15056N,EDWARDIAN PARASOL NATURAL,1,2011-11-24 09:26:00,12.46,,United Kingdom,12.46,2011
535271,72799C,PINK PILLAR CANDLE SILVER FLOCK,2,2010-11-25 13:42:00,2.95,15967.0,United Kingdom,5.9,2010
500338,21717,EASTER TIN BUCKET,1,2010-03-07 14:05:00,2.55,13276.0,United Kingdom,2.55,2010
490957,21042,RED SPOTTY APRON ,6,2009-12-08 15:12:00,5.95,15823.0,United Kingdom,35.7,2009
519255,82581,TOILET METAL SIGN,2,2010-08-15 15:36:00,0.55,14183.0,United Kingdom,1.1,2010
552033,22664,TOY TIDY DOLLY GIRL DESIGN,10,2011-05-05 18:36:00,2.1,14776.0,United Kingdom,21.0,2011
558370,22232,JIGSAW TOADSTOOLS 3 PIECE,12,2011-06-28 15:44:00,0.59,17750.0,United Kingdom,7.08,2011
546530,21704,BAG 250g SWIRLY MARBLES,72,2011-03-14 13:25:00,0.85,17404.0,Sweden,61.199999999999996,2011
553176,47504K,ENGLISH ROSE GARDEN SECATEURS,2,2011-05-15 11:22:00,1.95,14689.0,United Kingdom,3.9,2011
522985,20972,PINK CREAM FELT CRAFT TRINKET BOX ,12,2010-09-19 14:12:00,1.25,14776.0,United Kingdom,15.0,2010
551009,21328,BALLOONS  WRITING SET ,1,2011-04-26 09:50:00,3.29,,United Kingdom,3.29,2011
575504,23247,BISCUIT TIN 50'S CHRISTMAS,6,2011-11-10 10:29:00,2.89,14895.0,United Kingdom,17.34,2011
570871,21494,ROTATING LEAVES T-LIGHT HOLDER,1,2011-10-12 16:36:00,2.46,,United Kingdom,2.46,2011
493435,85049B,LUSH GREENS RIBBONS,8,2010-01-04 12:57:00,1.25,13206.0,United Kingdom,10.0,2010
496488,90214C,"LETTER ""C"" BLING KEY RING",1,2010-02-01 17:16:00,1.25,14606.0,United Kingdom,1.25,2010
534472,84993A,75 GREEN PETIT FOUR CASES,1,2010-11-23 10:27:00,0.42,17126.0,United Kingdom,0.42,2010
519917,21866,UNION JACK FLAG LUGGAGE TAG,3,2010-08-22 14:31:00,1.25,15555.0,United Kingdom,3.75,2010
514520,21509,COWBOYS AND INDIANS BIRTHDAY CARD ,12,2010-07-05 09:27:00,0.36,17850.0,United Kingdom,4.32,2010
495711,21127,COLOURFUL FISHING GNOME,2,2010-01-26 13:40:00,5.95,13097.0,United Kingdom,11.9,2010
510439,21684,SMALL MEDINA STAMPED METAL BOWL ,12,2010-05-30 14:39:00,0.85,14572.0,United Kingdom,10.2,2010
536532,22632,HAND WARMER RED RETROSPOT,12,2010-12-01 13:24:00,2.1,12433.0,Norway,25.200000000000003,2010
546912,22744,MAKE YOUR OWN MONSOON CARD KIT,2,2011-03-17 20:12:00,2.95,15861.0,United Kingdom,5.9,2011
538071,22740,POLKADOT PEN,10,2010-12-09 14:09:00,1.66,,United Kingdom,16.599999999999998,2010
559317,21991,BOHEMIAN COLLAGE STATIONERY SET,2,2011-07-07 14:03:00,1.25,17611.0,United Kingdom,2.5,2011
536597,40001,WHITE BAMBOO RIBS LAMPSHADE,4,2010-12-01 17:35:00,0.85,18011.0,United Kingdom,3.4,2010
524351,22804,CANDLEHOLDER PINK HANGING HEART,2,2010-09-28 16:25:00,2.95,13554.0,United Kingdom,5.9,2010
514008,22457,NATURAL SLATE HEART CHALKBOARD ,6,2010-06-30 09:50:00,2.95,16170.0,United Kingdom,17.700000000000003,2010
534347,22572,ROCKING HORSE GREEN CHRISTMAS ,10,2010-11-22 11:52:00,0.85,15024.0,United Kingdom,8.5,2010
528108,37501,TEA TIME TEA SET IN GIFT BOX,1,2010-10-20 13:48:00,6.95,15311.0,United Kingdom,6.95,2010
579777,23212,HEART WREATH DECORATION WITH BELL,5,2011-11-30 15:13:00,2.46,,United Kingdom,12.3,2011
489439,16169N,WRAP BLUE RUSSIAN FOLKART,25,2009-12-01 09:28:00,0.42,12682.0,France,10.5,2009
553161,20724,RED RETROSPOT CHARLOTTE BAG,10,2011-05-13 15:48:00,0.85,12681.0,France,8.5,2011
560690,23291,DOLLY GIRL CHILDRENS CUP,8,2011-07-20 12:00:00,1.25,16807.0,United Kingdom,10.0,2011
499965,21413,PERIWINKLE T-LIGHT HOLDER,3,2010-03-03 13:57:00,1.25,16461.0,United Kingdom,3.75,2010
497740,22128,PARTY CONES CANDY ASSORTED,12,2010-02-12 10:26:00,1.25,13815.0,Germany,15.0,2010
565618,21179,NO JUNK MAIL METAL SIGN,24,2011-09-05 15:40:00,0.39,15974.0,United Kingdom,9.36,2011
574950,21977,PACK OF 60 PINK PAISLEY CAKE CASES,1,2011-11-08 09:29:00,1.25,,United Kingdom,1.25,2011
554520,22090,PAPER BUNTING RETROSPOT,1,2011-05-24 17:03:00,2.95,17841.0,United Kingdom,2.95,2011
524965,21828,EIGHT PIECE SNAKE  SET,1,2010-10-01 14:07:00,1.25,17555.0,United Kingdom,1.25,2010
537823,22544,MINI JIGSAW SPACEBOY,1,2010-12-08 14:25:00,0.85,,United Kingdom,0.85,2010
557954,71053,WHITE METAL LANTERN,4,2011-06-23 18:44:00,3.75,15023.0,United Kingdom,15.0,2011
552721,22925,BLUE GIANT GARDEN THERMOMETER,2,2011-05-11 09:55:00,5.95,14691.0,United Kingdom,11.9,2011
517457,22423,REGENCY CAKESTAND 3 TIER,5,2010-07-29 11:23:00,12.75,16883.0,United Kingdom,63.75,2010
494889,21174,POTTERING IN THE SHED METAL SIGN,3,2010-01-19 13:09:00,1.95,14472.0,United Kingdom,5.85,2010
565465,22988,SOLDIERS EGG CUP ,12,2011-09-05 09:46:00,1.25,15364.0,United Kingdom,15.0,2011
547249,21773,DECORATIVE ROSE BATHROOM BOTTLE,1,2011-03-22 09:27:00,2.46,,United Kingdom,2.46,2011
547398,21928,JUMBO BAG SCANDINAVIAN BLUE PAISLEY,2,2011-03-22 16:55:00,4.13,,United Kingdom,8.26,2011
496010,22318,FIVE HEART HANGING DECORATION,1,2010-01-28 12:42:00,2.95,17841.0,United Kingdom,2.95,2010
501430,21590,KINGS CHOICE CIGAR BOX MATCHES ,24,2010-03-16 12:53:00,1.25,17679.0,United Kingdom,30.0,2010
562113,22993,SET OF 4 PANTRY JELLY MOULDS,1,2011-08-02 16:11:00,2.46,,United Kingdom,2.46,2011
512461,37503,TEA TIME CAKE STAND IN GIFT BOX,2,2010-06-16 10:23:00,10.75,13338.0,United Kingdom,21.5,2010
508068,21314,SMALL GLASS HEART TRINKET POT,24,2010-05-12 14:23:00,2.1,13756.0,United Kingdom,50.400000000000006,2010
512736,22423,REGENCY CAKESTAND 3 TIER,1,2010-06-17 14:04:00,12.75,16554.0,United Kingdom,12.75,2010
567901,20914,SET/5 RED RETROSPOT LID GLASS BOWLS,1,2011-09-22 16:28:00,5.79,,United Kingdom,5.79,2011
538071,21917,SET 12 KIDS  WHITE CHALK STICKS,4,2010-12-09 14:09:00,0.85,,United Kingdom,3.4,2010
501441,21107,CREAM SLICE FLANNEL PINK SPOT ,1,2010-03-16 13:44:00,5.91,,United Kingdom,5.91,2010
536446,22142,CHRISTMAS CRAFT WHITE FAIRY ,2,2010-12-01 12:15:00,1.45,15983.0,United Kingdom,2.9,2010
497236,84970S,HANGING HEART ZINC T-LIGHT HOLDER,72,2010-02-08 10:17:00,0.85,18061.0,United Kingdom,61.199999999999996,2010
574476,23330,DECORATIVE WICKER HEART MEDIUM,2,2011-11-04 12:20:00,1.25,17203.0,United Kingdom,2.5,2011
539472,22473,TV DINNER TRAY VINTAGE PAISLEY,1,2010-12-19 14:23:00,4.95,15581.0,United Kingdom,4.95,2010
565803,22352,LUNCH BOX WITH CUTLERY RETROSPOT ,6,2011-09-07 10:38:00,2.55,17735.0,United Kingdom,15.299999999999999,2011
541932,48184,DOORMAT ENGLISH ROSE ,20,2011-01-24 11:39:00,6.75,14439.0,Greece,135.0,2011
548808,21447,12 IVORY ROSE PEG PLACE SETTINGS,3,2011-04-04 12:55:00,1.25,17774.0,United Kingdom,3.75,2011
523696,22355,CHARLOTTE BAG SUKI DESIGN,2,2010-09-23 14:47:00,1.66,,United Kingdom,3.32,2010
548176,21644,ASSORTED TUTTI FRUTTI HEART BOX,4,2011-03-29 14:20:00,1.25,13439.0,United Kingdom,5.0,2011
564837,21131,GOLD STANDING GNOME,1,2011-08-30 12:40:00,8.29,,United Kingdom,8.29,2011
578334,22966,GINGERBREAD MAN COOKIE CUTTER,12,2011-11-24 08:53:00,1.25,15594.0,United Kingdom,15.0,2011
525448,22569,FELTCRAFT CUSHION BUTTERFLY,2,2010-10-05 14:05:00,3.75,16938.0,United Kingdom,7.5,2010
504103,22550,HOLIDAY FUN LUDO,2,2010-04-09 14:53:00,7.62,,United Kingdom,15.24,2010
544214,22110,BIRD HOUSE HOT WATER BOTTLE,1,2011-02-17 11:19:00,7.46,,United Kingdom,7.46,2011
551729,20712,JUMBO BAG WOODLAND ANIMALS,10,2011-05-04 08:52:00,2.08,12720.0,Germany,20.8,2011
503333,20749,ASSORTED COLOUR MINI CASES,2,2010-03-31 12:21:00,7.95,16133.0,United Kingdom,15.9,2010
570008,C2,CARRIAGE,1,2011-10-07 09:30:00,50.0,13359.0,United Kingdom,50.0,2011
525221,21253,SET OF PICTURE FRAME  STICKERS,1,2010-10-04 12:51:00,5.91,,United Kingdom,5.91,2010
537208,48187,DOORMAT NEW ENGLAND,1,2010-12-05 15:12:00,7.95,15889.0,United Kingdom,7.95,2010
560090,90200B,BLACK SWEETHEART BRACELET,1,2011-07-14 16:46:00,4.15,,United Kingdom,4.15,2011
550636,21179,NO JUNK MAIL METAL SIGN,1,2011-04-19 15:37:00,1.63,,United Kingdom,1.63,2011
504848,21121,SET/10 RED SPOTTY PARTY CANDLES,2,2010-04-16 17:12:00,1.25,14623.0,United Kingdom,2.5,2010
521398,84849D,HOT BATHS SOAP HOLDER,2,2010-09-05 16:10:00,1.69,14415.0,United Kingdom,3.38,2010
543006,84997C,BLUE 3 PIECE POLKADOT CUTLERY SET,1,2011-02-02 12:53:00,3.75,17975.0,United Kingdom,3.75,2011
523864,21115,ROSE CARAVAN DOORSTOP,2,2010-09-24 12:24:00,6.75,15034.0,United Kingdom,13.5,2010
528087,22394,PAPERWEIGHT KINGS CHOICE ,1,2010-10-20 13:09:00,2.55,16521.0,United Kingdom,2.55,2010
578941,21289,LARGE STRIPES CHOCOLATE GIFT BAG,4,2011-11-27 13:26:00,1.25,16024.0,United Kingdom,5.0,2011
495503,22196,SMALL HEART MEASURING SPOONS,5,2010-01-25 12:50:00,0.85,15858.0,United Kingdom,4.25,2010
569360,22151,PLACE SETTING WHITE HEART,12,2011-10-03 14:59:00,0.42,14653.0,United Kingdom,5.04,2011
558647,20727,LUNCH BAG  BLACK SKULL.,10,2011-07-01 10:39:00,1.65,14868.0,United Kingdom,16.5,2011
547250,21385,IVORY HANGING DECORATION  HEART,1,2011-03-22 09:30:00,1.63,,United Kingdom,1.63,2011
579689,22460,EMBOSSED GLASS TEALIGHT HOLDER,1,2011-11-30 14:00:00,1.25,14606.0,United Kingdom,1.25,2011
519231,22630,DOLLY GIRL LUNCH BOX,2,2010-08-15 13:05:00,1.95,17372.0,United Kingdom,3.9,2010
575176,23422,PANTRY HOOK BALLOON WHISK ,1,2011-11-08 18:29:00,4.13,,United Kingdom,4.13,2011
553549,21531,RED RETROSPOT SUGAR JAM BOWL,1,2011-05-17 16:09:00,4.96,,United Kingdom,4.96,2011
562100,84880,WHITE WIRE EGG HOLDER,3,2011-08-02 14:00:00,7.5,13437.0,United Kingdom,22.5,2011
559338,23253,16 PIECE CUTLERY SET PANTRY DESIGN,1,2011-07-07 16:30:00,14.13,,United Kingdom,14.13,2011
577768,23013,GLASS APOTHECARY BOTTLE TONIC,1,2011-11-21 15:18:00,8.29,,United Kingdom,8.29,2011
570210,20748,KENSINGTON COFFEE SET,2,2011-10-09 10:48:00,12.75,13259.0,United Kingdom,25.5,2011
502030,37503,TEA TIME CAKE STAND IN GIFT BOX,1,2010-03-22 13:11:00,21.23,,United Kingdom,21.23,2010
540003,22427,ENAMEL FLOWER JUG CREAM,3,2011-01-04 10:37:00,5.95,16875.0,United Kingdom,17.85,2011
539595,21790,VINTAGE SNAP CARDS,4,2010-12-20 13:43:00,1.66,,United Kingdom,6.64,2010
519929,22197,SMALL POPCORN HOLDER,10,2010-08-22 15:39:00,0.85,17589.0,United Kingdom,8.5,2010
519877,21680,WOODLAND  STICKERS,12,2010-08-22 10:33:00,0.85,14016.0,EIRE,10.2,2010
569077,35911A,MULTICOLOUR RABBIT EGG WARMER,24,2011-09-30 11:18:00,0.85,13092.0,United Kingdom,20.4,2011
495185,84932B,SMALL PINK PEONY FOLDING STOOL,8,2010-01-21 14:01:00,1.95,14439.0,Greece,15.6,2010
553343,22487,WHITE WOOD GARDEN PLANT LADDER,4,2011-05-16 12:35:00,8.5,16642.0,United Kingdom,34.0,2011
498433,21388,IVORY HANGING DECORATION  CHICKEN,12,2010-02-18 17:50:00,0.85,13001.0,United Kingdom,10.2,2010
543546,84031B,CHARLIE LOLA BLUE HOT WATER BOTTLE ,1,2011-02-09 16:52:00,4.13,,United Kingdom,4.13,2011
534392,21669,BLUE STRIPE CERAMIC DRAWER KNOB,12,2010-11-22 13:09:00,1.25,12633.0,Germany,15.0,2010
577893,21616,4 PEAR BOTANICAL DINNER CANDLES,1,2011-11-22 11:47:00,1.25,17073.0,United Kingdom,1.25,2011
576326,23222,CHRISTMAS TREE HANGING GOLD,16,2011-11-14 15:18:00,0.83,16504.0,United Kingdom,13.28,2011
563076,22745,POPPY'S PLAYHOUSE BEDROOM ,60,2011-08-11 16:12:00,1.85,14646.0,Netherlands,111.0,2011
578548,22411,JUMBO SHOPPER VINTAGE RED PAISLEY,1,2011-11-24 15:03:00,2.08,17345.0,United Kingdom,2.08,2011
493276,22086,PAPER CHAIN KIT 50'S CHRISTMAS ,1,2009-12-22 15:10:00,6.04,,United Kingdom,6.04,2009
581057,23139,SINGLE WIRE HOOK PINK HEART,24,2011-12-07 11:03:00,0.39,16817.0,United Kingdom,9.36,2011
527892,84989A,75 GREEN FAIRY CAKE CASES,6,2010-10-19 12:17:00,0.55,14585.0,United Kingdom,3.3000000000000003,2010
502090,20992,JAZZ HEARTS PURSE NOTEBOOK,1,2010-03-22 16:16:00,1.66,,United Kingdom,1.66,2010
565150,22789,T-LIGHT HOLDER SWEETHEART HANGING,8,2011-09-01 14:26:00,1.65,14298.0,United Kingdom,13.2,2011
564760,21744,SNOWFLAKE PORTABLE TABLE LIGHT ,2,2011-08-30 10:47:00,5.79,,United Kingdom,11.58,2011
549233,22558,CLOTHES PEGS RETROSPOT PACK 24 ,12,2011-04-07 11:06:00,1.49,14912.0,Italy,17.88,2011
565442,22327,ROUND SNACK BOXES SET OF 4 SKULLS,12,2011-09-04 14:09:00,2.95,12627.0,Germany,35.400000000000006,2011
513251,22382,LUNCH BAG SPACEBOY DESIGN ,10,2010-06-23 10:49:00,1.65,14624.0,United Kingdom,16.5,2010
515320,21080,SET/20 RED SPOTTY PAPER NAPKINS ,2,2010-07-11 12:06:00,0.85,15965.0,United Kingdom,1.7,2010
539595,21832,CHOCOLATE CALCULATOR,1,2010-12-20 13:43:00,3.36,,United Kingdom,3.36,2010
567180,23300,GARDENERS KNEELING PAD CUP OF TEA ,2,2011-09-18 14:56:00,1.65,17802.0,United Kingdom,3.3,2011
574740,22969,HOMEMADE JAM SCENTED CANDLES,96,2011-11-06 16:07:00,1.25,12357.0,Switzerland,120.0,2011
562100,22766,PHOTO FRAME CORNICE,8,2011-08-02 14:00:00,2.95,13437.0,United Kingdom,23.6,2011
507421,47566,PARTY BUNTING,1,2010-05-09 15:07:00,4.65,12748.0,United Kingdom,4.65,2010
576070,23156,SET OF 5 MINI GROCERY MAGNETS,6,2011-11-13 15:58:00,2.08,13451.0,United Kingdom,12.48,2011
540550,22845,VINTAGE CREAM CAT FOOD CONTAINER,2,2011-01-10 09:11:00,6.35,12539.0,Spain,12.7,2011
580536,22379,RECYCLING BAG RETROSPOT ,5,2011-12-04 16:07:00,2.1,12490.0,France,10.5,2011
561605,23297,SET 40 HEART SHAPE PETIT FOUR CASES,12,2011-07-28 12:09:00,1.65,13925.0,United Kingdom,19.799999999999997,2011
569246,22494,EMERGENCY FIRST AID TIN ,4,2011-10-03 09:57:00,2.46,14096.0,United Kingdom,9.84,2011
504444,47589,CONGRATULATIONS BUNTING,2,2010-04-13 14:36:00,5.45,14898.0,United Kingdom,10.9,2010
504916,48185,DOOR MAT FAIRY CAKE,1,2010-04-19 10:28:00,13.57,,United Kingdom,13.57,2010
501718,85124C,GREEN JUICY FRUIT PHOTO FRAME,6,2010-03-19 10:40:00,2.55,15325.0,United Kingdom,15.299999999999999,2010
571054,85032A,ROMANTIC IMAGES GIFT WRAP SET,1,2011-10-13 13:58:00,0.65,14234.0,United Kingdom,0.65,2011
580358,23313,VINTAGE CHRISTMAS BUNTING,1,2011-12-02 16:07:00,4.95,17238.0,United Kingdom,4.95,2011
500498,21735,TWO DOOR CURIO CABINET,2,2010-03-08 13:17:00,12.75,17672.0,United Kingdom,25.5,2010
528613,85099B,JUMBO BAG RED RETROSPOT,2,2010-10-22 15:57:00,4.21,,United Kingdom,8.42,2010
521470,84898F,YELLOW FLOWERS FELT HANDBAG KIT,4,2010-09-06 12:04:00,2.1,16246.0,United Kingdom,8.4,2010
527536,22119,PEACE WOODEN BLOCK LETTERS,1,2010-10-18 13:22:00,6.95,14667.0,United Kingdom,6.95,2010
508176,82494L,WOODEN FRAME ANTIQUE WHITE ,24,2010-05-13 12:00:00,2.55,13854.0,United Kingdom,61.199999999999996,2010
494143,21212,PACK OF 72 RETRO SPOT CAKE CASES,24,2010-01-11 14:04:00,0.55,12406.0,Denmark,13.200000000000001,2010
521486,46776E,WOVEN CANDY CUSHION COVER ,1,2010-09-06 13:36:00,4.21,,United Kingdom,4.21,2010
556182,22436,12 COLOURED PARTY BALLOONS,4,2011-06-09 11:35:00,0.65,16892.0,United Kingdom,2.6,2011
579094,23113,PANTRY CHOPPING BOARD,3,2011-11-28 10:56:00,4.95,12668.0,Germany,14.850000000000001,2011
569545,21579,LOLITA  DESIGN  COTTON TOTE BAG,1,2011-10-04 16:37:00,4.96,,United Kingdom,4.96,2011
579508,22662,LUNCH BAG DOLLY GIRL DESIGN,1,2011-11-29 16:33:00,4.13,,United Kingdom,4.13,2011
542344,22101,MIRROR MOSAIC VOTIVE HOLDER,10,2011-01-27 11:30:00,2.46,,United Kingdom,24.6,2011
531445,21231,SWEETHEART CERAMIC TRINKET BOX,12,2010-11-08 12:36:00,1.25,17470.0,United Kingdom,15.0,2010
522979,22399,MAGNETS PACK OF 4 CHILDHOOD MEMORY,3,2010-09-19 13:57:00,1.25,15519.0,United Kingdom,3.75,2010
510326,21172,PARTY METAL SIGN ,12,2010-05-28 12:53:00,1.45,15738.0,United Kingdom,17.4,2010
562258,23096,PETIT TRAY CHIC,2,2011-08-03 15:28:00,1.65,16348.0,United Kingdom,3.3,2011
559865,21929,JUMBO BAG PINK VINTAGE PAISLEY,10,2011-07-13 10:39:00,2.08,14409.0,United Kingdom,20.8,2011
540458,21041,RED RETROSPOT OVEN GLOVE DOUBLE,6,2011-01-07 12:28:00,2.95,12501.0,Germany,17.700000000000003,2011
568044,21481,FAWN BLUE HOT WATER BOTTLE,4,2011-09-23 12:10:00,3.75,15763.0,United Kingdom,15.0,2011
495963,21903,MAN FLU METAL SIGN,6,2010-01-28 10:42:00,2.1,13448.0,United Kingdom,12.600000000000001,2010
546774,22263,FELT EGG COSY LADYBIRD ,3,2011-03-16 15:45:00,0.85,14505.0,United Kingdom,2.55,2011
536544,21884,CAKES AND BOWS GIFT  TAPE,1,2010-12-01 14:32:00,1.66,,United Kingdom,1.66,2010
548718,22697,GREEN REGENCY TEACUP AND SAUCER,24,2011-04-04 08:50:00,2.55,14156.0,EIRE,61.199999999999996,2011
531768,20979,36 PENCILS TUBE RED RETROSPOT,1,2010-11-09 14:06:00,1.25,14170.0,United Kingdom,1.25,2010
489824,21173,LOO ROLL  METAL SIGN ,1,2009-12-02 13:33:00,1.65,16797.0,United Kingdom,1.65,2009
544598,22995,TRAVEL CARD WALLET SUKI,2,2011-02-21 18:10:00,0.83,,United Kingdom,1.66,2011
535313,84870C,GREEN GEISHA GIRL ,6,2010-11-25 14:53:00,3.75,15514.0,United Kingdom,22.5,2010
527423,22602,CHRISTMAS RETROSPOT HEART WOOD,12,2010-10-17 16:06:00,0.85,14755.0,United Kingdom,10.2,2010
575576,23376,PACK OF 12 VINTAGE CHRISTMAS TISSUE,24,2011-11-10 11:45:00,0.39,16025.0,United Kingdom,9.36,2011
514573,21576,LETS GO SHOPPING COTTON TOTE BAG,1,2010-07-05 12:00:00,2.25,17961.0,United Kingdom,2.25,2010
577504,23202,JUMBO BAG VINTAGE LEAF,2,2011-11-20 12:36:00,2.08,14159.0,United Kingdom,4.16,2011
560579,22816,CARD MOTORBIKE SANTA,12,2011-07-19 15:13:00,0.42,15867.0,United Kingdom,5.04,2011
534462,84840,SWEETHEART CARRY-ALL BASKET,2,2010-11-23 09:44:00,8.5,13651.0,United Kingdom,17.0,2010
556784,84879,ASSORTED COLOUR BIRD ORNAMENT,16,2011-06-14 13:15:00,1.69,14461.0,United Kingdom,27.04,2011
537219,21900,"KEY FOB , SHED",2,2010-12-05 15:47:00,0.65,14081.0,United Kingdom,1.3,2010
568659,23013,GLASS APOTHECARY BOTTLE TONIC,4,2011-09-28 12:28:00,3.95,13516.0,United Kingdom,15.8,2011
563739,84732B,CUTE BIRD CEATURE SCREEN,20,2011-08-18 20:05:00,0.39,17750.0,United Kingdom,7.800000000000001,2011
546261,22808,SET OF 6 T-LIGHTS EASTER CHICKS,1,2011-03-10 15:01:00,2.95,17841.0,United Kingdom,2.95,2011
574561,23320,GIANT 50'S CHRISTMAS CRACKER,1,2011-11-04 15:52:00,5.79,,United Kingdom,5.79,2011
514387,22399,MAGNETS PACK OF 4 CHILDHOOD MEMORY,12,2010-07-02 11:44:00,1.25,12633.0,Germany,15.0,2010
574082,23084,RABBIT NIGHT LIGHT,14,2011-11-02 16:37:00,2.08,16205.0,United Kingdom,29.12,2011
550993,21240,BLUE POLKADOT CUP,8,2011-04-21 19:51:00,0.85,15810.0,United Kingdom,6.8,2011
511039,84997D,PINK 3 PIECE MINI DOTS CUTLERY SET,5,2010-06-06 11:19:00,3.75,17589.0,United Kingdom,18.75,2010
501625,21837,CROSS STITCH ALPHABET CUSHION COVER,3,2010-03-18 11:40:00,5.95,15918.0,United Kingdom,17.85,2010
556056,22089,PAPER BUNTING VINTAGE PAISLEY,1,2011-06-08 13:35:00,2.95,17841.0,United Kingdom,2.95,2011
561894,22854,CREAM SWEETHEART EGG HOLDER,1,2011-07-31 15:00:00,4.95,14456.0,United Kingdom,4.95,2011
576846,84879,ASSORTED COLOUR BIRD ORNAMENT,8,2011-11-16 15:35:00,1.69,13500.0,United Kingdom,13.52,2011
546091,47590B,PINK HAPPY BIRTHDAY BUNTING,3,2011-03-09 11:53:00,5.45,14936.0,Channel Islands,16.35,2011
493700,22047,EMPIRE GIFT WRAP,25,2010-01-05 13:45:00,0.42,14422.0,United Kingdom,10.5,2010
553162,22079,RIBBON REEL HEARTS DESIGN ,1,2011-05-13 15:53:00,3.29,,United Kingdom,3.29,2011
491640,20686,DOLLY MIXTURE CHILDREN'S UMBRELLA,1,2009-12-11 16:11:00,3.25,15898.0,United Kingdom,3.25,2009
560504,22607,WOODEN ROUNDERS GARDEN SET ,4,2011-07-19 11:47:00,9.95,13081.0,United Kingdom,39.8,2011
531387,85068,CREAM SWEETHEART SHELF + HOOKS,1,2010-11-08 09:20:00,16.13,,United Kingdom,16.13,2010
498569,22171,3 HOOK PHOTO SHELF ANTIQUE WHITE,4,2010-02-21 12:50:00,8.5,14911.0,EIRE,34.0,2010
570229,22111,SCOTTIE DOG HOT WATER BOTTLE,1,2011-10-09 13:30:00,4.95,15756.0,United Kingdom,4.95,2011
552442,48138,DOORMAT UNION FLAG,4,2011-05-09 13:03:00,7.95,14667.0,United Kingdom,31.8,2011
578151,23296,SET OF 6 TEA TIME BAKING CASES,8,2011-11-23 11:18:00,1.25,16020.0,United Kingdom,10.0,2011
574673,22766,PHOTO FRAME CORNICE,2,2011-11-06 12:26:00,2.95,15555.0,United Kingdom,5.9,2011
545530,22355,CHARLOTTE BAG SUKI DESIGN,20,2011-03-03 13:45:00,0.85,17416.0,United Kingdom,17.0,2011
522112,82551,LAUNDRY 15C METAL SIGN,2,2010-09-12 15:36:00,1.45,18168.0,United Kingdom,2.9,2010
520861,21137,BLACK RECORD COVER FRAME,2,2010-08-31 13:57:00,3.75,13714.0,United Kingdom,7.5,2010
536544,21262,WHITE GOOSE FEATHER CHRISTMAS TREE ,2,2010-12-01 14:32:00,7.62,,United Kingdom,15.24,2010
558441,22416,SET OF 36 DOILIES SPACEBOY DESIGN ,1,2011-06-29 12:59:00,1.45,14606.0,United Kingdom,1.45,2011
572517,16008,SMALL FOLDING SCISSOR(POINTED EDGE),48,2011-10-24 14:47:00,0.12,15068.0,United Kingdom,5.76,2011
562113,23202,JUMBO BAG VINTAGE LEAF,1,2011-08-02 16:11:00,4.13,,United Kingdom,4.13,2011
504623,22523,CHILDS GARDEN FORK PINK,1,2010-04-15 12:10:00,0.85,14656.0,United Kingdom,0.85,2010
537818,22114,HOT WATER BOTTLE TEA AND SYMPATHY,4,2010-12-08 13:53:00,3.95,12766.0,Portugal,15.8,2010
559356,21981,PACK OF 12 WOODLAND TISSUES ,24,2011-07-07 18:29:00,0.29,15416.0,United Kingdom,6.959999999999999,2011
579274,22549,PICTURE DOMINOES,12,2011-11-29 10:01:00,1.45,13467.0,United Kingdom,17.4,2011
531506,84380,SET OF 3 BUTTERFLY COOKIE CUTTERS,12,2010-11-08 15:34:00,1.25,12472.0,Germany,15.0,2010
551014,84077,WORLD WAR 2 GLIDERS ASSTD DESIGNS,48,2011-04-26 11:04:00,0.29,13209.0,United Kingdom,13.919999999999998,2011
535356,22421,LIPSTICK PEN FUSCHIA,1,2010-11-25 17:05:00,0.42,,United Kingdom,0.42,2010
537419,84949,SILVER HANGING T-LIGHT HOLDER,18,2010-12-06 15:14:00,1.65,13495.0,United Kingdom,29.7,2010
578264,20972,PINK CREAM FELT CRAFT TRINKET BOX ,1,2011-11-23 13:27:00,1.25,12748.0,United Kingdom,1.25,2011
562854,85015,SET OF 12  VINTAGE POSTCARD SET,24,2011-08-10 10:15:00,0.65,16133.0,United Kingdom,15.600000000000001,2011
547548,22558,CLOTHES PEGS RETROSPOT PACK 24 ,2,2011-03-23 15:37:00,1.49,15644.0,United Kingdom,2.98,2011
560732,22988,SOLDIERS EGG CUP ,3,2011-07-20 14:55:00,1.25,14056.0,United Kingdom,3.75,2011
507376,22567,20 DOLLY PEGS RETROSPOT,1,2010-05-09 11:29:00,1.25,13979.0,United Kingdom,1.25,2010
555592,22326,ROUND SNACK BOXES SET OF4 WOODLAND ,6,2011-06-06 10:04:00,2.95,14215.0,United Kingdom,17.700000000000003,2011
549957,20685,DOORMAT RED RETROSPOT,2,2011-04-13 13:45:00,7.95,13539.0,United Kingdom,15.9,2011
565854,23256,CHILDRENS CUTLERY SPACEBOY ,8,2011-09-07 13:22:00,4.15,12490.0,France,33.2,2011
515479,20703,BLUE PADDED SOFT MOBILE,1,2010-07-13 09:58:00,8.47,,United Kingdom,8.47,2010
573182,23310,BUBBLEGUM RING ASSORTED,36,2011-10-28 11:09:00,0.42,14232.0,United Kingdom,15.12,2011
548373,21454,PAINTED PINK RABBIT ,1,2011-03-30 16:34:00,0.83,,United Kingdom,0.83,2011
573336,23372,SET 36 COLOUR PENCILS DOLLY GIRL,2,2011-10-30 11:37:00,1.25,17372.0,United Kingdom,2.5,2011
504160,22297,HEART IVORY TRELLIS SMALL,4,2010-04-11 15:54:00,1.25,15555.0,United Kingdom,5.0,2010
546896,21094,SET/6 RED SPOTTY PAPER PLATES,3,2011-03-17 18:24:00,0.83,,United Kingdom,2.4899999999999998,2011
504633,84510F,SET OF 4 NEW ENGLAND COASTERS ,2,2010-04-15 13:07:00,1.25,15311.0,United Kingdom,2.5,2010
499895,22324,BLUE POLKADOT KIDS BAG,2,2010-03-03 11:51:00,1.95,14593.0,United Kingdom,3.9,2010
551812,22970,LONDON BUS COFFEE MUG,6,2011-05-04 11:39:00,2.55,15527.0,United Kingdom,15.299999999999999,2011
496615,35972,DAISY FOLKART HEART DECORATION,1,2010-02-03 08:50:00,2.51,,United Kingdom,2.51,2010
580660,21174,POTTERING IN THE SHED METAL SIGN,12,2011-12-05 13:49:00,2.08,16592.0,United Kingdom,24.96,2011
519817,22588,CARD HOLDER GINGHAM HEART,6,2010-08-20 13:41:00,2.55,14243.0,United Kingdom,15.299999999999999,2010
501624,20766,GARDEN PATH SKETCHBOOK,1,2010-03-18 11:39:00,3.75,14651.0,United Kingdom,3.75,2010
509031,46126A,ELVIS WALLHANGING / CURTAIN,6,2010-05-19 16:30:00,1.25,17950.0,United Kingdom,7.5,2010
549845,22294,HEART FILIGREE DOVE  SMALL,24,2011-04-12 14:22:00,1.25,16729.0,United Kingdom,30.0,2011
518231,20719,WOODLAND CHARLOTTE BAG,10,2010-08-05 15:28:00,0.85,12471.0,Germany,8.5,2010
534887,22600,CHRISTMAS RETROSPOT STAR WOOD,3,2010-11-24 14:55:00,0.85,16903.0,United Kingdom,2.55,2010
525311,21903,MAN FLU METAL SIGN,1,2010-10-05 10:39:00,2.1,17975.0,United Kingdom,2.1,2010
580730,21983,PACK OF 12 BLUE PAISLEY TISSUES ,1,2011-12-05 17:28:00,0.83,,United Kingdom,0.83,2011
527053,20828,GLITTER BUTTERFLY CLIPS,3,2010-10-14 13:05:00,2.55,14343.0,United Kingdom,7.6499999999999995,2010
525764,21136,PAINTED METAL PEARS ASSORTED,8,2010-10-07 10:39:00,1.69,12511.0,Greece,13.52,2010
580260,85150,LADIES & GENTLEMEN METAL SIGN,3,2011-12-02 12:36:00,2.55,14085.0,United Kingdom,7.6499999999999995,2011
538148,22166,WALL MIRROR RECTANGLE DIAMANTE PINK,2,2010-12-09 16:26:00,16.13,,United Kingdom,32.26,2010
511051,85018A,S/6 PAPER BOXES ROMANTIC IMAGES,1,2010-06-06 12:13:00,4.25,12911.0,United Kingdom,4.25,2010
527944,20972,PINK CREAM FELT CRAFT TRINKET BOX ,12,2010-10-19 14:54:00,1.25,13510.0,United Kingdom,15.0,2010
536018,82599,FANNY'S REST STOPMETAL SIGN,1,2010-11-29 15:48:00,2.1,17368.0,United Kingdom,2.1,2010
551995,22178,VICTORIAN GLASS HANGING T-LIGHT,2,2011-05-05 15:42:00,2.46,,United Kingdom,4.92,2011
534752,82599,FANNY'S REST STOPMETAL SIGN,1,2010-11-24 09:55:00,4.21,,United Kingdom,4.21,2010
522077,22531,MAGIC DRAWING SLATE CIRCUS PARADE  ,3,2010-09-12 11:03:00,0.42,16686.0,United Kingdom,1.26,2010
500356,90186A,AMETHYST HOOP EARRING FLORAL LEAF,1,2010-03-07 15:34:00,2.95,16984.0,United Kingdom,2.95,2010
570482,21932,SCANDINAVIAN PAISLEY PICNIC BAG,5,2011-10-10 17:00:00,1.65,17459.0,United Kingdom,8.25,2011
497603,20702,PINK PADDED MOBILE,3,2010-02-11 10:30:00,4.25,12567.0,France,12.75,2010
489791,84597C,RETRO PINK BALL ASHTRAY ,1,2009-12-02 12:06:00,1.25,15542.0,United Kingdom,1.25,2009
550519,22697,GREEN REGENCY TEACUP AND SAUCER,6,2011-04-19 09:31:00,2.95,13141.0,United Kingdom,17.700000000000003,2011
570022,84692,BOX OF 24 COCKTAIL PARASOLS,25,2011-10-07 10:21:00,0.42,14067.0,United Kingdom,10.5,2011
562844,22848,BREAD BIN DINER STYLE PINK,2,2011-08-10 08:41:00,16.95,12444.0,Norway,33.9,2011
506976,21826,EIGHT PIECE DINOSAUR SET,4,2010-05-05 12:55:00,1.25,18041.0,United Kingdom,5.0,2010
561933,22197,POPCORN HOLDER,12,2011-08-01 12:56:00,0.85,12949.0,United Kingdom,10.2,2011
545232,22228,BUNNY WOODEN PAINTED WITH BIRD ,12,2011-03-01 10:19:00,0.85,15676.0,United Kingdom,10.2,2011
494870,84997C,BLUE 3 PIECE MINI DOTS CUTLERY SET,2,2010-01-19 12:15:00,3.75,15998.0,United Kingdom,7.5,2010
570184,23176,ABC TREASURE BOOK BOX ,8,2011-10-07 14:46:00,2.25,14029.0,United Kingdom,18.0,2011
533795,22956,36 FOIL HEART CAKE CASES,6,2010-11-18 18:23:00,2.1,17735.0,United Kingdom,12.600000000000001,2010
506433,21726,MULTI HEARTS  STICKERS,12,2010-04-29 15:32:00,0.85,18141.0,United Kingdom,10.2,2010
497910,22149,FELTCRAFT 6 FLOWER FRIENDS,6,2010-02-14 13:40:00,2.1,15260.0,United Kingdom,12.600000000000001,2010
551983,21936,RED RETROSPOT PICNIC BAG,5,2011-05-05 14:32:00,2.95,17735.0,United Kingdom,14.75,2011
567428,84997A,CHILDRENS CUTLERY POLKADOT GREEN ,4,2011-09-20 11:35:00,4.15,14911.0,EIRE,16.6,2011
573576,22355,CHARLOTTE BAG SUKI DESIGN,1,2011-10-31 14:09:00,1.63,14096.0,United Kingdom,1.63,2011
553941,23284,DOORMAT KEEP CALM AND COME IN,2,2011-05-20 10:37:00,7.95,14334.0,United Kingdom,15.9,2011
546429,22483,RED GINGHAM TEDDY BEAR ,1,2011-03-13 15:25:00,2.95,17611.0,United Kingdom,2.95,2011
580025,22418,10 COLOUR SPACEBOY PEN,12,2011-12-01 11:53:00,0.85,15021.0,United Kingdom,10.2,2011
526504,21821,GLITTER STAR GARLAND WITH BELLS ,6,2010-10-12 10:38:00,3.75,15062.0,United Kingdom,22.5,2010
489594,22131,FOOD CONTAINER SET 3 LOVE HEART ,3,2009-12-01 14:19:00,1.95,15005.0,United Kingdom,5.85,2009
507235,22410,MONEY BOX HOUSEKEEPING DESIGN,12,2010-05-07 09:04:00,1.06,14298.0,United Kingdom,12.72,2010
493950,22314,OFFICE MUG WARMER CHOC+BLUE,8,2010-01-08 13:19:00,4.95,12681.0,France,39.6,2010
499853,21110,LARGE CAKE TOWEL PINK SPOTS,1,2010-03-02 16:50:00,6.75,16520.0,United Kingdom,6.75,2010
572567,23514,EMBROIDERED RIBBON REEL SALLY ,6,2011-10-25 10:27:00,2.08,12398.0,Switzerland,12.48,2011
567617,23334,IVORY WICKER HEART SMALL,48,2011-09-21 12:25:00,0.63,15140.0,United Kingdom,30.240000000000002,2011
556630,23203,JUMBO BAG DOILEY PATTERNS,10,2011-06-13 14:59:00,2.08,13999.0,United Kingdom,20.8,2011
563189,22326,ROUND SNACK BOXES SET OF4 WOODLAND ,6,2011-08-12 15:22:00,2.95,12682.0,France,17.700000000000003,2011
526669,20943,SET/6 GINGERBREAD STAR T-LIGHTS,4,2010-10-12 15:46:00,1.25,14838.0,United Kingdom,5.0,2010
527965,22061,LARGE CAKE STAND  HANGING STRAWBERY,2,2010-10-20 09:46:00,9.95,17865.0,United Kingdom,19.9,2010
580677,23461,SWEETHEART BIRD HOUSE,1,2011-12-05 14:40:00,4.15,16200.0,United Kingdom,4.15,2011
491041,90205C,LARGE CRYSTAL DIAMANTE HAIRSLIDE,1,2009-12-09 09:42:00,1.72,,United Kingdom,1.72,2009
572861,21669,BLUE STRIPE CERAMIC DRAWER KNOB,6,2011-10-26 12:46:00,1.45,14102.0,United Kingdom,8.7,2011
507383,22089,PAPER BUNTING VINTAGE PAISLEY,6,2010-05-09 12:03:00,2.95,14839.0,United Kingdom,17.700000000000003,2010
553747,84879,ASSORTED COLOUR BIRD ORNAMENT,8,2011-05-19 09:47:00,1.69,13627.0,United Kingdom,13.52,2011
511855,22029,SPACEBOY BIRTHDAY CARD,12,2010-06-11 08:25:00,0.42,12681.0,France,5.04,2010
525070,22178,VICTORIAN GLASS HANGING T-LIGHT,6,2010-10-03 14:47:00,1.25,16549.0,United Kingdom,7.5,2010
494144,82482,WOODEN PICTURE FRAME WHITE FINISH,1,2010-01-11 14:35:00,5.06,,United Kingdom,5.06,2010
513766,21713,CITRONELLA CANDLE FLOWERPOT,16,2010-06-28 13:28:00,2.1,15882.0,United Kingdom,33.6,2010
504318,21876,POTTERING MUG,2,2010-04-12 14:48:00,1.25,15466.0,United Kingdom,2.5,2010
495184,85174,S/4 CACTI CANDLES,1,2010-01-21 13:58:00,4.95,17841.0,United Kingdom,4.95,2010
511461,35810B,ENAMEL BLUE RIM COFFEE CONTAINER,6,2010-06-08 12:54:00,2.1,12647.0,Germany,12.600000000000001,2010
536865,82583,HOT BATHS METAL SIGN,4,2010-12-03 11:28:00,4.21,,United Kingdom,16.84,2010
571828,23359,SET OF 12 T-LIGHTS VINTAGE DOILY,6,2011-10-19 11:52:00,1.95,16440.0,United Kingdom,11.7,2011
548194,22464,HANGING METAL HEART LANTERN,9,2011-03-29 15:30:00,3.29,,United Kingdom,29.61,2011
524125,22952,72 CAKE CASES VINTAGE CHRISTMAS,24,2010-09-27 14:20:00,0.55,15382.0,United Kingdom,13.200000000000001,2010
559801,21428,SET3 BOOK BOX GREEN GINGHAM FLOWER ,1,2011-07-12 13:46:00,8.29,,United Kingdom,8.29,2011
560383,22993,SET OF 4 PANTRY JELLY MOULDS,12,2011-07-18 12:52:00,1.25,16762.0,United Kingdom,15.0,2011
578065,22355,CHARLOTTE BAG SUKI DESIGN,1,2011-11-22 15:41:00,1.63,,United Kingdom,1.63,2011
562354,21394,RED POLKADOT BEAKER ,48,2011-08-04 13:15:00,0.39,17470.0,United Kingdom,18.72,2011
510174,21108,FAIRY CAKE FLANNEL ASSORTED COLOUR,9,2010-05-27 14:51:00,2.55,13357.0,United Kingdom,22.95,2010
541698,85206B,PINK FELT EASTER EGG BASKET,8,2011-01-20 19:16:00,1.65,14713.0,United Kingdom,13.2,2011
489863,84029E,RED WOOLLY HOTTIE WHITE HEART.,1,2009-12-02 14:55:00,3.75,15917.0,United Kingdom,3.75,2009
578667,22511,RETROSPOT BABUSHKA DOORSTOP,2,2011-11-24 17:10:00,3.75,15514.0,United Kingdom,7.5,2011
557319,22558,CLOTHES PEGS RETROSPOT PACK 24 ,12,2011-06-20 08:23:00,1.65,15076.0,United Kingdom,19.799999999999997,2011
538566,22423,REGENCY CAKESTAND 3 TIER,1,2010-12-13 11:21:00,25.49,,United Kingdom,25.49,2010
576339,21485,RETROSPOT HEART HOT WATER BOTTLE,2,2011-11-14 15:27:00,10.79,14096.0,United Kingdom,21.58,2011
491188,21212,PACK OF 72 RETRO SPOT CAKE CASES,1,2009-12-10 12:30:00,0.55,17377.0,United Kingdom,0.55,2009
575146,23355,HOT WATER BOTTLE KEEP CALM,24,2011-11-08 15:45:00,4.15,17313.0,United Kingdom,99.60000000000001,2011
552263,23209,LUNCH BAG DOILEY PATTERN ,10,2011-05-08 11:38:00,1.65,15561.0,United Kingdom,16.5,2011
567507,22328,ROUND SNACK BOXES SET OF 4 FRUITS ,3,2011-09-20 14:46:00,4.13,,United Kingdom,12.39,2011
555925,22494,EMERGENCY FIRST AID TIN ,1,2011-06-07 17:13:00,2.46,,United Kingdom,2.46,2011
494264,20796,SMALL BLUE PROVENCAL CERAMIC BALL,4,2010-01-12 16:55:00,1.65,17576.0,United Kingdom,6.6,2010
513744,22090,PAPER BUNTING RETRO SPOTS,6,2010-06-28 12:22:00,2.95,14295.0,United Kingdom,17.700000000000003,2010
574165,51014C,"FEATHER PEN,COAL BLACK",24,2011-11-03 11:36:00,0.39,14815.0,United Kingdom,9.36,2011
500730,21212,PACK OF 72 RETRO SPOT CAKE CASES,24,2010-03-09 16:02:00,0.55,15078.0,United Kingdom,13.200000000000001,2010
531387,85231B,CINAMMON SET OF 9 T-LIGHTS,6,2010-11-08 09:20:00,1.66,,United Kingdom,9.959999999999999,2010
569653,22336,DOVE DECORATION PAINTED ZINC ,96,2011-10-05 12:52:00,0.19,12451.0,Switzerland,18.240000000000002,2011
535953,84997B,RED 3 PIECE RETROSPOT CUTLERY SET,4,2010-11-29 12:13:00,3.75,15039.0,United Kingdom,15.0,2010
571274,23469,CARD HOLDER LOVE BIRD SMALL,1,2011-10-16 12:25:00,4.15,16934.0,United Kingdom,4.15,2011
552013,23201,JUMBO BAG ALPHABET,10,2011-05-05 17:34:00,2.08,12451.0,Switzerland,20.8,2011
571747,23493,VINTAGE DOILY TRAVEL SEWING KIT,10,2011-10-19 10:59:00,1.95,13849.0,United Kingdom,19.5,2011
553384,20725,LUNCH BAG RED RETROSPOT,3,2011-05-16 15:53:00,1.65,16899.0,United Kingdom,4.949999999999999,2011
558348,22713,CARD I LOVE LONDON ,12,2011-06-28 14:50:00,0.42,17188.0,United Kingdom,5.04,2011
578506,23129,HEART SHAPED HOLLY WREATH,3,2011-11-24 13:01:00,4.15,17458.0,United Kingdom,12.450000000000001,2011
502314,21622,VINTAGE UNION JACK CUSHION COVER,8,2010-03-24 09:52:00,4.95,13078.0,United Kingdom,39.6,2010
526403,22489,PACK OF 12 TRADITIONAL CRAYONS,4,2010-10-11 13:49:00,0.85,,United Kingdom,3.4,2010
566314,23352,ROLL WRAP 50'S RED CHRISTMAS ,12,2011-09-12 09:57:00,1.25,15358.0,United Kingdom,15.0,2011
520567,21243,PINK  SPOTTY PLATE ,5,2010-08-26 17:56:00,1.69,16782.0,United Kingdom,8.45,2010
571851,22625,RED KITCHEN SCALES,2,2011-10-19 13:02:00,8.5,12596.0,Spain,17.0,2011
512168,84796B,BLUE SAVANNAH PICNIC HAMPER FOR 2,9,2010-06-14 11:24:00,8.47,,United Kingdom,76.23,2010
542303,21880,RED RETROSPOT TAPE,12,2011-01-27 11:05:00,0.65,12539.0,Spain,7.800000000000001,2011
534388,72802A,ROSE SCENT CANDLE IN JEWELLED BOX,1,2010-11-22 12:59:00,4.25,14994.0,United Kingdom,4.25,2010
560918,23176,ABC TREASURE BOOK BOX ,8,2011-07-21 18:27:00,2.25,14849.0,United Kingdom,18.0,2011
522337,22654,DELUXE SEWING KIT ,8,2010-09-14 10:34:00,5.95,13440.0,United Kingdom,47.6,2010
561514,85176,SEWING SUSAN 21 NEEDLE SET,12,2011-07-27 15:14:00,0.85,14331.0,United Kingdom,10.2,2011
571566,21380,WOODEN HAPPY BIRTHDAY GARLAND,6,2011-10-18 10:19:00,2.95,13594.0,United Kingdom,17.700000000000003,2011
538879,22595,CHRISTMAS GINGHAM HEART,36,2010-12-14 15:50:00,0.85,15392.0,United Kingdom,30.599999999999998,2010
530140,84032A,CHARLIE+LOLA PINK HOT WATER BOTTLE,3,2010-11-01 16:45:00,3.36,,United Kingdom,10.08,2010
552735,22892,SET OF SALT AND PEPPER TOADSTOOLS,12,2011-05-11 10:49:00,1.25,17428.0,United Kingdom,15.0,2011
559349,48184,DOORMAT ENGLISH ROSE ,2,2011-07-07 17:33:00,7.95,15150.0,United Kingdom,15.9,2011
572681,23582,VINTAGE DOILY JUMBO BAG RED ,10,2011-10-25 13:51:00,2.08,13510.0,United Kingdom,20.8,2011
533375,21826,EIGHT PIECE DINOSAUR SET,48,2010-11-17 10:39:00,1.25,14049.0,United Kingdom,60.0,2010
523002,21899,"KEY FOB , GARAGE DESIGN",4,2010-09-19 16:02:00,0.65,16655.0,United Kingdom,2.6,2010
532023,22326,ROUND SNACK BOXES SET OF4 WOODLAND ,1,2010-11-10 13:13:00,2.95,14963.0,United Kingdom,2.95,2010
575177,21744,SNOWFLAKE PORTABLE TABLE LIGHT ,4,2011-11-08 18:41:00,2.46,,United Kingdom,9.84,2011
506138,84507C,BLUE CIRCLES DESIGN MONKEY DOLL,3,2010-04-27 15:32:00,2.55,15005.0,United Kingdom,7.6499999999999995,2010
545662,22993,SET OF 4 PANTRY JELLY MOULDS,12,2011-03-04 14:42:00,1.25,15358.0,United Kingdom,15.0,2011
536804,21658,GLASS  BEURRE DISH,8,2010-12-02 16:34:00,3.95,14031.0,United Kingdom,31.6,2010
547918,22595,GINGHAM HEART DECORATION,12,2011-03-28 12:49:00,0.85,15249.0,United Kingdom,10.2,2011
531333,72800E,4 IVORY DINNER CANDLES SILVER FLOCK,3,2010-11-07 12:31:00,2.55,17774.0,United Kingdom,7.6499999999999995,2010
522431,22112,CHOCOLATE HOT WATER BOTTLE,3,2010-09-14 13:32:00,4.95,17534.0,United Kingdom,14.850000000000001,2010
527925,22985,"WRAP, BILLBOARD FONTS DESIGN",25,2010-10-19 13:20:00,0.42,17397.0,United Kingdom,10.5,2010
579470,23367,SET 12 COLOUR PENCILS SPACEBOY ,3,2011-11-29 15:06:00,0.65,16549.0,United Kingdom,1.9500000000000002,2011
553411,22716,CARD CIRCUS PARADE,12,2011-05-17 09:28:00,0.42,12714.0,France,5.04,2011
562955,22681,FRENCH BLUE METAL DOOR SIGN 6,2,2011-08-11 10:14:00,2.46,,United Kingdom,4.92,2011
501136,21622,VINTAGE UNION JACK CUSHION COVER,1,2010-03-14 11:55:00,4.95,15994.0,United Kingdom,4.95,2010
533289,22457,NATURAL SLATE HEART CHALKBOARD ,6,2010-11-16 15:44:00,2.95,13643.0,United Kingdom,17.700000000000003,2010
506082,22524,CHILDRENS GARDEN GLOVES BLUE,12,2010-04-27 11:58:00,1.25,13178.0,United Kingdom,15.0,2010
495591,21936,RED/WHITE SPOT PICNIC BAG,100,2010-01-26 10:25:00,2.95,14646.0,Netherlands,295.0,2010
490300,21985,PACK OF 12 HEARTS DESIGN TISSUES ,12,2009-12-04 14:19:00,0.29,12970.0,United Kingdom,3.4799999999999995,2009
564820,23328,SET 6 SCHOOL MILK BOTTLES IN CRATE,2,2011-08-30 12:16:00,7.46,,United Kingdom,14.92,2011
562593,23138,SINGLE WIRE HOOK IVORY HEART,12,2011-08-07 15:43:00,1.45,16549.0,United Kingdom,17.4,2011
574740,22071,SMALL WHITE RETROSPOT MUG IN BOX ,36,2011-11-06 16:07:00,3.39,12357.0,Switzerland,122.04,2011
527402,22948,METAL DECORATION NAUGHTY CHILDREN ,6,2010-10-17 14:26:00,0.85,17372.0,United Kingdom,5.1,2010
512563,22442,GROW YOUR OWN FLOWERS SET OF 3,2,2010-06-16 14:34:00,7.95,13916.0,United Kingdom,15.9,2010
515705,22469,HEART OF WICKER SMALL,26,2010-07-14 12:32:00,1.65,16327.0,United Kingdom,42.9,2010
537643,82580,BATHROOM METAL SIGN,1,2010-12-07 15:34:00,1.28,,United Kingdom,1.28,2010
525950,85150,LADIES & GENTLEMEN METAL SIGN,6,2010-10-07 18:45:00,2.55,16539.0,United Kingdom,15.299999999999999,2010
545215,90134,OLD ROSE COMBO BEAD NECKLACE,1,2011-02-28 16:47:00,2.9,,United Kingdom,2.9,2011
494990,37424,WHITE WITH BLACK CATS MUG,12,2010-01-20 11:54:00,0.85,14388.0,United Kingdom,10.2,2010
537666,22371,AIRLINE BAG VINTAGE TOKYO 78,3,2010-12-07 18:36:00,8.47,,United Kingdom,25.410000000000004,2010
501103,21172,PARTY METAL SIGN ,12,2010-03-12 13:07:00,1.45,14824.0,United Kingdom,17.4,2010
498851,21535,RETRO SPOT SMALL MILK JUG,6,2010-02-23 12:02:00,2.55,13319.0,United Kingdom,15.299999999999999,2010
500462,20655,QUEEN OF SKIES LUGGAGE TAG,1,2010-03-08 12:40:00,2.51,,United Kingdom,2.51,2010
513943,90082B,DIAMANTE BOW BROOCH RED COLOUR,6,2010-06-29 13:13:00,6.35,14040.0,United Kingdom,38.099999999999994,2010
517710,22424,ENAMEL BREAD BIN CREAM,2,2010-08-01 11:15:00,12.75,15039.0,United Kingdom,25.5,2010
509533,22064,PINK DOUGHNUT TRINKET POT ,1,2010-05-24 12:01:00,3.36,,United Kingdom,3.36,2010
567981,22730,ALARM CLOCK BAKELIKE IVORY,1,2011-09-23 11:22:00,8.29,,United Kingdom,8.29,2011
510983,22321,BIRD DECORATION RED SPOT,1,2010-06-04 12:23:00,1.66,,United Kingdom,1.66,2010
564838,21932,SCANDINAVIAN PAISLEY PICNIC BAG,4,2011-08-30 12:43:00,2.46,,United Kingdom,9.84,2011
575484,22699,ROSES REGENCY TEACUP AND SAUCER ,6,2011-11-09 17:02:00,2.95,16670.0,United Kingdom,17.700000000000003,2011
572192,72818,CHRISTMAS DECOUPAGE CANDLE,1,2011-10-21 11:30:00,0.39,18118.0,United Kingdom,0.39,2011
551163,22083,PAPER CHAIN KIT RETROSPOT,1,2011-04-26 15:52:00,2.95,12573.0,France,2.95,2011
573350,23068,ALUMINIUM STAMPED HEART,8,2011-10-30 12:32:00,2.49,17725.0,United Kingdom,19.92,2011
564857,21035,SET/2 RED RETROSPOT TEA TOWELS ,1,2011-08-31 09:23:00,6.25,,United Kingdom,6.25,2011
520685,47503J,SET/3 FLORAL GARDEN TOOLS IN BAG,1,2010-08-27 15:49:00,16.13,,United Kingdom,16.13,2010
521795,48189,DOORMAT FRIENDSHIP ,1,2010-09-08 13:57:00,14.43,,United Kingdom,14.43,2010
552039,22383,LUNCH BAG SUKI DESIGN ,20,2011-05-06 08:10:00,1.65,13081.0,United Kingdom,33.0,2011
508500,20695,FLORAL BLUE MONSTER,1,2010-05-16 15:33:00,4.25,15272.0,United Kingdom,4.25,2010
569846,23253,16 PIECE CUTLERY SET PANTRY DESIGN,2,2011-10-06 13:42:00,15.95,13422.0,United Kingdom,31.9,2011
558096,22607,WOODEN ROUNDERS GARDEN SET ,1,2011-06-26 13:24:00,9.95,15532.0,United Kingdom,9.95,2011
565513,21162,TOXIC AREA  DOOR HANGER ,24,2011-09-05 11:51:00,0.39,14401.0,United Kingdom,9.36,2011
565233,22178,VICTORIAN GLASS HANGING T-LIGHT,3,2011-09-02 09:34:00,2.46,,United Kingdom,7.38,2011
561658,22840,ROUND CAKE TIN VINTAGE RED,1,2011-07-28 16:06:00,7.95,12743.0,Unspecified,7.95,2011
521871,21527,RED RETROSPOT TRADITIONAL TEAPOT ,1,2010-09-09 11:20:00,7.95,16972.0,United Kingdom,7.95,2010
578344,22280,POCKET BAG PINK PAISELY BROWN SPOT,1,2011-11-24 09:21:00,2.46,,United Kingdom,2.46,2011
542252,20725,LUNCH BAG RED RETROSPOT,6,2011-01-26 16:01:00,4.96,,United Kingdom,29.759999999999998,2011
572755,21034,REX CASH+CARRY JUMBO SHOPPER,1,2011-10-25 17:31:00,0.95,13601.0,United Kingdom,0.95,2011
542226,85123A,WHITE HANGING HEART T-LIGHT HOLDER,12,2011-01-26 13:20:00,2.95,17075.0,United Kingdom,35.400000000000006,2011
548567,23052,RECYCLED ACAPULCO MAT TURQUOISE,1,2011-04-01 10:34:00,8.25,17965.0,United Kingdom,8.25,2011
514210,21671,RED SPOT CERAMIC DRAWER KNOB,24,2010-06-30 16:37:00,1.25,18231.0,United Kingdom,30.0,2010
524087,21851,LILAC DIAMANTE PEN IN GIFT BOX,1,2010-09-27 11:41:00,4.21,,United Kingdom,4.21,2010
519946,20975,12 PENCILS SMALL TUBE RED SPOTTY,24,2010-08-23 10:38:00,0.65,14156.0,EIRE,15.600000000000001,2010
579267,23534,WALL ART STOP FOR TEA ,3,2011-11-29 09:42:00,5.95,14961.0,United Kingdom,17.85,2011
492347,17013D,ORIGAMI ROSE INCENSE IN TUBE,192,2009-12-16 12:39:00,0.42,13694.0,United Kingdom,80.64,2009
515949,22372,AIRLINE BAG VINTAGE WORLD CHAMPION ,1,2010-07-15 17:59:00,6.35,16161.0,United Kingdom,6.35,2010
576274,22138,BAKING SET 9 PIECE RETROSPOT ,1,2011-11-14 14:24:00,4.95,17793.0,United Kingdom,4.95,2011
540639,22692,DOORMAT WELCOME TO OUR HOME,10,2011-01-10 12:28:00,6.75,13107.0,United Kingdom,67.5,2011
541792,22520,CHILDS GARDEN TROWEL BLUE ,12,2011-01-21 13:09:00,0.85,17094.0,United Kingdom,10.2,2011
539453,22771,CLEAR DRAWER KNOB ACRYLIC EDWARDIAN,6,2010-12-17 17:08:00,2.51,,United Kingdom,15.059999999999999,2010
526664,22191,IVORY DINER WALL CLOCK,2,2010-10-12 15:20:00,8.5,13078.0,United Kingdom,17.0,2010
527349,21385,IVORY HANGING DECORATION  HEART,24,2010-10-15 16:00:00,0.85,16232.0,United Kingdom,20.4,2010
524163,21498,RED RETROSPOT WRAP ,25,2010-09-27 16:20:00,0.42,17524.0,United Kingdom,10.5,2010
575219,23581,JUMBO BAG PAISLEY PARK,100,2011-11-09 11:17:00,1.79,17511.0,United Kingdom,179.0,2011
532021,84534B,FAIRY CAKE NOTEBOOK A5 SIZE,6,2010-11-10 13:09:00,0.85,16208.0,United Kingdom,5.1,2010
534166,85099B,JUMBO BAG RED RETROSPOT,10,2010-11-21 13:15:00,1.95,17702.0,United Kingdom,19.5,2010
514281,84991,60 TEATIME FAIRY CAKE CASES,24,2010-07-01 12:02:00,0.55,15628.0,United Kingdom,13.200000000000001,2010
530078,20685,DOORMAT RED RETROSPOT,4,2010-11-01 12:45:00,7.95,13293.0,United Kingdom,31.8,2010
577496,82001S,SILVER RECORD COVER FRAME,8,2011-11-20 12:20:00,3.75,16784.0,United Kingdom,30.0,2011
499619,48138,DOOR MAT UNION FLAG,10,2010-03-01 12:47:00,6.35,17305.0,United Kingdom,63.5,2010
531350,22693,GROW A FLYTRAP OR SUNFLOWER IN TIN,24,2010-11-07 13:31:00,1.25,12748.0,United Kingdom,30.0,2010
560891,85071A,BLUE CHARLIE+LOLA PERSONAL DOORSIGN,24,2011-07-21 17:02:00,0.39,15106.0,United Kingdom,9.36,2011
517134,22030,SWALLOWS GREETING CARD,12,2010-07-27 10:29:00,0.42,15051.0,United Kingdom,5.04,2010
544355,22614,PACK OF 12 SPACEBOY TISSUES,24,2011-02-18 10:53:00,0.29,12714.0,France,6.959999999999999,2011
516470,22659,LUNCH BOX I LOVE LONDON,1,2010-07-20 15:28:00,4.21,,United Kingdom,4.21,2010
532037,21533,RETROSPOT LARGE MILK JUG,3,2010-11-10 13:40:00,4.95,16119.0,United Kingdom,14.850000000000001,2010
563476,22457,NATURAL SLATE HEART CHALKBOARD ,6,2011-08-16 15:22:00,2.95,17682.0,United Kingdom,17.700000000000003,2011
543800,22538,MINI JIGSAW GO TO THE FAIR,96,2011-02-13 11:36:00,0.42,17282.0,United Kingdom,40.32,2011
503823,85015,SET OF 12  VINTAGE POSTCARD SET,1,2010-04-07 14:59:00,2.51,,United Kingdom,2.51,2010
528060,35970,ZINC FOLKART SLEIGH BELLS,2,2010-10-20 12:13:00,1.69,16776.0,United Kingdom,3.38,2010
558043,22919,HERB MARKER MINT,12,2011-06-24 13:28:00,0.65,13425.0,United Kingdom,7.800000000000001,2011
551842,22111,SCOTTIE DOG HOT WATER BOTTLE,6,2011-05-04 13:52:00,4.95,16678.0,United Kingdom,29.700000000000003,2011
497912,22385,JUMBO BAG SPACEBOY DESIGN,3,2010-02-14 14:35:00,1.95,12867.0,United Kingdom,5.85,2010
537666,22960,JAM MAKING SET WITH JARS,1,2010-12-07 18:36:00,8.47,,United Kingdom,8.47,2010
491812,20996,JAZZ HEARTS ADDRESS BOOK,864,2009-12-14 13:23:00,0.16,13694.0,United Kingdom,138.24,2009
499897,22057,CERAMIC PLATE STRAWBERRY DESIGN,24,2010-03-03 11:53:00,1.25,14298.0,United Kingdom,30.0,2010
519027,90198B,VINTAGE ROSE BEAD BRACELET BLACK,1,2010-08-13 10:00:00,4.24,,United Kingdom,4.24,2010
579187,22991,GIRAFFE WOODEN RULER,1,2011-11-28 15:31:00,4.13,,United Kingdom,4.13,2011
575510,21843,RED RETROSPOT CAKE STAND,24,2011-11-10 10:33:00,9.95,14646.0,Netherlands,238.79999999999998,2011
562205,21135,VICTORIAN  METAL POSTCARD SPRING,16,2011-08-03 12:55:00,1.69,18055.0,United Kingdom,27.04,2011
578901,22802,FAUX FUR CHOCOLATE THROW,1,2011-11-27 11:47:00,19.95,17812.0,United Kingdom,19.95,2011
502336,21231,SWEETHEART CERAMIC TRINKET BOX,12,2010-03-24 10:45:00,1.25,13468.0,United Kingdom,15.0,2010
542272,22623,BOX OF VINTAGE JIGSAW BLOCKS ,3,2011-01-27 09:42:00,4.95,16496.0,United Kingdom,14.850000000000001,2011
531746,22186,RED STAR CARD HOLDER,2,2010-11-09 13:00:00,2.95,14527.0,United Kingdom,5.9,2010
532337,21873,IF YOU CAN'T STAND THE HEAT MUG,2,2010-11-11 15:49:00,1.25,13263.0,United Kingdom,2.5,2010
527413,21889,WOODEN BOX OF DOMINOES,12,2010-10-17 15:13:00,1.25,13131.0,United Kingdom,15.0,2010
521949,84839,SWEETHEART KEY CABINET,2,2010-09-09 17:16:00,6.75,15150.0,United Kingdom,13.5,2010
529323,22983,"CARD, BILLBOARD FONT",12,2010-10-27 14:05:00,0.42,16713.0,United Kingdom,5.04,2010
537638,21704,BAG 250g SWIRLY MARBLES,3,2010-12-07 15:28:00,1.66,,United Kingdom,4.9799999999999995,2010
540538,20969,RED FLORAL FELTCRAFT SHOULDER BAG,1,2011-01-09 14:36:00,3.75,17841.0,United Kingdom,3.75,2011
550615,21506,"FANCY FONT BIRTHDAY CARD, ",12,2011-04-19 12:41:00,0.42,16730.0,United Kingdom,5.04,2011
565232,21929,JUMBO BAG PINK VINTAGE PAISLEY,1,2011-09-02 09:30:00,4.13,,United Kingdom,4.13,2011
508074,22111,SCOTTIE DOG HOT WATER BOTTLE,3,2010-05-12 16:03:00,4.95,17897.0,United Kingdom,14.850000000000001,2010
518274,21562,HAWAIIAN GRASS SKIRT ,3,2010-08-06 09:41:00,2.1,,United Kingdom,6.300000000000001,2010
526679,22909,SET OF 20 VINTAGE CHRISTMAS NAPKINS,1,2010-10-12 16:08:00,0.85,17003.0,United Kingdom,0.85,2010
546624,22749,FELTCRAFT PRINCESS CHARLOTTE DOLL,4,2011-03-15 11:38:00,3.75,14193.0,United Kingdom,15.0,2011
499494,82494L,WOODEN FRAME ANTIQUE WHITE ,3,2010-02-28 14:12:00,2.95,16283.0,United Kingdom,8.850000000000001,2010
575602,23681,LUNCH BAG RED VINTAGE DOILY,2,2011-11-10 12:27:00,1.65,17059.0,United Kingdom,3.3,2011
576062,79190A,RETRO PLASTIC 70'S TRAY,5,2011-11-13 15:30:00,0.42,12867.0,United Kingdom,2.1,2011
517252,22494,EMERGENCY FIRST AID TIN ,2,2010-07-27 15:32:00,1.25,12637.0,France,2.5,2010
577557,84792,ENCHANTED BIRD COATHANGER 5 HOOK,3,2011-11-20 15:36:00,4.65,15426.0,United Kingdom,13.950000000000001,2011
563913,85099B,JUMBO BAG RED RETROSPOT,20,2011-08-21 13:11:00,2.08,14911.0,EIRE,41.6,2011
576844,46000M,POLYESTER FILLER PAD 45x45cm,8,2011-11-16 15:33:00,1.55,16713.0,United Kingdom,12.4,2011
537065,84279P,CHERRY BLOSSOM  DECORATIVE FLASK,4,2010-12-05 11:57:00,3.75,12567.0,France,15.0,2010
509873,84692,BOX OF 24 COCKTAIL PARASOLS,400,2010-05-26 11:12:00,0.32,17511.0,United Kingdom,128.0,2010
556199,22791,T-LIGHT GLASS FLUTED ANTIQUE,12,2011-06-09 12:40:00,1.25,16170.0,United Kingdom,15.0,2011
506111,21260,FIRST AID TIN,3,2010-04-27 13:44:00,3.25,12849.0,United Kingdom,9.75,2010
500462,21175,GIN + TONIC DIET METAL SIGN,2,2010-03-08 12:40:00,4.21,,United Kingdom,8.42,2010
502886,16161U,"WRAP,SUKI AND FRIENDS",25,2010-03-29 11:16:00,0.42,16456.0,United Kingdom,10.5,2010
531350,21967,PACK OF 12 SKULL TISSUES,12,2010-11-07 13:31:00,0.29,12748.0,United Kingdom,3.4799999999999995,2010
573585,20669,RED HEART LUGGAGE TAG,2,2011-10-31 14:41:00,2.46,,United Kingdom,4.92,2011
577165,23485,BOTANICAL GARDENS WALL CLOCK ,4,2011-11-18 10:27:00,20.8,13171.0,United Kingdom,83.2,2011
498125,46000S,POLYESTER FILLER PAD 40x40cm,3,2010-02-16 15:54:00,1.45,13842.0,United Kingdom,4.35,2010
567672,72586,SET OF 6 HALLOWEEN GHOST T-LIGHTS,4,2011-09-21 15:39:00,0.42,16085.0,United Kingdom,1.68,2011
573361,22422,TOOTHPASTE TUBE PEN,2,2011-10-30 12:53:00,0.65,14456.0,United Kingdom,1.3,2011
545215,22115,METAL SIGN EMPIRE TEA,1,2011-02-28 16:47:00,5.79,,United Kingdom,5.79,2011
519659,82494L,WOODEN FRAME ANTIQUE WHITE ,6,2010-08-19 11:45:00,2.95,13427.0,United Kingdom,17.700000000000003,2010
525065,21622,VINTAGE UNION JACK CUSHION COVER,1,2010-10-03 14:28:00,4.95,16799.0,United Kingdom,4.95,2010
580504,23284,DOORMAT KEEP CALM AND COME IN,1,2011-12-04 13:32:00,8.25,17936.0,United Kingdom,8.25,2011
517132,22139,RETRO SPOT TEA SET CERAMIC 11 PC ,3,2010-07-27 10:21:00,4.95,13115.0,United Kingdom,14.850000000000001,2010
579187,21967,PACK OF 12 SKULL TISSUES,1,2011-11-28 15:31:00,0.83,,United Kingdom,0.83,2011
576329,23470,CARD HOLDER LOVE BIRD LARGE ,2,2011-11-14 15:22:00,12.46,,United Kingdom,24.92,2011
531376,21791,VINTAGE HEADS AND TAILS CARD GAME ,36,2010-11-07 15:56:00,1.25,16553.0,United Kingdom,45.0,2010
509398,21537,RED RETROSPOT PUDDING BOWL,4,2010-05-23 11:08:00,4.25,12809.0,Portugal,17.0,2010
520166,21913,VINTAGE SEASIDE JIGSAW PUZZLES,2,2010-08-24 12:55:00,3.75,17774.0,United Kingdom,7.5,2010
516951,21879,HEARTS GIFT TAPE,12,2010-07-25 15:38:00,0.65,17677.0,United Kingdom,7.800000000000001,2010
549155,22284,HEN HOUSE DECORATION,2,2011-04-06 17:08:00,3.29,,United Kingdom,6.58,2011
561625,21395,BLUE POLKADOT BEAKER ,48,2011-07-28 14:03:00,0.39,16843.0,United Kingdom,18.72,2011
561332,20685,DOORMAT RED RETROSPOT,4,2011-07-26 14:25:00,7.95,13492.0,Switzerland,31.8,2011
559051,84251C,"GREETING CARD, TWO SISTERS.",1,2011-07-05 16:47:00,0.83,,United Kingdom,0.83,2011
528876,22064,PINK DOUGHNUT TRINKET POT ,12,2010-10-25 12:08:00,1.65,15370.0,United Kingdom,19.799999999999997,2010
535803,21206,STRAWBERRY HONEYCOMB  GARLAND ,2,2010-11-28 14:57:00,1.65,14410.0,United Kingdom,3.3,2010
547697,85175,CACTI T-LIGHT CANDLES,16,2011-03-24 16:23:00,0.42,14348.0,United Kingdom,6.72,2011
505070,20659,ECONOMY LUGGAGE TAG,2,2010-04-19 17:11:00,1.25,13679.0,United Kingdom,2.5,2010
528733,21668,RED STRIPE CERAMIC DRAWER KNOB,12,2010-10-24 13:54:00,1.25,15640.0,United Kingdom,15.0,2010
514483,21071,VINTAGE BILLBOARD DRINK ME MUG,12,2010-07-02 14:39:00,1.06,17850.0,United Kingdom,12.72,2010
522995,22077,6 RIBBONS RUSTIC CHARM,2,2010-09-19 15:40:00,1.65,14606.0,United Kingdom,3.3,2010
576618,23271,CHRISTMAS TABLE SILVER CANDLE SPIKE,3,2011-11-15 17:00:00,1.63,,United Kingdom,4.89,2011
500843,21058,PARTY INVITES WOODLAND,3,2010-03-10 12:13:00,0.85,17348.0,United Kingdom,2.55,2010
577258,84347,ROTATING SILVER ANGELS T-LIGHT HLDR,10,2011-11-18 12:27:00,2.55,16764.0,United Kingdom,25.5,2011
573546,23526,WALL ART DOG LICENCE ,4,2011-10-31 13:13:00,5.95,15974.0,United Kingdom,23.8,2011
524093,20983,12 PENCILS TALL TUBE RED SPOTTY,12,2010-09-27 12:02:00,0.85,15312.0,United Kingdom,10.2,2010
542360,85123A,WHITE HANGING HEART T-LIGHT HOLDER,2,2011-01-27 12:40:00,2.95,14701.0,United Kingdom,5.9,2011
498134,84836,ZINC METAL HEART DECORATION,1,2010-02-16 17:25:00,2.51,,United Kingdom,2.51,2010
567656,23343,JUMBO BAG VINTAGE CHRISTMAS ,1,2011-09-21 14:40:00,4.13,14096.0,United Kingdom,4.13,2011
539722,85123A,WHITE HANGING HEART T-LIGHT HOLDER,24,2010-12-21 13:45:00,2.95,14911.0,EIRE,70.80000000000001,2010
554823,84792,ENCHANTED BIRD COATHANGER 5 HOOK,6,2011-05-26 14:20:00,4.65,16624.0,United Kingdom,27.900000000000002,2011
575176,22578,WOODEN STAR CHRISTMAS SCANDINAVIAN,48,2011-11-08 18:29:00,0.83,,United Kingdom,39.839999999999996,2011
527048,22899,CHILDREN'S APRON DOLLY GIRL ,6,2010-10-14 12:49:00,2.1,15827.0,United Kingdom,12.600000000000001,2010
527428,84050,PINK HEART SHAPE EGG FRYING PAN,3,2010-10-17 16:17:00,1.65,16283.0,United Kingdom,4.949999999999999,2010
577476,21175,GIN + TONIC DIET METAL SIGN,12,2011-11-20 11:31:00,2.55,12540.0,Spain,30.599999999999998,2011
567668,47566,PARTY BUNTING,1,2011-09-21 15:29:00,10.79,,United Kingdom,10.79,2011
498134,72807B,SET/3 OCEAN SCENT CANDLE JEWEL BOX,1,2010-02-16 17:25:00,8.47,,United Kingdom,8.47,2010
499073,21934,SKULL SHOULDER BAG,1,2010-02-24 15:23:00,3.36,,United Kingdom,3.36,2010
567204,22301,COFFEE MUG CAT + BIRD DESIGN,6,2011-09-19 10:43:00,2.55,15365.0,United Kingdom,15.299999999999999,2011
541796,22971,QUEENS GUARD COFFEE MUG,12,2011-01-21 13:55:00,2.55,14092.0,United Kingdom,30.599999999999998,2011
549309,22925,BLUE GIANT GARDEN THERMOMETER,2,2011-04-08 09:15:00,5.95,15114.0,United Kingdom,11.9,2011
561863,20984,12 PENCILS TALL TUBE POSY,24,2011-07-31 10:40:00,0.29,17695.0,United Kingdom,6.959999999999999,2011
574501,84519B,CARROT CHARLIE+LOLA COASTER SET,2,2011-11-04 13:15:00,1.25,12577.0,France,2.5,2011
544569,22127,PARTY CONES CARNIVAL ASSORTED,24,2011-02-21 12:58:00,1.25,16980.0,United Kingdom,30.0,2011
524218,21988,PACK OF 6 SKULL PAPER PLATES,12,2010-09-28 10:52:00,0.85,12759.0,Netherlands,10.2,2010
564307,22992,REVOLVER WOODEN RULER ,1,2011-08-24 12:32:00,1.95,17865.0,United Kingdom,1.95,2011
572658,22726,ALARM CLOCK BAKELIKE GREEN,4,2011-10-25 12:29:00,3.75,17690.0,United Kingdom,15.0,2011
563205,22999,TRAVEL CARD WALLET VINTAGE LEAF,24,2011-08-14 12:03:00,0.42,14040.0,United Kingdom,10.08,2011
535334,15056N,EDWARDIAN PARASOL NATURAL,1,2010-11-25 15:59:00,5.95,15961.0,United Kingdom,5.95,2010
550203,21930,JUMBO STORAGE BAG SKULLS,2,2011-04-15 10:37:00,4.96,,United Kingdom,9.92,2011
517265,22321,BIRD DECORATION RED SPOT,12,2010-07-28 08:15:00,0.85,16170.0,United Kingdom,10.2,2010
495406,21317,GLASS SPHERE CANDLE STAND MEDIUM,6,2010-01-25 09:54:00,11.02,,United Kingdom,66.12,2010
516275,22605,WOODEN CROQUET GARDEN SET,1,2010-07-19 12:48:00,12.75,15788.0,United Kingdom,12.75,2010
505068,21155,RED SPOTTY PEG BAG,12,2010-04-19 16:50:00,1.69,17850.0,United Kingdom,20.28,2010
578676,21730,GLASS STAR FROSTED T-LIGHT HOLDER,1,2011-11-24 19:07:00,4.95,16016.0,United Kingdom,4.95,2011
519569,21745,GAOLERS KEYS DECORATIVE GARDEN ,1,2010-08-18 12:34:00,3.75,16891.0,United Kingdom,3.75,2010
574945,22835,HOT WATER BOTTLE I AM SO POORLY,4,2011-11-08 08:18:00,4.95,15434.0,United Kingdom,19.8,2011
543447,85176,SEWING SUSAN 21 NEEDLE SET,12,2011-02-08 12:01:00,0.85,16265.0,United Kingdom,10.2,2011
551529,84828,JUNGLE POPSICLES ICE LOLLY MOULDS,48,2011-05-01 13:18:00,1.06,12524.0,Germany,50.88,2011
550805,84992,72 SWEETHEART FAIRY CAKE CASES,24,2011-04-20 15:38:00,0.55,13162.0,United Kingdom,13.200000000000001,2011
547510,22349,DOG BOWL CHASING BALL DESIGN,6,2011-03-23 13:42:00,3.75,15245.0,United Kingdom,22.5,2011
548005,22817,CARD SUKI BIRTHDAY,12,2011-03-29 10:49:00,0.42,14128.0,United Kingdom,5.04,2011
497354,22132,RED LOVE HEART SHAPE CUP,3,2010-02-08 16:53:00,1.66,,United Kingdom,4.9799999999999995,2010
527284,21794,CLASSIC FRENCH STYLE BASKET NATURAL,1,2010-10-15 13:43:00,6.75,12748.0,United Kingdom,6.75,2010
530085,22795,SWEETHEART RECIPE BOOK STAND,1,2010-11-01 13:26:00,6.75,17315.0,United Kingdom,6.75,2010
574700,82578,KITCHEN METAL SIGN,2,2011-11-06 13:53:00,0.55,16033.0,United Kingdom,1.1,2011
498548,21682,LARGE MEDINA STAMPED METAL BOWL ,2,2010-02-19 17:40:00,4.95,17400.0,United Kingdom,9.9,2010
548259,22270,HAPPY EASTER HANGING DECORATION,2,2011-03-30 11:12:00,3.75,14099.0,United Kingdom,7.5,2011
550057,22090,PAPER BUNTING RETROSPOT,2,2011-04-14 12:01:00,2.95,14606.0,United Kingdom,5.9,2011
552234,21930,JUMBO STORAGE BAG SKULLS,1,2011-05-06 16:01:00,4.13,,United Kingdom,4.13,2011
557886,22384,LUNCH BAG PINK POLKADOT,1,2011-06-23 13:39:00,1.65,17799.0,United Kingdom,1.65,2011
579885,21888,BINGO SET,1,2011-11-30 17:37:00,3.75,15444.0,United Kingdom,3.75,2011
570652,22139,RETROSPOT TEA SET CERAMIC 11 PC ,12,2011-10-11 13:45:00,4.95,17863.0,United Kingdom,59.400000000000006,2011
571554,20675,BLUE POLKADOT BOWL,3,2011-10-18 09:13:00,2.46,,United Kingdom,7.38,2011
550301,21755,LOVE BUILDING BLOCK WORD,1,2011-04-17 10:15:00,5.95,17243.0,United Kingdom,5.95,2011
492378,20749,ASSORTED COLOUR MINI CASES,2,2009-12-16 15:05:00,7.95,16569.0,United Kingdom,15.9,2009
508874,22430,ENAMEL WATERING CAN CREAM,2,2010-05-18 16:28:00,4.95,13097.0,United Kingdom,9.9,2010
575477,82616B,FRAPPUCINO SCARF KNITTING KIT,1,2011-11-09 16:14:00,2.46,,United Kingdom,2.46,2011
516434,21122,SET/10 PINK SPOTTY PARTY CANDLES,1,2010-07-20 12:04:00,1.25,18096.0,United Kingdom,1.25,2010
505211,22478,BIRDHOUSE GARDEN MARKER ,20,2010-04-21 08:55:00,1.25,18062.0,United Kingdom,25.0,2010
553894,22605,WOODEN CROQUET GARDEN SET,2,2011-05-19 17:15:00,14.95,13658.0,United Kingdom,29.9,2011
542608,22294,HEART FILIGREE DOVE  SMALL,2,2011-01-30 13:51:00,1.25,16770.0,United Kingdom,2.5,2011
490385,35969,FOLKART CROWN TABLE DECORATIONS,48,2009-12-05 14:51:00,0.38,16410.0,United Kingdom,18.240000000000002,2009
502258,21928,JUMBO BAG SCANDINAVIAN PAISLEY,1,2010-03-23 15:10:00,1.95,14166.0,United Kingdom,1.95,2010
508235,21681,GIANT MEDINA STAMPED METAL BOWL ,4,2010-05-13 18:49:00,9.95,15478.0,United Kingdom,39.8,2010
509750,85086A,CANDY SPOT HEART DECORATION,2,2010-05-25 14:05:00,1.66,,United Kingdom,3.32,2010
556916,21984,PACK OF 12 PINK PAISLEY TISSUES ,2,2011-06-15 13:35:00,0.29,16898.0,United Kingdom,0.58,2011
559163,22807,SET OF 6 T-LIGHTS TOADSTOOLS,2,2011-07-06 16:33:00,2.46,,United Kingdom,4.92,2011
546015,21733,RED HANGING HEART T-LIGHT HOLDER,6,2011-03-08 16:48:00,2.95,14336.0,United Kingdom,17.700000000000003,2011
556887,21770,OPEN CLOSED METAL SIGN,1,2011-06-15 12:36:00,4.95,14606.0,United Kingdom,4.95,2011
531496,22748,POPPY'S PLAYHOUSE KITCHEN,1,2010-11-08 15:23:00,2.1,13738.0,United Kingdom,2.1,2010
576617,35953,FOLKART STAR CHRISTMAS DECORATIONS,8,2011-11-15 16:57:00,0.61,,United Kingdom,4.88,2011
498729,22196,SMALL HEART MEASURING SPOONS,12,2010-02-22 15:39:00,0.85,17829.0,United Arab Emirates,10.2,2010
504766,22544,MINI JIGSAW SPACEBOY,48,2010-04-16 11:51:00,0.42,13013.0,United Kingdom,20.16,2010
570703,21430,SET/3 RED GINGHAM ROSE STORAGE BOX,4,2011-10-12 09:50:00,3.75,14911.0,EIRE,15.0,2011
538154,22386,JUMBO BAG PINK POLKADOT,1,2010-12-09 16:35:00,5.06,,United Kingdom,5.06,2010
510168,21533,RETRO SPOT LARGE MILK JUG,12,2010-05-27 14:17:00,4.25,15633.0,United Kingdom,51.0,2010
502101,22030,SWALLOWS GREETING CARD,12,2010-03-23 09:43:00,0.42,14769.0,United Kingdom,5.04,2010
492075,20983,12 PENCILS TALL TUBE RED SPOTTY,1,2009-12-15 13:21:00,0.85,17596.0,United Kingdom,0.85,2009
560433,22231,JIGSAW TREE WITH BIRDHOUSE,5,2011-07-18 15:49:00,1.25,,United Kingdom,6.25,2011
538313,22726,ALARM CLOCK BAKELIKE GREEN,1,2010-12-10 13:50:00,3.75,15514.0,United Kingdom,3.75,2010
549903,22084,PAPER CHAIN KIT EMPIRE,3,2011-04-12 16:19:00,2.95,17576.0,United Kingdom,8.850000000000001,2011
495388,22228,BUNNY WOODEN PAINTED WITH BIRD ,12,2010-01-24 15:14:00,0.85,15680.0,United Kingdom,10.2,2010
560366,84755,COLOUR GLASS T-LIGHT HOLDER HANGING,16,2011-07-18 12:19:00,0.65,16859.0,United Kingdom,10.4,2011
572677,23188,VINTAGE  2 METRE FOLDING RULER,1,2011-10-25 13:46:00,1.65,17596.0,United Kingdom,1.65,2011
579541,22865,HAND WARMER OWL DESIGN,3,2011-11-30 10:12:00,2.1,14653.0,United Kingdom,6.300000000000001,2011
575324,21533,RETROSPOT LARGE MILK JUG,9,2011-11-09 13:45:00,4.95,14240.0,United Kingdom,44.550000000000004,2011
552174,85116,BLACK CANDELABRA T-LIGHT HOLDER,24,2011-05-06 13:07:00,0.65,15144.0,United Kingdom,15.600000000000001,2011
514532,20723,STRAWBERRY CHARLOTTE BAG,2,2010-07-05 10:07:00,1.66,,United Kingdom,3.32,2010
508068,22449,SILK PURSE RUSSIAN DOLL PINK,4,2010-05-12 14:23:00,3.35,13756.0,United Kingdom,13.4,2010
536562,72741,GRAND CHOCOLATECANDLE,9,2010-12-01 15:08:00,1.45,13468.0,United Kingdom,13.049999999999999,2010
556786,23307,SET OF 60 PANTRY DESIGN CAKE CASES ,48,2011-06-14 13:18:00,0.55,13408.0,United Kingdom,26.400000000000002,2011
543354,22228,BUNNY WOODEN PAINTED WITH BIRD ,24,2011-02-07 13:50:00,0.85,13458.0,United Kingdom,20.4,2011
577078,22883,NUMBER TILE VINTAGE FONT 4,1,2011-11-17 15:17:00,4.13,,United Kingdom,4.13,2011
528623,22633,HAND WARMER UNION JACK,2,2010-10-24 10:54:00,2.1,16010.0,United Kingdom,4.2,2010
511281,84991,60 TEATIME FAIRY CAKE CASES,24,2010-06-07 14:19:00,0.55,18100.0,United Kingdom,13.200000000000001,2010
489857,22135,LADLE LOVE HEART PINK,1,2009-12-02 14:43:00,0.87,,United Kingdom,0.87,2009
566062,35970,ZINC FOLKART SLEIGH BELLS,48,2011-09-08 15:39:00,1.69,14522.0,United Kingdom,81.12,2011
504386,22535,MAGIC DRAWING SLATE BUNNIES ,10,2010-04-13 11:38:00,0.42,14057.0,United Kingdom,4.2,2010
511701,84970S,HANGING HEART ZINC T-LIGHT HOLDER,12,2010-06-10 09:17:00,0.85,16206.0,United Kingdom,10.2,2010
522041,48194,DOORMAT HEARTS,10,2010-09-10 12:32:00,6.35,16858.0,United Kingdom,63.5,2010
577174,22196,SMALL HEART MEASURING SPOONS,1,2011-11-18 10:58:00,0.85,17841.0,United Kingdom,0.85,2011
571219,22423,REGENCY CAKESTAND 3 TIER,2,2011-10-14 13:35:00,12.75,15601.0,United Kingdom,25.5,2011
526122,22560,TRADITIONAL MODELLING CLAY,4,2010-10-08 13:31:00,1.25,14662.0,United Kingdom,5.0,2010
568791,22602,RETROSPOT WOODEN HEART DECORATION,24,2011-09-29 09:51:00,0.85,16650.0,United Kingdom,20.4,2011
537823,22337,ANGEL DECORATION PAINTED ZINC ,1,2010-12-08 14:25:00,1.28,,United Kingdom,1.28,2010
527288,22423,REGENCY CAKESTAND 3 TIER,3,2010-10-15 13:57:00,12.75,12417.0,Belgium,38.25,2010
554504,22195,LARGE HEART MEASURING SPOONS,12,2011-05-24 15:13:00,1.65,17719.0,United Kingdom,19.799999999999997,2011
540468,21494,ROTATING LEAVES T-LIGHT HOLDER,8,2011-01-07 13:55:00,1.66,,United Kingdom,13.28,2011
568058,23318,BOX OF 6 MINI VINTAGE CRACKERS,6,2011-09-23 12:58:00,2.49,18188.0,United Kingdom,14.940000000000001,2011
534187,22595,CHRISTMAS GINGHAM HEART,2,2010-11-21 14:10:00,0.85,16501.0,United Kingdom,1.7,2010
508494,22355,"CHARLOTTE BAG , SUKI DESIGN",50,2010-05-16 13:49:00,0.85,12806.0,Netherlands,42.5,2010
536557,21670,BLUE SPOT CERAMIC DRAWER KNOB,6,2010-12-01 14:41:00,1.25,17841.0,United Kingdom,7.5,2010
518403,21743,STAR PORTABLE TABLE LIGHT ,3,2010-08-08 13:49:00,2.95,17132.0,United Kingdom,8.850000000000001,2010
490149,84247L,FAWN AND MUSHROOM GREETING CARD,1,2009-12-04 09:43:00,0.86,,United Kingdom,0.86,2009
578041,23300,GARDENERS KNEELING PAD CUP OF TEA ,4,2011-11-22 14:23:00,1.65,17338.0,United Kingdom,6.6,2011
501161,21844,RETRO SPOT MUG,6,2010-03-15 09:28:00,5.91,,United Kingdom,35.46,2010
572758,23301,GARDENERS KNEELING PAD KEEP CALM ,2,2011-10-25 18:39:00,3.29,,United Kingdom,6.58,2011
517931,22621,TRADITIONAL KNITTING NANCY,5,2010-08-03 10:42:00,1.45,16161.0,United Kingdom,7.25,2010
494359,79342B,BROWN FLOWER LIGHTS,1,2010-01-13 15:24:00,6.75,17962.0,United Kingdom,6.75,2010
564436,22066,LOVE HEART TRINKET POT,3,2011-08-25 12:06:00,0.39,17841.0,United Kingdom,1.17,2011
526189,20667,CHERRY BLOSSOM PURSE,2,2010-10-10 12:09:00,2.95,17555.0,United Kingdom,5.9,2010
504451,22605,WOODEN CROQUET GARDEN SET,6,2010-04-13 15:01:00,10.95,16709.0,United Kingdom,65.69999999999999,2010
557794,22759,SET OF 3 NOTEBOOKS IN PARCEL,12,2011-06-23 09:08:00,1.65,16287.0,United Kingdom,19.799999999999997,2011
570246,22231,JIGSAW TREE WITH BIRDHOUSE,1,2011-10-09 16:22:00,0.59,16921.0,United Kingdom,0.59,2011
553385,22995,TRAVEL CARD WALLET SUKI,9,2011-05-16 15:53:00,0.42,16710.0,United Kingdom,3.78,2011
550207,21558,SKULL LUNCH BOX WITH CUTLERY ,1,2011-04-15 10:38:00,4.96,,United Kingdom,4.96,2011
539337,22960,JAM MAKING SET WITH JARS,12,2010-12-17 10:46:00,3.75,,EIRE,45.0,2010
506724,90005A,JADE GREEN ENAMEL HAIR COMB,2,2010-05-04 10:02:00,2.11,,United Kingdom,4.22,2010
501730,21384,IVORY HANGING DECORATION  BUTTERFLY,8,2010-03-19 11:05:00,0.85,14159.0,United Kingdom,6.8,2010
538508,85049E,SCANDINAVIAN REDS RIBBONS,2,2010-12-12 13:32:00,1.25,15998.0,United Kingdom,2.5,2010
496057,84327A,PINK JUMPER LARRY THE LAMB,6,2010-01-28 15:04:00,2.1,16137.0,United Kingdom,12.600000000000001,2010
575177,21892,TRADITIONAL WOODEN CATCH CUP GAME ,1,2011-11-08 18:41:00,2.46,,United Kingdom,2.46,2011
504882,35644,PAIR PINK/BLACK COATHANGERS,4,2010-04-18 13:12:00,1.95,14395.0,United Kingdom,7.8,2010
527937,21109,"LARGE CAKE TOWEL, CHOCOLATE SPOTS",4,2010-10-19 14:05:00,6.75,12594.0,Italy,27.0,2010
492368,21407,BROWN CHECK CAT DOORSTOP ,1,2009-12-16 14:08:00,4.25,14415.0,United Kingdom,4.25,2009
517317,22204,MILK PAN BLUE RETROSPOT,4,2010-07-28 11:46:00,3.75,15596.0,United Kingdom,15.0,2010
553856,37447,CERAMIC CAKE DESIGN SPOTTED PLATE,2,2011-05-19 13:28:00,1.49,16813.0,United Kingdom,2.98,2011
546884,90059A,DIAMANTE HAIR GRIP PACK/2 CRYSTAL,1,2011-03-17 18:08:00,1.65,,United Kingdom,1.65,2011
556680,23235,STORAGE TIN VINTAGE LEAF,6,2011-06-14 08:03:00,2.89,13971.0,United Kingdom,17.34,2011
581027,23356,LOVE HOT WATER BOTTLE,3,2011-12-07 10:43:00,5.95,17091.0,United Kingdom,17.85,2011
532679,22617,BAKING SET SPACEBOY DESIGN,3,2010-11-14 12:17:00,4.95,16960.0,United Kingdom,14.850000000000001,2010
580613,23314,VINTAGE CHRISTMAS TABLECLOTH,2,2011-12-05 12:03:00,12.5,14759.0,United Kingdom,25.0,2011
534754,22664,TOY TIDY DOLLY GIRL DESIGN,1,2010-11-24 10:02:00,4.21,,United Kingdom,4.21,2010
580092,21239,PINK  POLKADOT CUP,4,2011-12-01 14:38:00,0.85,13969.0,United Kingdom,3.4,2011
491963,22111,SCOTTIE DOG HOT WATER BOTTLE,3,2009-12-14 16:46:00,4.95,12992.0,United Kingdom,14.850000000000001,2009
578791,22083,PAPER CHAIN KIT RETROSPOT,4,2011-11-25 12:20:00,2.95,12841.0,United Kingdom,11.8,2011
521515,22073,RED RETROSPOT STORAGE JAR,6,2010-09-06 14:36:00,3.75,13736.0,United Kingdom,22.5,2010
494378,37495,FAIRY CAKE BIRTHDAY CANDLE SET,1,2010-01-13 17:03:00,7.62,,United Kingdom,7.62,2010
497988,21870,I CAN ONLY PLEASE ONE PERSON MUG,1,2010-02-15 14:15:00,1.25,,United Kingdom,1.25,2010
502244,48138,DOOR MAT UNION FLAG,2,2010-03-23 13:34:00,7.49,13872.0,United Kingdom,14.98,2010
571682,23439,HAND WARMER RED LOVE HEART,2,2011-10-18 14:00:00,2.1,14179.0,United Kingdom,4.2,2011
552493,21213,PACK OF 72 SKULL CAKE CASES,2,2011-05-09 16:21:00,1.25,,United Kingdom,2.5,2011
547075,22666,RECIPE BOX PANTRY YELLOW DESIGN,24,2011-03-20 14:35:00,2.55,15288.0,United Kingdom,61.199999999999996,2011
562852,82484,WOOD BLACK BOARD ANT WHITE FINISH,2,2011-08-10 10:12:00,7.95,13050.0,United Kingdom,15.9,2011
494912,21137,BLACK RECORD COVER FRAME,24,2010-01-19 17:03:00,3.39,16705.0,United Kingdom,81.36,2010
550953,90175A,WHITE GLASS CHUNKY CHARM BRACELET,1,2011-04-21 16:17:00,9.15,,United Kingdom,9.15,2011
512943,22349,"DOG BOWL , CHASING BALL DESIGN",1,2010-06-20 14:38:00,3.75,17623.0,United Kingdom,3.75,2010
506113,21283,NATURAL BARK CANDLE SMALL,3,2010-04-27 13:48:00,3.25,16210.0,United Kingdom,9.75,2010
530060,22457,NATURAL SLATE HEART CHALKBOARD ,3,2010-11-01 11:35:00,5.91,,United Kingdom,17.73,2010
569676,23358,HOT STUFF HOT WATER BOTTLE,1,2011-10-05 14:12:00,3.75,,United Kingdom,3.75,2011
528177,22418,10 COLOUR SPACEBOY PEN,24,2010-10-21 10:46:00,0.85,17017.0,United Kingdom,20.4,2010
575215,21259,VICTORIAN SEWING BOX SMALL ,4,2011-11-09 11:04:00,5.95,18109.0,United Kingdom,23.8,2011
568379,21137,BLACK RECORD COVER FRAME,4,2011-09-27 09:05:00,3.75,16626.0,United Kingdom,15.0,2011
535948,22659,LUNCH BOX I LOVE LONDON,3,2010-11-29 12:00:00,2.51,,United Kingdom,7.529999999999999,2010
577355,22969,HOMEMADE JAM SCENTED CANDLES,12,2011-11-18 15:53:00,1.45,14911.0,EIRE,17.4,2011
529068,90114,SUMMER DAISIES BAG CHARM,2,2010-10-26 12:14:00,2.51,,United Kingdom,5.02,2010
526873,20727,LUNCH BAG  BLACK SKULL.,20,2010-10-13 14:12:00,1.65,12921.0,United Kingdom,33.0,2010
534829,21034,REX CASH+CARRY JUMBO SHOPPER,1,2010-11-24 13:00:00,0.95,,United Kingdom,0.95,2010
522166,82580,BATHROOM METAL SIGN,25,2010-09-13 11:20:00,0.55,17504.0,United Kingdom,13.750000000000002,2010
523636,82484,WOOD BLACK BOARD ANT WHITE FINISH,3,2010-09-23 11:57:00,6.45,12916.0,United Kingdom,19.35,2010
497035,79191C,RETRO PLASTIC ELEPHANT TRAY,6,2010-02-05 14:14:00,0.85,16704.0,United Kingdom,5.1,2010
574864,84030E,ENGLISH ROSE HOT WATER BOTTLE,2,2011-11-07 12:29:00,4.25,14387.0,United Kingdom,8.5,2011
530958,21982,PACK OF 12 SUKI TISSUES ,12,2010-11-04 18:54:00,0.29,16228.0,United Kingdom,3.4799999999999995,2010
499965,77079,DOLPHIN WINDMILL,6,2010-03-03 13:57:00,2.12,16461.0,United Kingdom,12.72,2010
558614,85231G,ORANGE SCENTED SET/9 T-LIGHTS,1,2011-06-30 15:56:00,1.63,,United Kingdom,1.63,2011
539475,22758,LARGE PURPLE BABUSHKA NOTEBOOK  ,1,2010-12-19 14:41:00,1.25,16686.0,United Kingdom,1.25,2010
553385,23173,REGENCY TEAPOT ROSES ,1,2011-05-16 15:53:00,9.95,16710.0,United Kingdom,9.95,2011
491155,21849,SILVER DIAMANTE PEN IN GIFT BOX,1,2009-12-10 09:49:00,4.3,,United Kingdom,4.3,2009
559629,21257,VICTORIAN SEWING BOX MEDIUM,3,2011-07-11 11:58:00,7.95,14690.0,United Kingdom,23.85,2011
525249,20750,RED RETROSPOT MINI CASES,2,2010-10-04 14:42:00,7.95,12726.0,France,15.9,2010
549300,21411,GINGHAM HEART  DOORSTOP RED,3,2011-04-08 08:21:00,4.25,13362.0,United Kingdom,12.75,2011
530087,22952,72 CAKE CASES VINTAGE CHRISTMAS,24,2010-11-01 13:33:00,0.55,16732.0,United Kingdom,13.200000000000001,2010
534061,22128,PARTY CONES CANDY ASSORTED,12,2010-11-21 11:03:00,1.25,12967.0,United Kingdom,15.0,2010
576329,20717,STRAWBERRY SHOPPER BAG,1,2011-11-14 15:22:00,2.46,,United Kingdom,2.46,2011
491041,21871,SAVE THE PLANET MUG,3,2009-12-09 09:42:00,3.43,,United Kingdom,10.290000000000001,2009
505551,22413,METAL SIGN TAKE IT OR LEAVE IT ,6,2010-04-23 09:00:00,2.95,16497.0,United Kingdom,17.700000000000003,2010
521031,21670,BLUE SPOT CERAMIC DRAWER KNOB,3,2010-09-01 17:17:00,2.51,,United Kingdom,7.529999999999999,2010
540813,22623,BOX OF VINTAGE JIGSAW BLOCKS ,3,2011-01-11 12:41:00,4.95,14669.0,United Kingdom,14.850000000000001,2011
559206,22178,VICTORIAN GLASS HANGING T-LIGHT,96,2011-07-07 11:12:00,1.06,18073.0,United Kingdom,101.76,2011
576834,79321,CHILLI LIGHTS,8,2011-11-16 15:10:00,5.75,13458.0,United Kingdom,46.0,2011
491634,82613B,"METAL SIGN,CUPCAKE SINGLE HOOK",2,2009-12-11 15:40:00,1.25,17841.0,United Kingdom,2.5,2009
499465,22331,WOODLAND PARTY BAG + STICKER SET,12,2010-02-28 11:33:00,1.65,14807.0,United Kingdom,19.799999999999997,2010
580469,84692,BOX OF 24 COCKTAIL PARASOLS,1,2011-12-04 12:32:00,0.42,14583.0,United Kingdom,0.42,2011
564056,90176D,DIAMANTE NECKLACE PURPLE,2,2011-08-22 14:13:00,7.5,14387.0,United Kingdom,15.0,2011
531336,84077,WORLD WAR 2 GLIDERS ASSTD DESIGNS,48,2010-11-07 12:37:00,0.29,17160.0,United Kingdom,13.919999999999998,2010
575947,84032B,CHARLIE + LOLA RED HOT WATER BOTTLE,3,2011-11-13 11:50:00,3.29,,United Kingdom,9.870000000000001,2011
543013,22630,DOLLY GIRL LUNCH BOX,1,2011-02-02 13:35:00,4.13,,United Kingdom,4.13,2011
499623,82587,TEXRIO TOMATOES CANDLE+CUP,1,2010-03-01 13:06:00,1.25,17377.0,United Kingdom,1.25,2010
573585,90202B,WHITE ENAMEL FLOWER HAIR TIE,1,2011-10-31 14:41:00,2.9,,United Kingdom,2.9,2011
548894,21908,CHOCOLATE THIS WAY METAL SIGN,1,2011-04-04 16:01:00,4.13,,United Kingdom,4.13,2011
580092,23525,WALL ART BUFFALO BILL ,6,2011-12-01 14:38:00,3.75,13969.0,United Kingdom,22.5,2011
532038,22677,FRENCH BLUE METAL DOOR SIGN 2,10,2010-11-10 13:47:00,1.25,17515.0,United Kingdom,12.5,2010
525108,85049A,TRADITIONAL CHRISTMAS RIBBONS,12,2010-10-04 10:52:00,1.25,13803.0,United Kingdom,15.0,2010
568657,22110,BIRD HOUSE HOT WATER BOTTLE,2,2011-09-28 12:22:00,2.55,16460.0,United Kingdom,5.1,2011
507122,22326,ROUND SNACK BOXES SET OF4 WOODLAND ,12,2010-05-06 11:50:00,2.95,12678.0,France,35.400000000000006,2010
531036,22178,VICTORIAN GLASS HANGING T-LIGHT,3,2010-11-05 11:58:00,2.51,,United Kingdom,7.529999999999999,2010
532573,20975,12 PENCILS SMALL TUBE RED RETROSPOT,24,2010-11-12 13:51:00,0.65,16186.0,United Kingdom,15.600000000000001,2010
536544,22919,HERB MARKER MINT,1,2010-12-01 14:32:00,1.66,,United Kingdom,1.66,2010
546982,23002,TRAVEL CARD WALLET SKULLS,1,2011-03-18 12:26:00,0.42,15483.0,United Kingdom,0.42,2011
520564,21790,VINTAGE SNAP CARDS,24,2010-08-26 17:11:00,0.85,17402.0,United Kingdom,20.4,2010
498502,20804,GLASS CHICKEN BUTTER DISH,1,2010-02-19 11:09:00,3.36,,United Kingdom,3.36,2010
554270,23093,SMALL PARISIENNE HEART PHOTO FRAME ,3,2011-05-23 13:05:00,2.49,15046.0,United Kingdom,7.470000000000001,2011
575141,21929,JUMBO BAG PINK VINTAGE PAISLEY,10,2011-11-08 15:35:00,2.08,15615.0,United Kingdom,20.8,2011
562519,21934,SKULL SHOULDER BAG,2,2011-08-05 12:37:00,1.65,16764.0,United Kingdom,3.3,2011
514511,84902,PINK KNITTED COW STUFFED TOY,1,2010-07-04 13:31:00,3.75,16032.0,United Kingdom,3.75,2010
547552,22502,PICNIC BASKET WICKER SMALL,5,2011-03-23 15:55:00,8.29,,United Kingdom,41.449999999999996,2011
500379,22348,TEA BAG PLATE RED SPOTTY ,12,2010-03-08 10:15:00,0.85,12359.0,Cyprus,10.2,2010
498430,84971S,SMALL HEART FLOWERS HOOK ,24,2010-02-18 17:17:00,0.85,15615.0,United Kingdom,20.4,2010
563638,21867,PINK UNION JACK  LUGGAGE TAG,4,2011-08-18 10:36:00,1.25,15311.0,United Kingdom,5.0,2011
546034,22030,SWALLOWS GREETING CARD,12,2011-03-09 09:44:00,0.42,14032.0,United Kingdom,5.04,2011
553315,23054,RECYCLED ACAPULCO MAT LAVENDER,2,2011-05-16 12:03:00,8.25,16705.0,United Kingdom,16.5,2011
564756,85123A,WHITE HANGING HEART T-LIGHT HOLDER,1,2011-08-30 10:33:00,5.79,,United Kingdom,5.79,2011
489599,21155,RED SPOTTY PEG BAG,12,2009-12-01 14:40:00,2.1,12758.0,Portugal,25.200000000000003,2009
532419,22943,CHRISTMAS LIGHTS 10 VINTAGE BAUBLES,1,2010-11-12 09:18:00,11.02,,United Kingdom,11.02,2010
564093,22557,PLASTERS IN TIN VINTAGE PAISLEY ,12,2011-08-23 10:29:00,1.65,14930.0,Channel Islands,19.799999999999997,2011
544323,20658,RED RETROSPOT LUGGAGE TAG,3,2011-02-17 15:51:00,1.25,,United Kingdom,3.75,2011
528628,20971,PINK BLUE FELT CRAFT TRINKET BOX,1,2010-10-24 11:17:00,1.25,13241.0,United Kingdom,1.25,2010
491055,22186,RED STAR CARD HOLDER,6,2009-12-09 10:48:00,2.95,14732.0,United Kingdom,17.700000000000003,2009
528583,21121,SET/10 RED POLKADOT PARTY CANDLES,4,2010-10-22 13:35:00,1.25,17757.0,United Kingdom,5.0,2010
567878,21213,PACK OF 72 SKULL CAKE CASES,4,2011-09-22 14:42:00,0.55,16910.0,United Kingdom,2.2,2011
567653,23198,PANTRY MAGNETIC  SHOPPING LIST,12,2011-09-21 14:35:00,1.45,12550.0,Spain,17.4,2011
545082,22500,SET OF 2 TINS JARDIN DE PROVENCE,4,2011-02-28 10:37:00,4.95,16992.0,United Kingdom,19.8,2011
567721,84029E,RED WOOLLY HOTTIE WHITE HEART.,24,2011-09-22 10:38:00,3.75,12409.0,Switzerland,90.0,2011
507424,21878,PACK OF 6 SANDCASTLE FLAGS ASSORTED,1,2010-05-09 15:22:00,0.85,12748.0,United Kingdom,0.85,2010
530830,22149,FELTCRAFT 6 FLOWER FRIENDS,5,2010-11-04 13:32:00,2.1,15580.0,United Kingdom,10.5,2010
549546,84674,FLYING PIG WATERING CAN,3,2011-04-10 11:24:00,2.95,16889.0,United Kingdom,8.850000000000001,2011
532337,21876,POTTERING MUG,2,2010-11-11 15:49:00,1.25,13263.0,United Kingdom,2.5,2010
505331,21890,S/6 WOODEN SKITTLES IN COTTON BAG,12,2010-04-21 12:36:00,2.95,17622.0,United Kingdom,35.400000000000006,2010
574490,85125,SMALL ROUND CUT GLASS CANDLESTICK,6,2011-11-04 13:04:00,4.95,17690.0,United Kingdom,29.700000000000003,2011
510586,20702,PINK PADDED MOBILE,3,2010-06-02 09:02:00,4.25,15623.0,United Kingdom,12.75,2010
553088,22383,LUNCH BAG SUKI DESIGN ,20,2011-05-13 11:53:00,1.65,16180.0,United Kingdom,33.0,2011
567960,85123A,WHITE HANGING HEART T-LIGHT HOLDER,64,2011-09-23 09:14:00,2.55,13777.0,United Kingdom,163.2,2011
538566,22601,CHRISTMAS RETROSPOT ANGEL WOOD,1,2010-12-13 11:21:00,1.66,,United Kingdom,1.66,2010
532316,21864,UNION JACK FLAG PASSPORT COVER ,3,2010-11-11 14:54:00,2.1,14667.0,United Kingdom,6.300000000000001,2010
512436,22399,MAGNETS PACK OF 4 CHILDHOOD MEMORY,12,2010-06-15 15:59:00,1.25,15750.0,United Kingdom,15.0,2010
545897,46776F,WOVEN ROSE GARDEN CUSHION COVER ,6,2011-03-07 17:22:00,4.13,,United Kingdom,24.78,2011
506951,47599A,PINK PARTY BAGS,6,2010-05-05 11:36:00,2.1,14560.0,United Kingdom,12.600000000000001,2010
569736,23376,PACK OF 12 VINTAGE CHRISTMAS TISSUE,24,2011-10-06 10:44:00,0.39,14317.0,United Kingdom,9.36,2011
502913,20713,JUMBO BAG OWLS,2,2010-03-29 13:10:00,1.95,13975.0,United Kingdom,3.9,2010
512132,21231,SWEETHEART CERAMIC TRINKET BOX,12,2010-06-14 10:48:00,1.25,13799.0,United Kingdom,15.0,2010
500751,15044A,PINK PAPER PARASOL ,6,2010-03-10 10:25:00,2.95,13081.0,United Kingdom,17.700000000000003,2010
524944,22099,CARAVAN SQUARE TISSUE BOX,4,2010-10-01 12:24:00,1.25,15276.0,United Kingdom,5.0,2010
575144,22326,ROUND SNACK BOXES SET OF4 WOODLAND ,6,2011-11-08 15:38:00,2.95,12540.0,Spain,17.700000000000003,2011
502490,84613C,BLUE NEW BAROQUE FLOCK CANDLESTICK,3,2010-03-25 10:04:00,4.65,14640.0,United Kingdom,13.950000000000001,2010
531546,21929,JUMBO BAG PINK VINTAGE PAISLEY,20,2010-11-09 08:51:00,1.95,,United Kingdom,39.0,2010
570843,23300,GARDENERS KNEELING PAD CUP OF TEA ,1,2011-10-12 14:22:00,1.65,17293.0,United Kingdom,1.65,2011
509851,47570B,TEA TIME TABLE CLOTH,2,2010-05-26 09:05:00,10.65,14911.0,EIRE,21.3,2010
525928,21098,CHRISTMAS TOILET ROLL,4,2010-10-07 16:48:00,1.25,16072.0,United Kingdom,5.0,2010
568197,22944,CHRISTMAS METAL POSTCARD WITH BELLS,72,2011-09-25 14:52:00,0.39,16746.0,United Kingdom,28.080000000000002,2011
495678,17091A,LAVENDER INCENSE IN TIN,36,2010-01-26 11:33:00,0.38,15218.0,United Kingdom,13.68,2010
505869,22515,CHILDS GARDEN SPADE PINK,1,2010-04-26 13:29:00,4.21,,United Kingdom,4.21,2010
508228,22067,CHOC TRUFFLE GOLD TRINKET POT ,1,2010-05-13 16:49:00,3.36,,United Kingdom,3.36,2010
567890,22555,PLASTERS IN TIN STRONGMAN,12,2011-09-22 15:40:00,1.65,14125.0,United Kingdom,19.799999999999997,2011
537666,22757,LARGE RED BABUSHKA NOTEBOOK ,1,2010-12-07 18:36:00,2.51,,United Kingdom,2.51,2010
519477,22372,AIRLINE BAG VINTAGE WORLD CHAMPION ,4,2010-08-17 12:44:00,6.35,13001.0,United Kingdom,25.4,2010
534244,21349,IVY HEART WREATH,2,2010-11-22 10:59:00,6.75,16972.0,United Kingdom,13.5,2010
569680,23171,REGENCY TEA PLATE GREEN ,12,2011-10-05 14:28:00,1.65,16803.0,United Kingdom,19.799999999999997,2011
499682,21929,JUMBO BAG PINK VINTAGE PAISLEY,10,2010-03-02 09:25:00,1.95,12623.0,Germany,19.5,2010
551471,22138,BAKING SET 9 PIECE RETROSPOT ,1,2011-04-28 16:40:00,4.95,16370.0,United Kingdom,4.95,2011
519811,20723,STRAWBERRY CHARLOTTE BAG,20,2010-08-20 12:53:00,0.85,13520.0,Switzerland,17.0,2010
564230,22726,ALARM CLOCK BAKELIKE GREEN,1,2011-08-24 10:22:00,12.21,,United Kingdom,12.21,2011
579885,23425,STORAGE TIN HOME SWEET HOME,3,2011-11-30 17:37:00,2.49,15444.0,United Kingdom,7.470000000000001,2011
567295,22441,GROW YOUR OWN BASIL IN ENAMEL MUG,8,2011-09-19 12:16:00,2.1,17490.0,United Kingdom,16.8,2011
527251,47566,PARTY BUNTING,5,2010-10-15 12:30:00,4.65,17687.0,United Kingdom,23.25,2010
511021,85227,SET OF 6 3D KIT CARDS FOR KIDS,1,2010-06-04 16:13:00,1.66,,United Kingdom,1.66,2010
577411,23583,LUNCH BAG PAISLEY PARK  ,9,2011-11-20 11:00:00,1.65,17387.0,United Kingdom,14.85,2011
538146,22196,SMALL HEART MEASURING SPOONS,24,2010-12-09 16:10:00,0.85,15596.0,United Kingdom,20.4,2010
507917,20685,DOOR MAT RED SPOT,30,2010-05-12 09:23:00,6.35,15061.0,United Kingdom,190.5,2010
527520,22818,CARD CHRISTMAS VILLAGE,1,2010-10-18 13:18:00,0.85,,United Kingdom,0.85,2010
517381,21669,BLUE STRIPE CERAMIC DRAWER KNOB,30,2010-07-28 17:18:00,1.25,14461.0,United Kingdom,37.5,2010
504407,48189,DOOR MAT FRIENDSHIP ,2,2010-04-13 11:58:00,7.49,14527.0,United Kingdom,14.98,2010
498880,21258,VICTORIAN SEWING BOX LARGE,8,2010-02-23 12:51:00,10.95,14558.0,United Kingdom,87.6,2010
543113,22969,HOMEMADE JAM SCENTED CANDLES,12,2011-02-03 13:06:00,1.45,13047.0,United Kingdom,17.4,2011
532803,90036E,"FLOWER GLASS GARLD NECKL36""AMETHYST",2,2010-11-14 14:57:00,7.95,17544.0,United Kingdom,15.9,2010
536592,85150,LADIES & GENTLEMEN METAL SIGN,1,2010-12-01 17:06:00,5.06,,United Kingdom,5.06,2010
567615,22704,WRAP RED APPLES ,25,2011-09-21 12:14:00,0.42,13316.0,United Kingdom,10.5,2011
516590,20726,LUNCH BAG WOODLAND,2,2010-07-21 13:47:00,1.65,15005.0,United Kingdom,3.3,2010
537196,79190A,RETRO PLASTIC 70'S TRAY,1,2010-12-05 13:55:00,0.42,15426.0,United Kingdom,0.42,2010
562416,23344,JUMBO BAG 50'S CHRISTMAS ,10,2011-08-04 16:31:00,2.08,13969.0,United Kingdom,20.8,2011
509322,84978,HANGING HEART JAR T-LIGHT HOLDER,12,2010-05-21 12:11:00,1.25,15260.0,United Kingdom,15.0,2010
550320,22728,ALARM CLOCK BAKELIKE PINK,2,2011-04-17 12:37:00,3.75,12748.0,United Kingdom,7.5,2011
566571,84879,ASSORTED COLOUR BIRD ORNAMENT,16,2011-09-13 12:49:00,1.69,17037.0,United Kingdom,27.04,2011
532642,20665,RED RETROSPOT PURSE ,1,2010-11-12 17:00:00,5.91,,United Kingdom,5.91,2010
552000,21977,PACK OF 60 PINK PAISLEY CAKE CASES,1,2011-05-05 15:56:00,1.25,,United Kingdom,1.25,2011
533976,20861,GOLD COSMETIC BAG PINK STAR,1,2010-11-19 13:28:00,2.1,,United Kingdom,2.1,2010
510737,21465,PINK FLOWER CROCHET FOOD COVER,6,2010-06-03 11:44:00,3.75,16279.0,United Kingdom,22.5,2010
496290,21833,CAMOUFLAGE LED TORCH,30,2010-01-29 17:55:00,1.69,,United Kingdom,50.699999999999996,2010
499980,72586,"S/6 HALLOWEEN GHOST T LIGHTS, 5CM H",1,2010-03-03 15:28:00,0.81,,United Kingdom,0.81,2010
503156,22563,HAPPY STENCIL CRAFT,1,2010-03-30 12:36:00,1.25,15862.0,United Kingdom,1.25,2010
550519,20728,LUNCH BAG CARS BLUE,10,2011-04-19 09:31:00,1.65,13141.0,United Kingdom,16.5,2011
567671,22197,POPCORN HOLDER,5,2011-09-21 15:34:00,1.63,,United Kingdom,8.149999999999999,2011
531441,71477,COLOUR GLASS. STAR T-LIGHT HOLDER,4,2010-11-08 12:30:00,3.25,14927.0,United Kingdom,13.0,2010
572867,21327,SKULLS WRITING SET ,2,2011-10-26 13:19:00,1.65,14598.0,United Kingdom,3.3,2011
578533,23067,HANGING ENGRAVED METAL HEART,2,2011-11-24 14:42:00,4.15,17767.0,United Kingdom,8.3,2011
507448,21356,TOAST ITS - FAIRY FLOWER,1,2010-05-10 09:55:00,2.51,,United Kingdom,2.51,2010
559674,21789,KIDS RAIN MAC PINK,1,2011-07-11 14:16:00,0.85,15856.0,United Kingdom,0.85,2011
532091,21587,COSY HOUR GIANT TUBE MATCHES,12,2010-11-10 15:41:00,2.55,17218.0,United Kingdom,30.599999999999998,2010
504631,22417,PACK OF 60 SPACEBOY CAKE CASES,24,2010-04-15 12:55:00,0.55,13647.0,United Kingdom,13.200000000000001,2010
566932,84378,SET OF 3 HEART COOKIE CUTTERS,3,2011-09-15 15:29:00,1.45,17576.0,United Kingdom,4.35,2011
507315,21439,BASKET OF TOADSTOOLS,12,2010-05-07 14:56:00,1.25,12490.0,France,15.0,2010
510498,84199,GLOW IN DARK DOLPHINS,24,2010-06-01 12:42:00,0.21,14227.0,United Kingdom,5.04,2010
533355,21559,STRAWBERRY LUNCH BOX WITH CUTLERY,120,2010-11-17 10:03:00,2.1,14646.0,Netherlands,252.0,2010
568515,22952,60 CAKE CASES VINTAGE CHRISTMAS,24,2011-09-27 12:44:00,0.55,14466.0,United Kingdom,13.200000000000001,2011
571123,22972,CHILDREN'S SPACEBOY MUG,12,2011-10-14 09:35:00,1.65,14856.0,United Kingdom,19.799999999999997,2011
561217,84536A,ENGLISH ROSE NOTEBOOK A7 SIZE,1,2011-07-25 17:09:00,0.83,,United Kingdom,0.83,2011
513907,21773,DECORATIVE ROSE BATHROOM BOTTLE,1,2010-06-29 12:08:00,2.51,,United Kingdom,2.51,2010
567483,23243,SET OF TEA COFFEE SUGAR TINS PANTRY,4,2011-09-20 13:45:00,4.95,16584.0,United Kingdom,19.8,2011
549196,47599A,PINK PARTY BAGS,6,2011-04-07 10:33:00,2.1,14911.0,EIRE,12.600000000000001,2011
556428,22795,SWEETHEART RECIPE BOOK STAND,1,2011-06-10 13:23:00,13.29,,United Kingdom,13.29,2011
542864,84819,DANISH ROSE ROUND SEWING BOX,16,2011-02-01 12:03:00,0.85,13802.0,United Kingdom,13.6,2011
534185,71053,WHITE METAL LANTERN,24,2010-11-21 14:04:00,3.39,16726.0,United Kingdom,81.36,2010
569374,21880,RED RETROSPOT TAPE,8,2011-10-03 16:14:00,0.42,,United Kingdom,3.36,2011
535958,22537,MAGIC DRAWING SLATE DINOSAUR,24,2010-11-29 12:33:00,0.42,16161.0,United Kingdom,10.08,2010
497898,85040B,SET/4 BLUE FLOWER CANDLES IN BOWL,12,2010-02-14 12:49:00,1.65,18077.0,United Kingdom,19.799999999999997,2010
544094,22355,CHARLOTTE BAG SUKI DESIGN,10,2011-02-16 09:11:00,0.85,15810.0,United Kingdom,8.5,2011
581169,82600,N0 SINGING METAL SIGN,48,2011-12-07 14:54:00,1.85,16779.0,United Kingdom,88.80000000000001,2011
550622,22621,TRADITIONAL KNITTING NANCY,4,2011-04-19 13:49:00,1.65,13735.0,United Kingdom,6.6,2011
569336,22693,GROW A FLYTRAP OR SUNFLOWER IN TIN,24,2011-10-03 14:05:00,1.25,15088.0,United Kingdom,30.0,2011
564837,21385,IVORY HANGING DECORATION  HEART,1,2011-08-30 12:40:00,1.63,,United Kingdom,1.63,2011
577572,21755,LOVE BUILDING BLOCK WORD,1,2011-11-20 15:48:00,6.25,17384.0,United Kingdom,6.25,2011
559816,22077,6 RIBBONS RUSTIC CHARM,2,2011-07-12 16:11:00,3.29,,United Kingdom,6.58,2011
496198,22220,CAKE STAND LOVEBIRD 2 TIER WHITE,4,2010-01-29 12:32:00,9.95,15785.0,United Kingdom,39.8,2010
518146,72801D,4 SKY BLUE DINNER CANDLES,2,2010-08-04 16:27:00,1.25,13044.0,United Kingdom,2.5,2010
565118,22365,DOORMAT RESPECTABLE HOUSE,1,2011-09-01 11:33:00,8.25,15039.0,United Kingdom,8.25,2011
552975,84832,ZINC WILLIE WINKIE  CANDLE STICK,12,2011-05-12 13:58:00,0.85,17932.0,United Kingdom,10.2,2011
491691,21819,GLITTER CHRISTMAS STAR ,10,2009-12-13 13:17:00,0.85,17211.0,United Kingdom,8.5,2009
541695,90071,RUBY GLASS CLUSTER EARRINGS,1,2011-01-20 18:01:00,1.23,,United Kingdom,1.23,2011
495508,21383,PACK OF 12 STICKY BUNNIES,12,2010-01-25 13:46:00,0.65,13141.0,United Kingdom,7.800000000000001,2010
572065,22795,SWEETHEART RECIPE BOOK STAND,1,2011-10-20 13:06:00,6.75,12556.0,Spain,6.75,2011
543037,20615,BLUE POLKADOT PASSPORT COVER,12,2011-02-02 16:01:00,2.1,12350.0,Norway,25.200000000000003,2011
537624,21326,AGED GLASS SILVER T-LIGHT HOLDER,4,2010-12-07 14:41:00,0.65,12748.0,United Kingdom,2.6,2010
539451,84912B,GREEN ROSE WASHBAG,1,2010-12-17 16:59:00,3.36,,United Kingdom,3.36,2010
571905,22767,TRIPLE PHOTO FRAME CORNICE ,4,2011-10-19 14:51:00,9.95,12370.0,Cyprus,39.8,2011
565432,22907,PACK OF 20 NAPKINS PANTRY DESIGN,1,2011-09-04 13:16:00,0.85,16241.0,United Kingdom,0.85,2011
553545,21974,SET OF 36 PAISLEY FLOWER DOILIES,1,2011-05-17 15:37:00,3.75,,United Kingdom,3.75,2011
514864,22326,ROUND SNACK BOXES SET OF4 WOODLAND ,24,2010-07-07 09:39:00,2.95,12632.0,Germany,70.80000000000001,2010
567670,22551,PLASTERS IN TIN SPACEBOY,1,2011-09-21 15:32:00,3.29,,United Kingdom,3.29,2011
506869,21175,GIN + TONIC DIET METAL SIGN,1,2010-05-04 15:45:00,4.21,,United Kingdom,4.21,2010
532990,22692,DOORMAT WELCOME TO OUR HOME,1,2010-11-15 14:11:00,7.95,17106.0,United Kingdom,7.95,2010
555368,22822,CREAM WALL PLANTER HEART SHAPED,2,2011-06-02 14:30:00,5.95,13437.0,United Kingdom,11.9,2011
573151,22843,BISCUIT TIN VINTAGE GREEN,1,2011-10-27 20:09:00,6.75,17602.0,United Kingdom,6.75,2011
533798,22765,NEWSPAPER STAND,1,2010-11-18 19:08:00,14.95,13004.0,United Kingdom,14.95,2010
523448,20983,12 PENCILS TALL TUBE RED SPOTTY,12,2010-09-22 11:19:00,0.85,12578.0,Italy,10.2,2010
576592,21402,RED  EGG  SPOON,2,2011-11-15 14:47:00,0.12,13614.0,United Kingdom,0.24,2011
577473,23546,WRAP PAISLEY PARK ,25,2011-11-20 11:28:00,0.42,15919.0,United Kingdom,10.5,2011
501907,20960,WATERMELON BATH SPONGE,2,2010-03-21 16:13:00,1.25,13451.0,United Kingdom,2.5,2010
572333,22141,CHRISTMAS CRAFT TREE TOP ANGEL,6,2011-10-24 10:23:00,2.1,13704.0,United Kingdom,12.600000000000001,2011
531478,22153,ANGEL DECORATION STARS ON DRESS,6,2010-11-08 14:20:00,0.42,17084.0,United Kingdom,2.52,2010
492117,85099B,JUMBO BAG RED WHITE SPOTTY ,20,2009-12-15 14:10:00,1.95,15808.0,United Kingdom,39.0,2009
545215,22720,SET OF 3 CAKE TINS PANTRY DESIGN ,1,2011-02-28 16:47:00,10.79,,United Kingdom,10.79,2011
525107,21481,FAWN BLUE HOT WATER BOTTLE,36,2010-10-04 10:52:00,2.55,15903.0,United Kingdom,91.8,2010
570598,23539,WALL ART LOVES' SECRET ,4,2011-10-11 11:55:00,5.95,14175.0,United Kingdom,23.8,2011
502840,21122,SET/10 PINK SPOTTY PARTY CANDLES,3,2010-03-28 13:18:00,1.25,15068.0,United Kingdom,3.75,2010
578936,21984,PACK OF 12 PINK PAISLEY TISSUES ,1,2011-11-27 13:00:00,0.39,16923.0,United Kingdom,0.39,2011
506956,21918,SET 12 KIDS COLOUR  CHALK STICKS,1,2010-05-05 11:51:00,0.42,16415.0,United Kingdom,0.42,2010
498734,21327,SKULLS WRITING SET ,6,2010-02-22 15:52:00,1.65,17610.0,United Kingdom,9.899999999999999,2010
496173,21166,COOK WITH WINE METAL SIGN ,8,2010-01-29 11:59:00,1.95,14796.0,United Kingdom,15.6,2010
509759,20685,DOOR MAT RED SPOT,2,2010-05-25 15:21:00,7.49,14930.0,Channel Islands,14.98,2010
564755,22821,GIFT BAG PSYCHEDELIC APPLES,1,2011-08-30 10:31:00,0.83,,United Kingdom,0.83,2011
539581,22722,SET OF 6 SPICE TINS PANTRY DESIGN,4,2010-12-20 12:51:00,3.95,16143.0,United Kingdom,15.8,2010
547548,21156,RETROSPOT CHILDRENS APRON,1,2011-03-23 15:37:00,1.95,15644.0,United Kingdom,1.95,2011
498047,82597,BOMBS AWAY METAL SIGN,12,2010-02-16 10:45:00,2.1,13381.0,United Kingdom,25.200000000000003,2010
526265,84580,MOUSE TOY WITH PINK T-SHIRT,12,2010-10-11 10:34:00,3.75,12782.0,Portugal,45.0,2010
526564,22580,ADVENT CALENDAR GINGHAM SACK,6,2010-10-12 11:39:00,5.95,16161.0,United Kingdom,35.7,2010
554134,21240,BLUE POLKADOT CUP,8,2011-05-23 09:48:00,0.85,12583.0,France,6.8,2011
500320,20828,GLITTER BUTTERFLY CLIPS,14,2010-03-07 12:03:00,2.55,16271.0,United Kingdom,35.699999999999996,2010
571779,22141,CHRISTMAS CRAFT TREE TOP ANGEL,4,2011-10-19 11:27:00,2.1,12748.0,United Kingdom,8.4,2011
491041,21784,SHOE SHINE BOX ,1,2009-12-09 09:42:00,21.7,,United Kingdom,21.7,2009
525732,22423,REGENCY CAKESTAND 3 TIER,2,2010-10-06 15:58:00,12.75,14156.0,EIRE,25.5,2010
505551,22477,WATERING CAN GARDEN MARKER,10,2010-04-23 09:00:00,1.25,16497.0,United Kingdom,12.5,2010
574182,22544,MINI JIGSAW SPACEBOY,24,2011-11-03 11:51:00,0.42,16841.0,United Kingdom,10.08,2011
491750,21035,SET/2 RED SPOTTY TEA TOWELS ,2,2009-12-14 11:48:00,2.95,14527.0,United Kingdom,5.9,2009
572758,23102,SILVER HEARTS TABLE DECORATION,3,2011-10-25 18:39:00,2.46,,United Kingdom,7.38,2011
547382,21899,"KEY FOB , GARAGE DESIGN",2,2011-03-22 15:31:00,0.65,15457.0,United Kingdom,1.3,2011
530850,22262,FELT EGG COSY CHICKEN,2,2010-11-04 14:49:00,1.66,,United Kingdom,3.32,2010
577158,23534,WALL ART STOP FOR TEA ,3,2011-11-18 09:58:00,5.95,16293.0,United Kingdom,17.85,2011
576665,71270,PHOTO CLIP LINE,2,2011-11-16 11:46:00,1.25,17841.0,United Kingdom,2.5,2011
504935,22278,OVERNIGHT BAG VINTAGE ROSE PAISLEY,1,2010-04-19 11:19:00,11.02,,United Kingdom,11.02,2010
505332,21931,JUMBO STORAGE BAG SUKI,1,2010-04-21 12:43:00,1.95,15719.0,United Kingdom,1.95,2010
564139,22475,SKULL DESIGN TV DINNER TRAY,4,2011-08-23 11:41:00,4.95,16904.0,United Kingdom,19.8,2011
494987,21165,BEWARE OF THE CAT METAL SIGN ,12,2010-01-20 11:31:00,1.69,18223.0,United Kingdom,20.28,2010
563718,20712,JUMBO BAG WOODLAND ANIMALS,20,2011-08-18 16:18:00,2.08,15144.0,United Kingdom,41.6,2011
502281,72008,FROSTED BOX 9 WHITE T-LIGHT CANDLES,9,2010-03-23 16:50:00,0.42,15869.0,United Kingdom,3.78,2010
549245,20914,SET/5 RED RETROSPOT LID GLASS BOWLS,1,2011-04-07 11:59:00,2.95,15005.0,United Kingdom,2.95,2011
502980,21557,SET OF 6 FUNKY BEAKERS,1,2010-03-29 14:55:00,5.74,,United Kingdom,5.74,2010
565475,21787,RAIN PONCHO RETROSPOT,144,2011-09-05 10:47:00,0.65,14156.0,EIRE,93.60000000000001,2011
526169,22113,GREY HEART HOT WATER BOTTLE,4,2010-10-10 10:47:00,3.75,16131.0,United Kingdom,15.0,2010
534816,22423,REGENCY CAKESTAND 3 TIER,16,2010-11-24 12:49:00,10.95,16839.0,United Kingdom,175.2,2010
498035,21868,POTTING SHED TEA MUG,24,2010-02-16 10:10:00,1.25,18172.0,United Kingdom,30.0,2010
563726,21495,SKULLS AND CROSSBONES WRAP,25,2011-08-18 17:02:00,0.42,16582.0,United Kingdom,10.5,2011
524855,84992,72 SWEETHEART FAIRY CAKE CASES,6,2010-09-30 19:25:00,0.55,14702.0,United Kingdom,3.3000000000000003,2010
505185,21358,TOAST ITS - HAPPY BIRTHDAY,3,2010-04-20 14:33:00,1.25,14648.0,United Kingdom,3.75,2010
516338,22492,MINI PAINT SET VINTAGE ,36,2010-07-20 09:04:00,0.65,13418.0,United Kingdom,23.400000000000002,2010
559816,23052,RECYCLED ACAPULCO MAT TURQUOISE,1,2011-07-12 16:11:00,16.63,,United Kingdom,16.63,2011
581003,22474,SPACEBOY TV DINNER TRAY,8,2011-12-07 08:38:00,1.95,14911.0,EIRE,15.6,2011
521044,22593,CHRISTMAS GINGHAM STAR,12,2010-09-02 10:04:00,0.85,13916.0,United Kingdom,10.2,2010
530902,82599,FANNY'S REST STOPMETAL SIGN,2,2010-11-04 15:13:00,2.1,14099.0,United Kingdom,4.2,2010
509408,22341,LOVE GARLAND PAINTED ZINC ,24,2010-05-23 11:46:00,1.65,16290.0,United Kingdom,39.599999999999994,2010
565919,23227,FILIGREE HEART BUTTERFLY WHITE ,2,2011-09-07 16:48:00,2.46,,United Kingdom,4.92,2011
542895,22860,EASTER TIN CHICKS PINK DAISY,1,2011-02-01 13:47:00,1.65,14549.0,United Kingdom,1.65,2011
543660,22261,FELT EGG COSY WHITE RABBIT ,2,2011-02-11 10:40:00,1.63,,United Kingdom,3.26,2011
546136,21534,DAIRY MAID LARGE MILK JUG,1,2011-03-09 16:32:00,9.96,,United Kingdom,9.96,2011
536752,21071,VINTAGE BILLBOARD DRINK ME MUG,6,2010-12-02 14:06:00,1.06,17850.0,United Kingdom,6.36,2010
497934,79323W, WHITE CHERRY LIGHTS,2,2010-02-15 10:43:00,6.75,16905.0,United Kingdom,13.5,2010
521700,16161U,WRAP SUKI AND FRIENDS,25,2010-09-08 10:54:00,0.42,14740.0,United Kingdom,10.5,2010
548312,22854,CREAM SWEETHEART EGG HOLDER,3,2011-03-30 12:12:00,4.95,16059.0,United Kingdom,14.850000000000001,2011
560914,22156,HEART DECORATION WITH PEARLS ,36,2011-07-21 18:08:00,0.85,17175.0,United Kingdom,30.599999999999998,2011
553890,22917,HERB MARKER ROSEMARY,2,2011-05-19 16:32:00,1.63,,United Kingdom,3.26,2011
533423,20749,ASSORTED COLOUR MINI CASES,2,2010-11-17 11:19:00,7.95,16386.0,United Kingdom,15.9,2010
559362,22399,MAGNETS PACK OF 4 CHILDHOOD MEMORY,12,2011-07-08 08:43:00,1.25,12635.0,Germany,15.0,2011
579471,21559,STRAWBERRY LUNCH BOX WITH CUTLERY,2,2011-11-29 15:08:00,4.96,,United Kingdom,9.92,2011
574287,85034A,3 GARDENIA MORRIS BOXED CANDLES,2,2011-11-03 15:09:00,1.25,14723.0,United Kingdom,2.5,2011
560977,23293,SET OF 12 FAIRY CAKE BAKING CASES,8,2011-07-22 12:09:00,0.83,16839.0,United Kingdom,6.64,2011
578488,84988,SET OF 72 PINK HEART PAPER DOILIES,1,2011-11-24 12:53:00,1.45,12784.0,Portugal,1.45,2011
534210,21219,SET/4 BADGES BALLOON GIRL,1,2010-11-21 15:56:00,1.25,18069.0,United Kingdom,1.25,2010
526564,22804,CANDLEHOLDER PINK HANGING HEART,2,2010-10-12 11:39:00,2.95,16161.0,United Kingdom,5.9,2010
577358,22701,PINK DOG BOWL,2,2011-11-18 15:59:00,2.46,,United Kingdom,4.92,2011
565292,23307,SET OF 60 PANTRY DESIGN CAKE CASES ,24,2011-09-02 11:54:00,0.55,16102.0,United Kingdom,13.200000000000001,2011
562955,21929,JUMBO BAG PINK VINTAGE PAISLEY,7,2011-08-11 10:14:00,4.13,,United Kingdom,28.91,2011
544692,22561,WOODEN SCHOOL COLOURING SET,12,2011-02-23 09:14:00,1.65,17499.0,United Kingdom,19.799999999999997,2011
498610,22109,FULL ENGLISH BREAKFAST PLATE,4,2010-02-22 09:17:00,3.75,13393.0,United Kingdom,15.0,2010
545991,85187,S/12 MINI RABBIT EASTER,5,2011-03-08 13:12:00,1.65,15311.0,United Kingdom,8.25,2011
579529,22753,SMALL YELLOW BABUSHKA NOTEBOOK ,12,2011-11-30 08:50:00,0.85,12488.0,France,10.2,2011
566949,21934,SKULL SHOULDER BAG,1,2011-09-15 16:32:00,1.63,,United Kingdom,1.63,2011
532083,22090,PAPER BUNTING RETROSPOT,12,2010-11-10 15:16:00,2.95,13735.0,United Kingdom,35.400000000000006,2010
506716,37492C,GREEN BLUE FLOWER PIGGY BANK,1,2010-05-02 16:02:00,4.65,17555.0,United Kingdom,4.65,2010
542664,22798,ANTIQUE GLASS DRESSING TABLE POT,2,2011-01-31 12:14:00,5.79,,United Kingdom,11.58,2011
509159,22385,JUMBO BAG SPACEBOY DESIGN,1,2010-05-20 13:39:00,1.95,15005.0,United Kingdom,1.95,2010
533355,22078,RIBBON REEL LACE DESIGN ,120,2010-11-17 10:03:00,1.85,14646.0,Netherlands,222.0,2010
524268,85150,LADIES & GENTLEMEN METAL SIGN,12,2010-09-28 11:47:00,2.55,17975.0,United Kingdom,30.599999999999998,2010
506254,21982,PACK OF 12 SUKI TISSUES ,48,2010-04-28 13:59:00,0.29,12714.0,France,13.919999999999998,2010
541592,85131B,BEADED CRYSTAL HEART GREEN ON STICK,3,2011-01-19 15:08:00,0.83,,United Kingdom,2.4899999999999998,2011
572194,85111,SILVER GLITTER FLOWER VOTIVE HOLDER,6,2011-10-21 11:43:00,0.29,17832.0,United Kingdom,1.7399999999999998,2011
498886,22261,FELT EGG COSY WHITE RABBIT ,2,2010-02-23 13:03:00,0.85,15295.0,United Kingdom,1.7,2010
526715,22687,DOORMAT CHRISTMAS VILLAGE,2,2010-10-12 16:40:00,7.95,12629.0,Sweden,15.9,2010
504266,79321,CHILLI LIGHTS,36,2010-04-12 14:20:00,4.25,16353.0,United Kingdom,153.0,2010
559878,82600,NO SINGING METAL SIGN,1,2011-07-13 11:19:00,2.1,15493.0,United Kingdom,2.1,2011
523354,22646,CERAMIC STRAWBERRY CAKE MONEY BANK,12,2010-09-21 16:44:00,1.45,17161.0,United Kingdom,17.4,2010
558811,21989,PACK OF 20 SKULL PAPER NAPKINS,2,2011-07-04 11:11:00,1.63,,United Kingdom,3.26,2011
559338,22411,JUMBO SHOPPER VINTAGE RED PAISLEY,1,2011-07-07 16:30:00,4.13,,United Kingdom,4.13,2011
559055,23238,SET OF 4 KNICK KNACK TINS LONDON ,1,2011-07-05 17:09:00,8.29,,United Kingdom,8.29,2011
552821,84978,HANGING HEART JAR T-LIGHT HOLDER,1,2011-05-11 12:58:00,1.25,18118.0,United Kingdom,1.25,2011
537135,21164,HOME SWEET HOME METAL SIGN ,2,2010-12-05 12:35:00,2.95,17059.0,United Kingdom,5.9,2010
571205,23503,PLAYING CARDS KEEP CALM & CARRY ON,12,2011-10-14 12:41:00,1.25,15620.0,United Kingdom,15.0,2011
542026,22194,BLACK DINER WALL CLOCK,2,2011-01-25 11:41:00,8.5,15110.0,United Kingdom,17.0,2011
559308,22197,POPCORN HOLDER,12,2011-07-07 13:05:00,0.85,13158.0,United Kingdom,10.2,2011
536531,22194,BLACK DINER WALL CLOCK,2,2010-12-01 13:23:00,8.5,15485.0,United Kingdom,17.0,2010
507391,85195,HANGING HEART BASKET,2,2010-05-09 12:30:00,2.1,14044.0,United Kingdom,4.2,2010
542527,22558,CLOTHES PEGS RETROSPOT PACK 24 ,12,2011-01-28 12:48:00,1.49,17188.0,United Kingdom,17.88,2011
580505,22959,WRAP CHRISTMAS VILLAGE,25,2011-12-04 13:32:00,0.42,15867.0,United Kingdom,10.5,2011
564757,21179,NO JUNK MAIL METAL SIGN,1,2011-08-30 10:36:00,1.63,,United Kingdom,1.63,2011
566270,82613D,METAL SIGN CUPCAKE SINGLE HOOK,8,2011-09-11 13:40:00,1.25,16523.0,United Kingdom,10.0,2011
574076,22322,BIRD DECORATION GREEN POLKADOT,2,2011-11-02 15:38:00,1.63,,United Kingdom,3.26,2011
507712,85099B,RED RETROSPOT JUMBO BAG ,3,2010-05-11 11:29:00,4.21,,United Kingdom,12.629999999999999,2010
560773,35916A,YELLOW FELT HANGING HEART W FLOWER,1,2011-07-20 16:17:00,0.63,,United Kingdom,0.63,2011
536226,84991,60 TEATIME FAIRY CAKE CASES,1,2010-11-30 14:07:00,0.55,14605.0,United Kingdom,0.55,2010
509851,37448,CERAMIC CAKE DESIGN SPOTTED MUG,12,2010-05-26 09:05:00,1.49,14911.0,EIRE,17.88,2010
569220,23344,JUMBO BAG 50'S CHRISTMAS ,2,2011-10-02 13:26:00,2.08,16007.0,United Kingdom,4.16,2011
513330,20725,LUNCH BAG RED SPOTTY,10,2010-06-23 17:28:00,1.65,17092.0,United Kingdom,16.5,2010
530812,22585,PACK OF 6 BIRDY GIFT TAGS,5,2010-11-04 13:05:00,1.25,15860.0,United Kingdom,6.25,2010
537666,22544,MINI JIGSAW SPACEBOY,2,2010-12-07 18:36:00,0.85,,United Kingdom,1.7,2010
557570,23301,GARDENERS KNEELING PAD KEEP CALM ,2,2011-06-21 10:48:00,1.65,15998.0,United Kingdom,3.3,2011
537823,21849,SILVER DIAMANTE PEN IN GIFT BOX,2,2010-12-08 14:25:00,4.21,,United Kingdom,8.42,2010
545217,22720,SET OF 3 CAKE TINS PANTRY DESIGN ,1,2011-02-28 16:59:00,10.79,,United Kingdom,10.79,2011
558430,20972,PINK CREAM FELT CRAFT TRINKET BOX ,12,2011-06-29 12:12:00,1.25,13238.0,United Kingdom,15.0,2011
540255,22214,CANDLE PLATE LACE WHITE,1,2011-01-05 16:50:00,1.66,,United Kingdom,1.66,2011
575607,23217,LAUREL HEART ANTIQUE SILVER,3,2011-11-10 12:37:00,2.46,14096.0,United Kingdom,7.38,2011
556932,17038,PORCELAIN BUDAH INCENSE HOLDER,1,2011-06-15 15:41:00,0.83,,United Kingdom,0.83,2011
568798,22349,DOG BOWL CHASING BALL DESIGN,6,2011-09-29 10:23:00,3.75,12615.0,France,22.5,2011
549982,22386,JUMBO BAG PINK POLKADOT,10,2011-04-13 15:52:00,2.08,17091.0,United Kingdom,20.8,2011
566281,22572,ROCKING HORSE GREEN CHRISTMAS ,10,2011-09-11 14:15:00,0.85,12748.0,United Kingdom,8.5,2011
581217,20682,RED RETROSPOT CHILDRENS UMBRELLA,1,2011-12-08 09:20:00,6.63,,United Kingdom,6.63,2011
541262,22296,HEART IVORY TRELLIS LARGE,2,2011-01-16 15:50:00,1.65,18069.0,United Kingdom,3.3,2011
523005,22111,SCOTTIE DOG HOT WATER BOTTLE,3,2010-09-19 16:20:00,4.95,12748.0,United Kingdom,14.850000000000001,2010
538149,22431,WATERING CAN BLUE ELEPHANT,1,2010-12-09 16:27:00,4.21,,United Kingdom,4.21,2010
491833,22299,PIG KEYRING WITH LIGHT & SOUND ,24,2009-12-14 14:35:00,1.25,12926.0,United Kingdom,30.0,2009
573585,22215,CAKE STAND WHITE TWO TIER LACE,1,2011-10-31 14:41:00,16.63,,United Kingdom,16.63,2011
536021,16161U,WRAP SUKI AND FRIENDS,25,2010-11-29 15:53:00,0.42,14329.0,United Kingdom,10.5,2010
548203,22676,FRENCH BLUE METAL DOOR SIGN 1,27,2011-03-29 16:40:00,2.95,,United Kingdom,79.65,2011
556093,20717,STRAWBERRY SHOPPER BAG,1,2011-06-08 15:26:00,2.46,,United Kingdom,2.46,2011
576837,22162,HEART GARLAND RUSTIC PADDED,3,2011-11-16 15:16:00,3.29,,United Kingdom,9.870000000000001,2011
553385,21329,DINOSAURS  WRITING SET ,2,2011-05-16 15:53:00,1.65,16710.0,United Kingdom,3.3,2011
504336,21896,POTTING SHED TWINE,12,2010-04-12 16:38:00,2.1,16705.0,United Kingdom,25.200000000000003,2010
502375,22151,PLACE SETTING WHITE HEART,24,2010-03-24 11:38:00,0.42,17165.0,United Kingdom,10.08,2010
526177,22303,COFFEE MUG APPLES DESIGN,6,2010-10-10 11:33:00,2.55,15708.0,United Kingdom,15.299999999999999,2010
577893,84012,MAGIC SHEEP WOOL GROWING FROM PAPER,3,2011-11-22 11:47:00,0.85,17073.0,United Kingdom,2.55,2011
514220,21671,RED SPOT CERAMIC DRAWER KNOB,12,2010-07-01 09:36:00,1.25,17146.0,United Kingdom,15.0,2010
546108,21634,ASSORTED MINI MADRAS NOTEBOOK,12,2011-03-09 12:35:00,1.25,15529.0,United Kingdom,15.0,2011
506577,20719,WOODLAND CHARLOTTE BAG,1,2010-04-30 13:45:00,1.66,,United Kingdom,1.66,2010
518579,21067,VINTAGE RED TEATIME MUG,1,2010-08-10 12:08:00,2.51,,United Kingdom,2.51,2010
498261,21774,DECORATIVE CATS BATHROOM BOTTLE,2,2010-02-17 14:47:00,1.25,16938.0,United Kingdom,2.5,2010
545695,22558,CLOTHES PEGS RETROSPOT PACK 24 ,2,2011-03-06 14:15:00,1.49,17050.0,United Kingdom,2.98,2011
575303,85049E,SCANDINAVIAN REDS RIBBONS,6,2011-11-09 12:34:00,1.25,12893.0,United Kingdom,7.5,2011
502648,21622,VINTAGE UNION JACK CUSHION COVER,4,2010-03-25 16:50:00,4.95,16210.0,United Kingdom,19.8,2010
572295,84510E,SET OF 4 GREEN CAROUSEL COASTERS,2,2011-10-23 13:49:00,1.25,16686.0,United Kingdom,2.5,2011
573137,21012,ANTIQUE ALL GLASS CANDLESTICK,2,2011-10-27 17:15:00,2.46,,United Kingdom,4.92,2011
534820,22865,HAND WARMER OWL DESIGN,5,2010-11-24 12:53:00,2.1,14988.0,United Kingdom,10.5,2010
511269,90200D,PINK SWEETHEART BRACELET,2,2010-06-07 13:02:00,4.25,16984.0,United Kingdom,8.5,2010
517575,90201D,GREEN ENAMEL FLOWER RING,6,2010-07-30 10:18:00,2.95,14221.0,United Kingdom,17.700000000000003,2010
513665,21082,SET/20 FRUIT SALAD PAPER NAPKINS ,5,2010-06-28 11:11:00,0.85,17437.0,United Kingdom,4.25,2010
545023,84946,ANTIQUE SILVER TEA GLASS ETCHED,12,2011-02-25 14:25:00,1.25,12921.0,United Kingdom,15.0,2011
507256,21395,BLUE SPOTTY BEAKER ,2,2010-05-07 11:42:00,1.95,17798.0,United Kingdom,3.9,2010
580660,23340,VINTAGE CHRISTMAS CAKE FRILL,12,2011-12-05 13:49:00,1.65,16592.0,United Kingdom,19.799999999999997,2011
529812,22795,SWEETHEART RECIPE BOOK STAND,2,2010-10-31 11:08:00,6.75,14769.0,United Kingdom,13.5,2010
518767,21933,PINK VINTAGE PAISLEY PICNIC BAG,5,2010-08-11 14:50:00,2.95,17469.0,United Kingdom,14.75,2010
580759,21619,4 VANILLA BOTANICAL CANDLES,12,2011-12-06 10:30:00,1.25,17593.0,United Kingdom,15.0,2011
512295,85232A,SET/3 POLKA DOT STACKING TINS,1,2010-06-14 15:11:00,4.95,15311.0,United Kingdom,4.95,2010
560567,21041,RED RETROSPOT OVEN GLOVE DOUBLE,6,2011-07-19 13:57:00,6.63,,United Kingdom,39.78,2011
512694,22411,JUMBO SHOPPER VINTAGE RED PAISLEY,2,2010-06-17 11:52:00,1.95,14710.0,United Kingdom,3.9,2010
491064,20978,36 PENCILS TUBE SKULLS,2,2009-12-09 11:58:00,1.25,16782.0,United Kingdom,2.5,2009
569220,23197,SKETCHBOOK MAGNETIC SHOPPING LIST,2,2011-10-02 13:26:00,1.45,16007.0,United Kingdom,2.9,2011
559923,23288,GREEN VINTAGE SPOT BEAKER,2,2011-07-13 16:07:00,1.63,,United Kingdom,3.26,2011
571065,21673,WHITE SPOT BLUE CERAMIC DRAWER KNOB,24,2011-10-13 14:59:00,1.45,12613.0,Germany,34.8,2011
531900,21647,ASSORTED TUTTI FRUTTI LARGE PURSE,2,2010-11-10 12:03:00,2.1,15031.0,United Kingdom,4.2,2010
541838,85066,CREAM SWEETHEART MINI CHEST,2,2011-01-23 10:43:00,12.75,12916.0,United Kingdom,25.5,2011
546538,47591D,PINK FAIRY CAKE CHILDRENS APRON,8,2011-03-14 14:51:00,1.95,16327.0,United Kingdom,15.6,2011
553515,85054,FRENCH ENAMEL POT W LID,3,2011-05-17 14:03:00,2.95,17515.0,United Kingdom,8.850000000000001,2011
556507,22467,GUMBALL COAT RACK,12,2011-06-13 09:55:00,2.55,12567.0,France,30.599999999999998,2011
574950,85179A,GREEN BITTY LIGHT CHAIN,1,2011-11-08 09:29:00,2.46,,United Kingdom,2.46,2011
564731,22904,CALENDAR PAPER CUT DESIGN,12,2011-08-28 12:57:00,2.95,16186.0,United Kingdom,35.400000000000006,2011
502827,21429,RED GINGHAM ROSE JEWELLERY BOX,8,2010-03-28 11:45:00,1.65,15289.0,United Kingdom,13.2,2010
568171,23352,ROLL WRAP 50'S RED CHRISTMAS ,12,2011-09-25 13:10:00,1.25,15312.0,United Kingdom,15.0,2011
564820,22357,KINGS CHOICE BISCUIT TIN,1,2011-08-30 12:16:00,4.13,,United Kingdom,4.13,2011
506871,22553,PLASTERS IN TIN SKULLS,1,2010-05-04 15:48:00,3.36,,United Kingdom,3.36,2010
560833,22721,SET OF 3 CAKE TINS SKETCHBOOK,1,2011-07-21 12:14:00,4.95,16891.0,United Kingdom,4.95,2011
512799,22149,FELTCRAFT 6 FLOWER FRIENDS,6,2010-06-18 10:39:00,2.1,16126.0,United Kingdom,12.600000000000001,2010
533750,51014A,"FEATHER PEN,HOT PINK",12,2010-11-18 14:17:00,0.85,15571.0,United Kingdom,10.2,2010
529996,22659,LUNCH BOX I LOVE LONDON,1,2010-11-01 08:57:00,1.95,,United Kingdom,1.95,2010
541130,20978,36 PENCILS TUBE SKULLS,1,2011-01-14 10:15:00,2.46,,United Kingdom,2.46,2011
505016,84916,HAND TOWEL PALE BLUE W FLOWERS,2,2010-04-19 13:52:00,4.21,,United Kingdom,8.42,2010
528575,22892,SALT AND PEPPER SHAKERS TOADSTOOLS,12,2010-10-22 13:11:00,1.25,13018.0,United Kingdom,15.0,2010
581402,23338,EGG FRYING PAN RED ,4,2011-12-08 13:45:00,2.08,14653.0,United Kingdom,8.32,2011
491195,22355,"CHARLOTTE BAG , SUKI DESIGN",20,2009-12-10 12:57:00,0.85,15805.0,United Kingdom,17.0,2009
514461,85227,SET OF 6 3D KIT CARDS FOR KIDS,2,2010-07-02 12:41:00,0.85,17841.0,United Kingdom,1.7,2010
528789,22855,FINE WICKER HEART ,12,2010-10-25 10:01:00,1.25,14197.0,United Kingdom,15.0,2010
554514,21221,SET/4 BADGES CUTE CREATURES,5,2011-05-24 15:58:00,2.46,,United Kingdom,12.3,2011
537823,22064,PINK DOUGHNUT TRINKET POT ,7,2010-12-08 14:25:00,3.36,,United Kingdom,23.52,2010
498590,22411,JUMBO SHOPPER VINTAGE RED PAISLEY,2,2010-02-21 15:28:00,1.95,13044.0,United Kingdom,3.9,2010
500284,21679,SKULLS  STICKERS,2,2010-03-05 15:02:00,0.85,,United Kingdom,1.7,2010
491043,22057,CERAMIC PLATE STRAWBERRY DESIGN,1,2009-12-09 09:51:00,3.43,,United Kingdom,3.43,2009
523792,22588,CARD HOLDER GINGHAM HEART,1,2010-09-24 11:34:00,2.55,14994.0,United Kingdom,2.55,2010
513972,22167,"WALL MIRROR , DIAMANTE OVAL SHAPE",1,2010-06-29 16:13:00,9.95,15532.0,United Kingdom,9.95,2010
556009,23078,ICE CREAM PEN LIP GLOSS ,24,2011-06-08 11:37:00,1.25,18221.0,United Kingdom,30.0,2011
525102,22554,PLASTERS IN TIN WOODLAND ANIMALS,12,2010-10-04 10:03:00,1.65,16652.0,United Kingdom,19.799999999999997,2010
533065,22740,POLKADOT PEN,2,2010-11-15 17:04:00,1.66,,United Kingdom,3.32,2010
524094,22295,HEART FILIGREE DOVE LARGE,24,2010-09-27 12:06:00,1.65,17677.0,United Kingdom,39.599999999999994,2010
541417,22507,MEMO BOARD RETROSPOT  DESIGN,2,2011-01-17 16:23:00,4.95,16033.0,United Kingdom,9.9,2011
498205,22385,JUMBO BAG SPACEBOY DESIGN,10,2010-02-17 13:10:00,1.95,14276.0,United Kingdom,19.5,2010
506388,20773,BLUE PAISLEY NOTEBOOK,2,2010-04-29 12:51:00,1.65,16383.0,United Kingdom,3.3,2010
576514,85123A,WHITE HANGING HEART T-LIGHT HOLDER,6,2011-11-15 12:13:00,2.95,13950.0,United Kingdom,17.700000000000003,2011
575051,23121,PACK OF 6 COCKTAIL PARASOL STRAWS,2,2011-11-08 12:14:00,0.42,15957.0,United Kingdom,0.84,2011
529532,22581,WOOD STOCKING CHRISTMAS SCANDISPOT,12,2010-10-28 16:25:00,0.85,14294.0,United Kingdom,10.2,2010
563259,72802B,OCEAN SCENT CANDLE IN JEWELLED BOX,6,2011-08-15 12:19:00,4.25,17958.0,United Kingdom,25.5,2011
550331,22385,JUMBO BAG SPACEBOY DESIGN,1,2011-04-17 13:43:00,2.08,15555.0,United Kingdom,2.08,2011
494144,21993,FLORAL FOLK STATIONERY SET,5,2010-01-11 14:35:00,2.51,,United Kingdom,12.549999999999999,2010
504093,22178,VICTORIAN GLASS HANGING T-LIGHT,12,2010-04-09 13:07:00,1.25,13080.0,United Kingdom,15.0,2010
504098,21175,GIN + TONIC DIET METAL SIGN,12,2010-04-09 14:26:00,2.1,15331.0,United Kingdom,25.200000000000003,2010
520344,22120,WELCOME  WOODEN BLOCK LETTERS,1,2010-08-25 13:05:00,9.95,13680.0,United Kingdom,9.95,2010
504910,71053,WHITE METAL LANTERN,12,2010-04-19 09:35:00,3.39,17850.0,United Kingdom,40.68,2010
572553,22580,ADVENT CALENDAR GINGHAM SACK,4,2011-10-24 17:09:00,4.13,,United Kingdom,16.52,2011
537440,22727,ALARM CLOCK BAKELIKE RED ,1,2010-12-06 17:16:00,3.75,17869.0,United Kingdom,3.75,2010
556408,21703,BAG 125g SWIRLY MARBLES,2,2011-06-10 11:54:00,0.42,13533.0,United Kingdom,0.84,2011
524351,21620,SET OF 4 ROSE BOTANICAL CANDLES,1,2010-09-28 16:25:00,3.75,13554.0,United Kingdom,3.75,2010
560451,21373,MIRRORED WALL ART SNOWFLAKES,12,2011-07-19 09:50:00,0.75,14911.0,EIRE,9.0,2011
500324,22366,DOOR MAT AIRMAIL ,1,2010-03-07 12:10:00,7.49,15443.0,United Kingdom,7.49,2010
499771,21042,RED SPOTTY APRON ,1,2010-03-02 13:28:00,5.95,18283.0,United Kingdom,5.95,2010
533375,21791,VINTAGE HEADS AND TAILS CARD GAME ,24,2010-11-17 10:39:00,1.25,14049.0,United Kingdom,30.0,2010
559894,23206,LUNCH BAG APPLE DESIGN,4,2011-07-13 12:06:00,1.65,14159.0,United Kingdom,6.6,2011
558774,23306,SET OF 36 DOILIES PANTRY DESIGN,1,2011-07-04 10:17:00,2.92,,United Kingdom,2.92,2011
557968,21669,BLUE STRIPE CERAMIC DRAWER KNOB,12,2011-06-24 09:43:00,1.25,17061.0,United Kingdom,15.0,2011
516993,37503,TEA TIME CAKE STAND IN GIFT BOX,1,2010-07-26 11:05:00,10.75,15493.0,United Kingdom,10.75,2010
514545,84665,SQUARE CHERRY BLOSSOM CABINET,4,2010-07-05 10:50:00,5.95,17850.0,United Kingdom,23.8,2010
527155,22530,MAGIC DRAWING SLATE DOLLY GIRL ,4,2010-10-15 11:22:00,0.85,,United Kingdom,3.4,2010
567666,22476,EMPIRE UNION JACK TV DINNER TRAY,3,2011-09-21 15:23:00,4.95,12520.0,Germany,14.850000000000001,2011
574958,84988,SET OF 72 PINK HEART PAPER DOILIES,12,2011-11-08 10:00:00,1.45,14050.0,United Kingdom,17.4,2011
553199,15044B,BLUE PAPER PARASOL ,1,2011-05-15 15:13:00,2.95,17758.0,United Kingdom,2.95,2011
540550,22629,SPACEBOY LUNCH BOX ,12,2011-01-10 09:11:00,1.95,12539.0,Spain,23.4,2011
547077,21080,SET/20 RED RETROSPOT PAPER NAPKINS ,20,2011-03-20 14:38:00,0.85,12843.0,United Kingdom,17.0,2011
560035,82482,WOODEN PICTURE FRAME WHITE FINISH,6,2011-07-14 13:41:00,2.55,17706.0,United Kingdom,15.299999999999999,2011
534697,22737,RIBBON REEL CHRISTMAS PRESENT ,10,2010-11-23 15:55:00,1.65,17700.0,United Kingdom,16.5,2010
546753,85049F,BABY BOOM RIBBONS ,3,2011-03-16 13:00:00,1.25,16383.0,United Kingdom,3.75,2011
501767,47556B,TEA TIME TEA TOWELS ,9,2010-03-19 11:39:00,2.95,16335.0,United Kingdom,26.55,2010
580520,21401,BLUE PUDDING SPOON,5,2011-12-04 14:55:00,0.12,13521.0,United Kingdom,0.6,2011
567668,22437,SET OF 9 BLACK SKULL BALLOONS,2,2011-09-21 15:29:00,1.63,,United Kingdom,3.26,2011
573500,23501,KEY RING BASEBALL BOOT UNION JACK,14,2011-10-31 12:01:00,1.25,16931.0,United Kingdom,17.5,2011
562950,84945,MULTI COLOUR SILVER T-LIGHT HOLDER,12,2011-08-11 09:56:00,0.85,15608.0,United Kingdom,10.2,2011
563557,21972,SET OF 36 DINOSAUR PAPER DOILIES,12,2011-08-17 13:33:00,1.45,15786.0,United Kingdom,17.4,2011
572853,22744,MAKE YOUR OWN MONSOON CARD KIT,6,2011-10-26 12:28:00,2.95,17712.0,United Kingdom,17.700000000000003,2011
568675,22661,CHARLOTTE BAG DOLLY GIRL DESIGN,30,2011-09-28 13:32:00,0.72,14298.0,United Kingdom,21.599999999999998,2011
540646,21063,PARTY INVITES JAZZ HEARTS,1,2011-01-10 14:32:00,1.66,,United Kingdom,1.66,2011
509322,84970S,HANGING HEART ZINC T-LIGHT HOLDER,12,2010-05-21 12:11:00,0.85,15260.0,United Kingdom,10.2,2010
493955,22348,TEA BAG PLATE RED SPOTTY ,12,2010-01-08 14:12:00,0.85,14016.0,EIRE,10.2,2010
533986,35965,FOLKART HEART NAPKIN RINGS,4,2010-11-19 13:52:00,2.95,18036.0,United Kingdom,11.8,2010
509415,21541,DINOSAURS WATER TRANSFER TATTOOS ,1,2010-05-23 12:46:00,0.85,14010.0,United Kingdom,0.85,2010
498485,84884a,ANT WHITE WIRE HEART SPIRAL,1,2010-02-19 10:49:00,8.47,,United Kingdom,8.47,2010
558103,22726,ALARM CLOCK BAKELIKE GREEN,8,2011-06-26 14:08:00,3.75,13767.0,United Kingdom,30.0,2011
576087,20712,JUMBO BAG WOODLAND ANIMALS,10,2011-11-14 08:31:00,2.08,12689.0,France,20.8,2011
495443,85185C,COW  SOCK PUPPET,1,2010-01-25 11:53:00,2.95,,United Kingdom,2.95,2010
567922,22278,OVERNIGHT BAG VINTAGE ROSE PAISLEY,3,2011-09-22 17:24:00,4.95,13279.0,United Kingdom,14.850000000000001,2011
505791,21755,LOVE BUILDING BLOCK WORD,1,2010-04-26 11:07:00,5.95,16335.0,United Kingdom,5.95,2010
579097,22910,PAPER CHAIN KIT VINTAGE CHRISTMAS,40,2011-11-28 11:11:00,2.55,13758.0,United Kingdom,102.0,2011
566928,23025,DRAWER KNOB VINTAGE GLASS BALL,6,2011-09-15 15:21:00,2.08,16189.0,United Kingdom,12.48,2011
556881,85066,CREAM SWEETHEART MINI CHEST,6,2011-06-15 12:15:00,10.95,17389.0,United Kingdom,65.69999999999999,2011
500118,21874,GIN AND TONIC MUG,2,2010-03-04 13:39:00,1.25,14680.0,United Kingdom,2.5,2010
556195,20726,LUNCH BAG WOODLAND,10,2011-06-09 12:21:00,1.65,16745.0,United Kingdom,16.5,2011
502497,22569,FELTCRAFT CUSHION BUTTERFLY,1,2010-03-25 10:46:00,3.75,,United Kingdom,3.75,2010
505571,22363,GLASS JAR MARMALADE ,1,2010-04-23 11:28:00,2.95,16661.0,United Kingdom,2.95,2010
503333,21916,SET 12 RETRO WHITE CHALK STICKS,24,2010-03-31 12:21:00,0.42,16133.0,United Kingdom,10.08,2010
493264,35793,S/3 PUPPIES CHRISTMAS DECORATIONS,1,2009-12-22 15:04:00,6.04,,United Kingdom,6.04,2009
571629,23503,PLAYING CARDS KEEP CALM & CARRY ON,12,2011-10-18 11:18:00,1.25,13362.0,United Kingdom,15.0,2011
541696,22135,MINI LADLE LOVE HEART PINK,2,2011-01-20 18:08:00,0.42,,United Kingdom,0.84,2011
530785,84997D,PINK 3 PIECE POLKADOT CUTLERY SET,6,2010-11-04 12:09:00,3.75,17702.0,United Kingdom,22.5,2010
572552,22371,AIRLINE BAG VINTAGE TOKYO 78,1,2011-10-24 17:07:00,8.29,14096.0,United Kingdom,8.29,2011
557892,23078,ICE CREAM PEN LIP GLOSS ,24,2011-06-23 14:11:00,1.25,14534.0,United Kingdom,30.0,2011
524270,22424,ENAMEL BREAD BIN CREAM,1,2010-09-28 11:50:00,12.75,16269.0,United Kingdom,12.75,2010
493980,21717,EASTER TIN BUCKET,64,2010-01-10 11:59:00,2.1,13410.0,United Kingdom,134.4,2010
575339,23307,SET OF 60 PANTRY DESIGN CAKE CASES ,1,2011-11-09 14:29:00,0.55,15555.0,United Kingdom,0.55,2011
493974,22367,CHILDS APRON SPACEBOY DESIGN,6,2010-01-10 11:12:00,1.95,16787.0,United Kingdom,11.7,2010
560872,22897,OVEN MITT APPLES DESIGN,10,2011-07-21 14:41:00,1.45,14745.0,United Kingdom,14.5,2011
569487,23530,WALL ART ONLY ONE PERSON ,6,2011-10-04 12:55:00,4.95,13351.0,United Kingdom,29.700000000000003,2011
530264,22741,FUNKY DIVA PEN,48,2010-11-02 11:37:00,0.85,14206.0,United Kingdom,40.8,2010
572459,84581,DOG TOY WITH PINK CROCHET SKIRT,4,2011-10-24 12:53:00,3.75,14911.0,EIRE,15.0,2011
543604,22189,CREAM HEART CARD HOLDER,4,2011-02-10 13:54:00,3.95,16558.0,United Kingdom,15.8,2011
507235,18094C,WHITE AND BLUE CERAMIC OIL BURNER,12,2010-05-07 09:04:00,0.85,14298.0,United Kingdom,10.2,2010
527415,22358,KINGS CHOICE TEA CADDY ,1,2010-10-17 15:21:00,2.95,16421.0,United Kingdom,2.95,2010
569653,84997C,CHILDRENS CUTLERY POLKADOT BLUE,8,2011-10-05 12:52:00,4.15,12451.0,Switzerland,33.2,2011
500323,22275,WEEKEND BAG VINTAGE ROSE PAISLEY,2,2010-03-07 12:09:00,8.5,13958.0,United Kingdom,17.0,2010
489593,21490,SET OF THREE 50'S GIFT WRAPS ,4,2009-12-01 14:19:00,1.95,12836.0,United Kingdom,7.8,2009
535998,22112,CHOCOLATE HOT WATER BOTTLE,12,2010-11-29 13:59:00,4.95,16923.0,United Kingdom,59.400000000000006,2010
504313,22605,WOODEN CROQUET GARDEN SET,4,2010-04-12 14:39:00,10.95,,EIRE,43.8,2010
578278,23452,HEART MINI PORTRAIT FRAME,12,2011-11-23 13:51:00,1.95,12748.0,United Kingdom,23.4,2011
537707,22064,PINK DOUGHNUT TRINKET POT ,12,2010-12-08 10:53:00,1.65,14032.0,United Kingdom,19.799999999999997,2010
545215,85152,HAND OVER THE CHOCOLATE   SIGN ,1,2011-02-28 16:47:00,4.13,,United Kingdom,4.13,2011
516629,22423,REGENCY CAKESTAND 3 TIER,8,2010-07-22 10:09:00,12.75,16736.0,United Kingdom,102.0,2010
574575,23013,GLASS APOTHECARY BOTTLE TONIC,2,2011-11-04 17:03:00,3.95,14971.0,United Kingdom,7.9,2011
559506,20828,GLITTER BUTTERFLY CLIPS,2,2011-07-08 15:17:00,4.96,,United Kingdom,9.92,2011
537653,84763,ZINC FINISH 15CM PLANTER POTS,10,2010-12-07 15:54:00,1.25,17897.0,United Kingdom,12.5,2010
554103,82484,WOOD BLACK BOARD ANT WHITE FINISH,2,2011-05-22 13:51:00,7.95,15555.0,United Kingdom,15.9,2011
528084,72807A,SET/3 ROSE CANDLE IN JEWELLED BOX,1,2010-10-20 13:00:00,4.25,16898.0,United Kingdom,4.25,2010
540946,22510,GINGHAM BABUSHKA DOORSTOP,8,2011-01-12 12:43:00,1.25,12359.0,Cyprus,10.0,2011
521369,22153,ANGEL DECORATION STARS ON DRESS,10,2010-09-05 11:14:00,0.42,16085.0,United Kingdom,4.2,2010
541128,21897,POTTING SHED CANDLE CITRONELLA,3,2011-01-14 10:12:00,5.79,,United Kingdom,17.37,2011
524164,22178,VICTORIAN GLASS HANGING T-LIGHT,12,2010-09-27 16:20:00,1.25,15051.0,United Kingdom,15.0,2010
503536,22523,CHILDS GARDEN FORK PINK,3,2010-04-01 13:54:00,0.85,15023.0,United Kingdom,2.55,2010
519597,21930,JUMBO STORAGE BAG SKULLS,3,2010-08-18 15:24:00,1.95,,United Kingdom,5.85,2010
569556,21929,JUMBO BAG PINK VINTAGE PAISLEY,10,2011-10-05 08:50:00,2.08,14936.0,Channel Islands,20.8,2011
561222,22026,BANQUET BIRTHDAY  CARD  ,12,2011-07-26 09:27:00,0.42,13588.0,United Kingdom,5.04,2011
517542,22208,WOOD STAMP SET THANK YOU,1,2010-07-29 16:35:00,1.65,15021.0,United Kingdom,1.65,2010
560098,21903,MAN FLU METAL SIGN,2,2011-07-14 17:44:00,2.1,16907.0,United Kingdom,4.2,2011
553390,23145,ZINC T-LIGHT HOLDER STAR LARGE,3,2011-05-16 16:41:00,0.95,17841.0,United Kingdom,2.8499999999999996,2011
499239,21741,COSY SLIPPER SHOES LARGE GREEN,1,2010-02-25 13:23:00,2.95,17200.0,United Kingdom,2.95,2010
560285,84988,SET OF 72 PINK HEART PAPER DOILIES,12,2011-07-18 09:21:00,1.45,14944.0,United Kingdom,17.4,2011
494019,20714,POSY SHOPPER BAG,2,2010-01-11 09:38:00,0.87,,United Kingdom,1.74,2010
512937,20771,CHRYSANTHEMUM  JOURNAL,2,2010-06-20 13:28:00,2.55,13634.0,United Kingdom,5.1,2010
580396,23393,HOME SWEET HOME CUSHION COVER ,1,2011-12-04 11:00:00,3.75,13838.0,United Kingdom,3.75,2011
531382,22867,HAND WARMER BIRD DESIGN,5,2010-11-07 16:29:00,2.1,16549.0,United Kingdom,10.5,2010
568060,85039B,S/4 IVORY MINI ROSE CANDLE IN BOWL,3,2011-09-23 13:11:00,1.65,14546.0,United Kingdom,4.949999999999999,2011
500616,21747,SMALL SKULL WINDMILL,12,2010-03-09 10:45:00,1.25,15437.0,United Kingdom,15.0,2010
538177,21846,PINK DIAMANTE PEN IN GIFT BOX,3,2010-12-10 09:51:00,4.21,,United Kingdom,12.629999999999999,2010
521570,20713,JUMBO BAG OWLS,20,2010-09-07 11:43:00,1.95,15039.0,United Kingdom,39.0,2010
578532,23409,PHOTO FRAME LINEN AND LACE LARGE,6,2011-11-24 14:40:00,3.75,18130.0,United Kingdom,22.5,2011
509014,71477,COLOUR GLASS. STAR T-LIGHT HOLDER,4,2010-05-19 13:36:00,3.25,15570.0,United Kingdom,13.0,2010
524100,20754,RETROSPOT RED WASHING UP GLOVES,1,2010-09-27 12:31:00,2.1,16330.0,United Kingdom,2.1,2010
563569,85014B,RED RETROSPOT UMBRELLA,3,2011-08-17 14:47:00,5.95,18257.0,United Kingdom,17.85,2011
530589,84879,ASSORTED COLOUR BIRD ORNAMENT,8,2010-11-03 14:55:00,1.69,17126.0,United Kingdom,13.52,2010
494660,85123A,WHITE HANGING HEART T-LIGHT HOLDER,2,2010-01-17 13:55:00,2.95,13831.0,United Kingdom,5.9,2010
501552,15056BL,EDWARDIAN PARASOL BLACK,2,2010-03-17 15:37:00,5.95,14249.0,United Kingdom,11.9,2010
577768,21003,ROSE DU SUD CUSHION COVER,3,2011-11-21 15:18:00,5.79,,United Kingdom,17.37,2011
527965,22645,CERAMIC HEART FAIRY CAKE MONEY BANK,12,2010-10-20 09:46:00,1.45,17865.0,United Kingdom,17.4,2010
526638,22907,PACK OF 20 NAPKINS PANTRY DESIGN,3,2010-10-12 13:19:00,1.66,,United Kingdom,4.9799999999999995,2010
559162,84584,PINK GINGHAM CAT WITH SCARF,2,2011-07-06 16:29:00,1.63,,United Kingdom,3.26,2011
555278,20977,36 PENCILS TUBE WOODLAND,1,2011-06-01 17:33:00,2.46,,United Kingdom,2.46,2011
523750,22738,RIBBON REEL SNOWY VILLAGE,10,2010-09-23 19:27:00,1.65,16497.0,United Kingdom,16.5,2010
492369,22111,SCOTTIE DOG HOT WATER BOTTLE,3,2009-12-16 14:09:00,4.95,16195.0,United Kingdom,14.850000000000001,2009
554028,22427,ENAMEL FLOWER JUG CREAM,6,2011-05-20 13:43:00,5.95,15410.0,United Kingdom,35.7,2011
536156,20726,LUNCH BAG WOODLAND,8,2010-11-30 11:51:00,5.06,,United Kingdom,40.48,2010
564303,23177,TREASURE ISLAND BOOK BOX,8,2011-08-24 12:04:00,2.25,16042.0,United Kingdom,18.0,2011
534879,84880,WHITE WIRE EGG HOLDER,3,2010-11-24 14:40:00,5.95,16489.0,United Kingdom,17.85,2010
529297,84947,ANTIQUE SILVER TEA GLASS ENGRAVED,18,2010-10-27 12:26:00,1.25,16433.0,United Kingdom,22.5,2010
555855,84997A,CHILDRENS CUTLERY POLKADOT GREEN ,2,2011-06-07 13:56:00,4.15,15311.0,United Kingdom,8.3,2011
563917,22993,SET OF 4 PANTRY JELLY MOULDS,2,2011-08-21 13:46:00,1.25,14572.0,United Kingdom,2.5,2011
516789,22690,DOORMAT HOME SWEET HOME BLUE ,2,2010-07-23 10:20:00,7.49,15623.0,United Kingdom,14.98,2010
577495,21034,REX CASH+CARRY JUMBO SHOPPER,1,2011-11-20 12:20:00,0.95,14704.0,United Kingdom,0.95,2011
532667,20718,RED RETROSPOT SHOPPER BAG,1,2010-11-14 11:41:00,1.25,16121.0,United Kingdom,1.25,2010
512091,22411,JUMBO SHOPPER VINTAGE RED PAISLEY,10,2010-06-13 12:54:00,1.95,12747.0,United Kingdom,19.5,2010
552315,23208,LUNCH BAG VINTAGE LEAF DESIGN,10,2011-05-08 16:10:00,1.65,12700.0,France,16.5,2011
533063,85064,CREAM SWEETHEART LETTER RACK,4,2010-11-15 16:56:00,5.45,16407.0,United Kingdom,21.8,2010
539437,84568,GIRLS ALPHABET IRON ON PATCHES ,29,2010-12-17 14:54:00,0.43,,United Kingdom,12.47,2010
542192,84380,SET OF 3 BUTTERFLY COOKIE CUTTERS,3,2011-01-26 11:27:00,1.25,14049.0,United Kingdom,3.75,2011
518115,22040,BOTANICAL ROSE GIFT WRAP,25,2010-08-04 14:41:00,0.42,12748.0,United Kingdom,10.5,2010
528156,21352,EUCALYPTUS & PINECONE  WREATH,1,2010-10-20 17:12:00,6.75,17817.0,United Kingdom,6.75,2010
526494,22662,LUNCH BAG DOLLY GIRL DESIGN,10,2010-10-12 09:31:00,1.65,17735.0,United Kingdom,16.5,2010
530589,21805,WHITE CHRISTMAS TREE DECORATION ,5,2010-11-03 14:55:00,0.42,17126.0,United Kingdom,2.1,2010
571965,21239,PINK  POLKADOT CUP,4,2011-10-20 10:41:00,0.85,17238.0,United Kingdom,3.4,2011
542255,22227,HANGING HEART MIRROR DECORATION ,1,2011-01-26 16:43:00,1.25,,United Kingdom,1.25,2011
574059,23478,WOODLAND LARGE PINK FELT HEART,1,2011-11-02 14:13:00,1.25,14646.0,Netherlands,1.25,2011
567665,85199S,SMALL HANGING IVORY/RED WOOD BIRD,1,2011-09-21 15:22:00,0.83,,United Kingdom,0.83,2011
561651,21992,VINTAGE PAISLEY STATIONERY SET,3,2011-07-28 15:36:00,2.46,,United Kingdom,7.38,2011
544692,22704,WRAP RED APPLES ,25,2011-02-23 09:14:00,0.42,17499.0,United Kingdom,10.5,2011
524087,90104,PURPLE FRANGIPANI HAIRCLIP,1,2010-09-27 11:41:00,0.83,,United Kingdom,0.83,2010
573085,23460,SWEETHEART WALL TIDY ,2,2011-10-27 14:27:00,9.95,14441.0,United Kingdom,19.9,2011
493577,20993,JAZZ HEARTS MEMO PAD,48,2010-01-05 11:16:00,0.19,13557.0,United Kingdom,9.120000000000001,2010
580611,84558A,3D DOG PICTURE PLAYING CARDS,1,2011-12-05 11:49:00,2.95,12748.0,United Kingdom,2.95,2011
524348,85049H,URBAN BLACK RIBBONS ,24,2010-09-28 16:18:00,0.42,18215.0,United Kingdom,10.08,2010
542121,22413,METAL SIGN TAKE IT OR LEAVE IT ,2,2011-01-25 14:33:00,2.95,17515.0,United Kingdom,5.9,2011
546983,21693,SMALL HAMMERED SILVER CANDLEPOT ,6,2011-03-18 12:27:00,2.95,16626.0,United Kingdom,17.700000000000003,2011
494381,21380,WOODEN HAPPY BIRTHDAY GARLAND,1,2010-01-13 17:44:00,5.91,,United Kingdom,5.91,2010
578827,22701,PINK DOG BOWL,1,2011-11-25 14:25:00,2.46,,United Kingdom,2.46,2011
574941,22114,HOT WATER BOTTLE TEA AND SYMPATHY,57,2011-11-07 17:42:00,9.95,,United Kingdom,567.15,2011
568188,21993,FLORAL FOLK STATIONERY SET,3,2011-09-25 14:33:00,1.25,16049.0,United Kingdom,3.75,2011
565312,23355,HOT WATER BOTTLE KEEP CALM,2,2011-09-02 12:37:00,4.95,14527.0,United Kingdom,9.9,2011
518428,20979,36 PENCILS TUBE RED SPOTTY,16,2010-08-09 10:33:00,1.25,12458.0,Switzerland,20.0,2010
550334,21754,HOME BUILDING BLOCK WORD,6,2011-04-17 14:09:00,5.95,17320.0,United Kingdom,35.7,2011
581414,22096,PINK PAISLEY SQUARE TISSUE BOX ,1,2011-12-08 14:39:00,0.39,14730.0,United Kingdom,0.39,2011
494381,84750B,BLACK SMALL GLASS CAKE STAND,1,2010-01-13 17:44:00,4.21,,United Kingdom,4.21,2010
521795,48194,DOORMAT HEARTS,1,2010-09-08 13:57:00,14.43,,United Kingdom,14.43,2010
549943,84951B,SET OF 4 BLACK LOVEBIRD COASTERS,2,2011-04-13 12:09:00,0.79,13544.0,United Kingdom,1.58,2011
509750,71279,PINK GLASS CANDLEHOLDER,1,2010-05-25 14:05:00,5.91,,United Kingdom,5.91,2010
577341,23493,VINTAGE DOILY TRAVEL SEWING KIT,10,2011-11-18 15:00:00,1.95,16279.0,United Kingdom,19.5,2011
537683,21122,SET/10 PINK POLKADOT PARTY CANDLES,24,2010-12-08 10:14:00,1.25,12921.0,United Kingdom,30.0,2010
566018,22211,WOOD STAMP SET FLOWERS,1,2011-09-08 12:42:00,0.83,13137.0,United Kingdom,0.83,2011
577026,84347,ROTATING SILVER ANGELS T-LIGHT HLDR,12,2011-11-17 12:55:00,2.55,17237.0,United Kingdom,30.599999999999998,2011
576618,22983,CARD BILLBOARD FONT,1,2011-11-15 17:00:00,0.83,,United Kingdom,0.83,2011
507374,21864,UNION JACK FLAG PASSPORT COVER ,3,2010-05-09 11:13:00,2.1,17920.0,United Kingdom,6.300000000000001,2010
526665,84991,60 TEATIME FAIRY CAKE CASES,24,2010-10-12 15:20:00,0.55,17428.0,United Kingdom,13.200000000000001,2010
490323,21974,SET OF 36 PAISLEY FLOWER DOILIES,1,2009-12-04 15:27:00,1.45,14087.0,United Kingdom,1.45,2009
564752,23126,FELTCRAFT GIRL AMELIE KIT,16,2011-08-30 10:07:00,4.95,16126.0,United Kingdom,79.2,2011
524326,22112,CHOCOLATE HOT WATER BOTTLE,3,2010-09-28 14:59:00,4.95,16992.0,United Kingdom,14.850000000000001,2010
517238,22379,RECYCLING BAG RETROSPOT ,1,2010-07-27 14:04:00,2.1,17841.0,United Kingdom,2.1,2010
576019,22966,GINGERBREAD MAN COOKIE CUTTER,12,2011-11-13 14:31:00,1.25,12865.0,Austria,15.0,2011
545526,22349,DOG BOWL CHASING BALL DESIGN,6,2011-03-03 13:14:00,3.75,17789.0,United Kingdom,22.5,2011
490073,85123A,WHITE HANGING HEART T-LIGHT HOLDER,32,2009-12-03 14:36:00,2.55,14905.0,United Kingdom,81.6,2009
512121,84991,60 TEATIME FAIRY CAKE CASES,24,2010-06-13 15:52:00,0.55,16647.0,United Kingdom,13.200000000000001,2010
505838,85226C,BLUE PULL BACK RACING CAR,2,2010-04-26 11:25:00,0.55,17673.0,United Kingdom,1.1,2010
491178,22023,EMPIRE BIRTHDAY CARD,12,2009-12-10 11:55:00,0.42,14099.0,United Kingdom,5.04,2009
503671,15036,ASSORTED COLOURS SILK FAN,12,2010-04-06 12:14:00,0.75,16186.0,United Kingdom,9.0,2010
566922,23355,HOT WATER BOTTLE KEEP CALM,24,2011-09-15 14:58:00,4.15,16156.0,United Kingdom,99.60000000000001,2011
498060,22499,WOODEN UNION JACK BUNTING,2,2010-02-16 12:13:00,5.95,17287.0,United Kingdom,11.9,2010
504919,21523,DOOR MAT FANCY FONT HOME SWEET HOME,1,2010-04-19 10:40:00,13.57,,United Kingdom,13.57,2010
517745,21136,PAINTED METAL PEARS ASSORTED,16,2010-08-02 08:54:00,1.69,12747.0,United Kingdom,27.04,2010
550542,22191,IVORY DINER WALL CLOCK,1,2011-04-19 11:37:00,16.63,,United Kingdom,16.63,2011
533131,22797,CHEST OF DRAWERS GINGHAM HEART ,2,2010-11-16 12:49:00,16.95,15235.0,United Kingdom,33.9,2010
577768,23368,SET 12 COLOUR PENCILS DOLLY GIRL ,2,2011-11-21 15:18:00,1.25,,United Kingdom,2.5,2011
572219,23439,HAND WARMER RED LOVE HEART,3,2011-10-21 13:17:00,2.1,17463.0,United Kingdom,6.300000000000001,2011
505996,90096,NECKLACE+BRACELET SET BLUE BLOSSOM,3,2010-04-27 10:48:00,2.55,17348.0,United Kingdom,7.6499999999999995,2010
564346,21078,SET/20 STRAWBERRY PAPER NAPKINS ,4,2011-08-24 14:54:00,0.85,15727.0,United Kingdom,3.4,2011
506100,21340,CLASSIC METAL BIRDCAGE PLANT HOLDER,2,2010-04-27 13:06:00,12.75,16749.0,United Kingdom,25.5,2010
554960,22456,NATURAL SLATE CHALKBOARD LARGE ,1,2011-05-27 15:18:00,9.96,,United Kingdom,9.96,2011
494662,22149,FELTCRAFT 6 FLOWER FRIENDS,6,2010-01-17 14:10:00,2.1,13004.0,United Kingdom,12.600000000000001,2010
494386,84596L,BISCUITS SMALL BOWL LIGHT BLUE,1,2010-01-14 09:41:00,1.66,,United Kingdom,1.66,2010
572509,22727,ALARM CLOCK BAKELIKE RED ,2,2011-10-24 14:25:00,3.75,17004.0,United Kingdom,7.5,2011
558099,22156,HEART DECORATION WITH PEARLS ,24,2011-06-26 13:45:00,0.85,17593.0,United Kingdom,20.4,2011
559515,22386,JUMBO BAG PINK POLKADOT,1,2011-07-08 15:58:00,4.13,,United Kingdom,4.13,2011
519343,85017B,ENVELOPE 50 BLOSSOM IMAGES,12,2010-08-16 12:12:00,0.85,12687.0,Sweden,10.2,2010
507150,47581B,FAIRY CAKE WICKER PICNIC BASKET ,1,2010-05-06 13:13:00,12.75,13175.0,United Kingdom,12.75,2010
536762,20974,12 PENCILS SMALL TUBE SKULL,24,2010-12-02 14:40:00,0.65,16186.0,United Kingdom,15.600000000000001,2010
532599,22785,SQUARECUSHION COVER PINK UNION FLAG,2,2010-11-12 14:55:00,6.75,13576.0,United Kingdom,13.5,2010
517252,22664,TOY TIDY DOLLY GIRL DESIGN,1,2010-07-27 15:32:00,2.1,12637.0,France,2.1,2010
559051,21972,SET OF 36 DINOSAUR PAPER DOILIES,1,2011-07-05 16:47:00,1.25,,United Kingdom,1.25,2011
536989,22150,3 STRIPEY MICE FELTCRAFT,1,2010-12-03 15:10:00,1.95,17238.0,United Kingdom,1.95,2010
556791,23032,DRAWER KNOB CRACKLE GLAZE IVORY,3,2011-06-14 13:51:00,1.65,16928.0,United Kingdom,4.949999999999999,2011
520425,84596B,SMALL DOLLY MIX DESIGN ORANGE BOWL,8,2010-08-26 10:40:00,1.25,14236.0,United Kingdom,10.0,2010
534412,21889,WOODEN BOX OF DOMINOES,4,2010-11-22 14:44:00,1.25,17757.0,United Kingdom,5.0,2010
574890,22041,"RECORD FRAME 7"" SINGLE SIZE ",48,2011-11-07 14:23:00,2.1,18229.0,United Kingdom,100.80000000000001,2011
510035,21239,PINK  SPOTTY CUP,8,2010-05-26 15:30:00,0.85,17157.0,United Kingdom,6.8,2010
579301,22138,BAKING SET 9 PIECE RETROSPOT ,1,2011-11-29 11:32:00,4.95,18118.0,United Kingdom,4.95,2011
516963,21987,PACK OF 6 SKULL PAPER CUPS,12,2010-07-26 09:07:00,0.65,13001.0,United Kingdom,7.800000000000001,2010
527774,22526,WHEELBARROW FOR CHILDREN ,1,2010-10-19 10:41:00,12.75,12982.0,United Kingdom,12.75,2010
490963,21642,ASSORTED TUTTI FRUTTI PEN,8,2009-12-08 15:49:00,1.7,,United Kingdom,13.6,2009
558389,23091,ZINC HERB GARDEN CONTAINER,3,2011-06-29 10:18:00,6.25,14383.0,United Kingdom,18.75,2011
522117,21931,JUMBO STORAGE BAG SUKI,4,2010-09-12 16:17:00,1.95,15800.0,United Kingdom,7.8,2010
538169,82484,WOOD BLACK BOARD ANT WHITE FINISH,2,2010-12-09 19:28:00,6.45,13230.0,United Kingdom,12.9,2010
566258,22400,MAGNETS PACK OF 4 HOME SWEET HOME,10,2011-09-11 12:45:00,0.39,13124.0,United Kingdom,3.9000000000000004,2011
546896,37479P,CUBIC MUG FLOCK PINK ON BROWN,1,2011-03-17 18:24:00,5.79,,United Kingdom,5.79,2011
498736,21868,POTTING SHED TEA MUG,3,2010-02-22 16:04:00,1.25,12748.0,United Kingdom,3.75,2010
507604,20676,RED SPOTTY BOWL,4,2010-05-10 13:43:00,2.51,,United Kingdom,10.04,2010
554382,84997B,CHILDRENS CUTLERY RETROSPOT RED ,3,2011-05-24 11:55:00,4.15,17365.0,United Kingdom,12.450000000000001,2011
556504,23306,SET OF 36 DOILIES PANTRY DESIGN,12,2011-06-13 08:47:00,1.45,13936.0,United Kingdom,17.4,2011
559536,22371,AIRLINE BAG VINTAGE TOKYO 78,1,2011-07-10 12:17:00,4.25,16283.0,United Kingdom,4.25,2011
505168,84815,SET OF 3 DANISH ROSE PLANTERS,3,2010-04-20 12:48:00,4.25,14156.0,EIRE,12.75,2010
562553,23051,RECYCLED ACAPULCO MAT BLUE,1,2011-08-05 16:34:00,16.63,,United Kingdom,16.63,2011
557886,23202,JUMBO BAG VINTAGE LEAF,6,2011-06-23 13:39:00,2.08,17799.0,United Kingdom,12.48,2011
520318,21181,PLEASE ONE PERSON METAL SIGN,3,2010-08-25 11:52:00,2.1,17604.0,United Kingdom,6.300000000000001,2010
528745,10125,MINI FUNKY DESIGN TAPES,2,2010-10-24 14:35:00,0.85,14551.0,United Kingdom,1.7,2010
535802,22617,BAKING SET SPACEBOY DESIGN,1,2010-11-28 14:57:00,4.95,14030.0,United Kingdom,4.95,2010
538071,22147,FELTCRAFT BUTTERFLY HEARTS,1,2010-12-09 14:09:00,3.36,,United Kingdom,3.36,2010
581187,23439,HAND WARMER RED LOVE HEART,24,2011-12-07 16:44:00,2.1,13756.0,United Kingdom,50.400000000000006,2011
492745,20992,JAZZ HEARTS PURSE NOTEBOOK,48,2009-12-18 12:59:00,0.38,16600.0,United Kingdom,18.240000000000002,2009
547378,22698,PINK REGENCY TEACUP AND SAUCER,12,2011-03-22 14:56:00,2.95,14051.0,United Kingdom,35.400000000000006,2011
511435,37483,ENGLISH ROSE MUG IN GIFT BOX,122,2010-06-08 11:51:00,1.47,18102.0,United Kingdom,179.34,2010
542408,16237,SLEEPING CAT ERASERS,12,2011-01-27 16:29:00,0.21,13280.0,United Kingdom,2.52,2011
566818,23350,ROLL WRAP VINTAGE SPOT ,12,2011-09-15 11:20:00,1.25,13104.0,United Kingdom,15.0,2011
505018,20982,12 PENCILS TALL TUBE SKULLS,1,2010-04-19 14:08:00,0.85,15451.0,United Kingdom,0.85,2010
